order_id,date,region,product,qty,price,channel,customer_id
1,2026-06-01,East Region,Standard Plan,1,81.37,web,C00572
2,2026-06-01,East Region,Add-on Pack,1,63.99,partner,C01729
3,2026-06-01,East Region,Standard Plan,1,62.01,web,C02070
4,2026-06-01,East Region,Add-on Pack,1,61.92,partner,C02662
5,2026-06-01,East Region,Add-on Pack,1,76.02,mobile,C02414
6,2026-06-01,East Region,Pro Plan,1,83.22,web,C02860
7,2026-06-01,East Region,Pro Plan,1,70.45,web,C01379
8,2026-06-01,East Region,Standard Plan,1,63.72,mobile,C01409
9,2026-06-01,East Region,Add-on Pack,1,68.39,partner,C01882
10,2026-06-01,East Region,Add-on Pack,2,64.6,web,C02262
11,2026-06-01,East Region,Pro Plan,1,83.76,partner,C00788
12,2026-06-01,East Region,Add-on Pack,1,63.09,mobile,C00327
13,2026-06-01,East Region,Standard Plan,2,84.77,mobile,C01858
14,2026-06-01,East Region,Add-on Pack,1,83.89,mobile,C01456
15,2026-06-01,East Region,Standard Plan,1,79.43,partner,C02601
16,2026-06-01,East Region,Standard Plan,1,75.73,web,C01894
17,2026-06-01,East Region,Pro Plan,1,68.54,partner,C01329
18,2026-06-01,East Region,Standard Plan,1,67.43,mobile,C01644
19,2026-06-01,East Region,Pro Plan,1,63.0,web,C02685
20,2026-06-01,East Region,Pro Plan,2,71.96,web,C01085
21,2026-06-01,East Region,Standard Plan,1,67.91,partner,C02395
22,2026-06-01,East Region,Pro Plan,2,85.62,mobile,C00899
23,2026-06-01,East Region,Standard Plan,1,75.06,web,C00450
24,2026-06-01,East Region,Standard Plan,2,78.27,partner,C00261
25,2026-06-01,East Region,Pro Plan,2,71.58,partner,C01030
26,2026-06-01,East Region,Add-on Pack,1,84.61,partner,C02953
27,2026-06-01,East Region,Standard Plan,1,79.74,partner,C01394
28,2026-06-01,East Region,Standard Plan,1,69.18,mobile,C00014
29,2026-06-01,East Region,Add-on Pack,1,85.02,partner,C00732
30,2026-06-01,East Region,Add-on Pack,1,86.02,partner,C02080
31,2026-06-01,East Region,Add-on Pack,1,66.61,web,C02210
32,2026-06-01,East Region,Add-on Pack,1,86.18,mobile,C00080
33,2026-06-01,East Region,Standard Plan,1,86.47,web,C00238
34,2026-06-01,East Region,Standard Plan,1,85.08,web,C02998
35,2026-06-01,East Region,Pro Plan,1,83.4,web,C02703
36,2026-06-01,East Region,Pro Plan,1,86.95,mobile,C02162
37,2026-06-01,East Region,Add-on Pack,1,72.71,partner,C02990
38,2026-06-01,East Region,Add-on Pack,1,66.67,mobile,C02752
39,2026-06-01,East Region,Add-on Pack,2,71.36,web,C01016
40,2026-06-01,East Region,Standard Plan,1,62.94,partner,C02269
41,2026-06-02,East Region,Add-on Pack,1,67.19,partner,C02585
42,2026-06-02,East Region,Standard Plan,1,67.43,mobile,C00291
43,2026-06-02,East Region,Add-on Pack,2,67.67,web,C02209
44,2026-06-02,East Region,Standard Plan,2,80.88,web,C01938
45,2026-06-02,East Region,Pro Plan,1,66.38,partner,C01766
46,2026-06-02,East Region,Pro Plan,2,72.72,partner,C00222
47,2026-06-02,East Region,Add-on Pack,1,78.97,web,C01650
48,2026-06-02,East Region,Add-on Pack,1,70.43,web,C00785
49,2026-06-02,East Region,Standard Plan,1,75.79,mobile,C00752
50,2026-06-02,East Region,Pro Plan,1,73.78,mobile,C02255
51,2026-06-02,East Region,Standard Plan,1,62.58,web,C00969
52,2026-06-02,East Region,Standard Plan,2,72.25,web,C01643
53,2026-06-02,East Region,Standard Plan,1,65.68,mobile,C01087
54,2026-06-02,East Region,Pro Plan,2,68.96,web,C00778
55,2026-06-02,East Region,Pro Plan,1,67.12,partner,C02221
56,2026-06-02,East Region,Standard Plan,1,81.54,web,C02393
57,2026-06-02,East Region,Pro Plan,1,74.88,web,C02081
58,2026-06-02,East Region,Standard Plan,1,84.36,partner,C00279
59,2026-06-02,East Region,Add-on Pack,2,84.64,web,C02334
60,2026-06-02,East Region,Standard Plan,1,76.95,partner,C00336
61,2026-06-02,East Region,Pro Plan,1,79.08,mobile,C00837
62,2026-06-02,East Region,Add-on Pack,1,80.68,mobile,C01622
63,2026-06-02,East Region,Standard Plan,1,79.47,mobile,C01296
64,2026-06-02,East Region,Standard Plan,1,61.45,web,C02203
65,2026-06-02,East Region,Standard Plan,1,74.96,mobile,C00282
66,2026-06-02,East Region,Standard Plan,1,71.25,mobile,C02226
67,2026-06-02,East Region,Add-on Pack,1,69.43,partner,C02272
68,2026-06-02,East Region,Pro Plan,1,86.54,web,C01084
69,2026-06-02,East Region,Standard Plan,1,85.4,mobile,C01155
70,2026-06-02,East Region,Add-on Pack,1,66.93,web,C02816
71,2026-06-02,East Region,Add-on Pack,2,84.4,mobile,C00209
72,2026-06-02,East Region,Standard Plan,1,78.45,web,C00015
73,2026-06-02,East Region,Pro Plan,1,82.17,web,C01810
74,2026-06-02,East Region,Add-on Pack,1,80.39,web,C00309
75,2026-06-02,East Region,Add-on Pack,1,85.79,mobile,C02386
76,2026-06-02,East Region,Add-on Pack,1,65.23,web,C01263
77,2026-06-02,East Region,Pro Plan,1,85.65,mobile,C00861
78,2026-06-02,East Region,Add-on Pack,1,67.99,mobile,C02294
79,2026-06-02,East Region,Pro Plan,1,87.69,web,C00666
80,2026-06-02,East Region,Standard Plan,1,85.17,web,C01361
81,2026-06-02,East Region,Pro Plan,1,83.02,mobile,C00653
82,2026-06-03,East Region,Pro Plan,2,84.92,web,C00818
83,2026-06-03,East Region,Pro Plan,1,70.71,web,C00097
84,2026-06-03,East Region,Add-on Pack,1,66.45,mobile,C00285
85,2026-06-03,East Region,Pro Plan,2,70.75,partner,C02197
86,2026-06-03,East Region,Pro Plan,1,86.75,mobile,C00732
87,2026-06-03,East Region,Add-on Pack,1,87.38,web,C00445
88,2026-06-03,East Region,Add-on Pack,1,73.02,mobile,C02484
89,2026-06-03,East Region,Add-on Pack,1,64.35,mobile,C00182
90,2026-06-03,East Region,Add-on Pack,1,73.06,mobile,C01767
91,2026-06-03,East Region,Standard Plan,1,87.01,partner,C01286
92,2026-06-03,East Region,Add-on Pack,1,84.27,partner,C01267
93,2026-06-03,East Region,Add-on Pack,2,72.31,partner,C01212
94,2026-06-03,East Region,Add-on Pack,2,64.66,partner,C01553
95,2026-06-03,East Region,Add-on Pack,1,81.55,partner,C02332
96,2026-06-03,East Region,Pro Plan,1,72.25,mobile,C01176
97,2026-06-03,East Region,Standard Plan,1,72.89,mobile,C01810
98,2026-06-03,East Region,Pro Plan,2,79.58,partner,C00696
99,2026-06-03,East Region,Add-on Pack,1,63.51,web,C00963
100,2026-06-03,East Region,Add-on Pack,1,69.64,web,C00101
101,2026-06-03,East Region,Standard Plan,2,67.86,partner,C00299
102,2026-06-03,East Region,Pro Plan,1,72.47,partner,C02853
103,2026-06-03,East Region,Pro Plan,1,74.65,web,C02688
104,2026-06-03,East Region,Add-on Pack,1,61.35,mobile,C00897
105,2026-06-03,East Region,Standard Plan,2,83.07,web,C02284
106,2026-06-03,East Region,Standard Plan,1,86.16,mobile,C00547
107,2026-06-03,East Region,Pro Plan,1,79.36,mobile,C02510
108,2026-06-03,East Region,Add-on Pack,2,85.46,partner,C01827
109,2026-06-03,East Region,Standard Plan,2,81.43,mobile,C01062
110,2026-06-03,East Region,Standard Plan,1,84.04,partner,C01985
111,2026-06-03,East Region,Add-on Pack,2,67.71,web,C02923
112,2026-06-03,East Region,Pro Plan,1,67.58,mobile,C02213
113,2026-06-03,East Region,Standard Plan,1,64.96,mobile,C02843
114,2026-06-03,East Region,Standard Plan,1,80.41,mobile,C01670
115,2026-06-03,East Region,Pro Plan,2,75.96,web,C00848
116,2026-06-03,East Region,Pro Plan,1,71.79,partner,C01559
117,2026-06-03,East Region,Pro Plan,1,61.36,mobile,C01598
118,2026-06-03,East Region,Pro Plan,1,75.84,mobile,C00899
119,2026-06-03,East Region,Pro Plan,1,73.05,mobile,C01377
120,2026-06-03,East Region,Add-on Pack,2,79.67,partner,C00677
121,2026-06-03,East Region,Pro Plan,1,86.21,mobile,C02425
122,2026-06-04,East Region,Add-on Pack,2,61.94,web,C01892
123,2026-06-04,East Region,Standard Plan,2,62.57,mobile,C00867
124,2026-06-04,East Region,Pro Plan,2,70.09,mobile,C01727
125,2026-06-04,East Region,Pro Plan,2,83.91,web,C02210
126,2026-06-04,East Region,Standard Plan,1,88.4,web,C02663
127,2026-06-04,East Region,Standard Plan,1,82.45,web,C01013
128,2026-06-04,East Region,Standard Plan,1,84.03,web,C00518
129,2026-06-04,East Region,Pro Plan,1,79.41,mobile,C02866
130,2026-06-04,East Region,Pro Plan,1,82.06,partner,C02488
131,2026-06-04,East Region,Add-on Pack,1,80.74,mobile,C00443
132,2026-06-04,East Region,Add-on Pack,1,61.9,partner,C02775
133,2026-06-04,East Region,Pro Plan,1,71.99,web,C02426
134,2026-06-04,East Region,Add-on Pack,1,83.79,web,C02856
135,2026-06-04,East Region,Pro Plan,1,84.33,partner,C00169
136,2026-06-04,East Region,Pro Plan,1,75.69,web,C02073
137,2026-06-04,East Region,Add-on Pack,2,70.48,mobile,C00433
138,2026-06-04,East Region,Pro Plan,2,87.33,partner,C00627
139,2026-06-04,East Region,Pro Plan,1,65.99,partner,C02205
140,2026-06-04,East Region,Pro Plan,1,73.84,mobile,C01006
141,2026-06-04,East Region,Standard Plan,2,68.79,web,C01904
142,2026-06-04,East Region,Add-on Pack,2,77.8,mobile,C00118
143,2026-06-04,East Region,Pro Plan,1,84.35,mobile,C00869
144,2026-06-04,East Region,Pro Plan,1,82.9,mobile,C02442
145,2026-06-04,East Region,Add-on Pack,1,85.14,partner,C00783
146,2026-06-04,East Region,Standard Plan,2,67.76,mobile,C02275
147,2026-06-04,East Region,Standard Plan,2,79.98,mobile,C00071
148,2026-06-04,East Region,Standard Plan,2,69.2,partner,C00997
149,2026-06-04,East Region,Pro Plan,1,79.26,mobile,C02268
150,2026-06-04,East Region,Add-on Pack,1,70.55,mobile,C02879
151,2026-06-04,East Region,Pro Plan,1,68.57,web,C00495
152,2026-06-04,East Region,Add-on Pack,1,66.44,partner,C02195
153,2026-06-04,East Region,Add-on Pack,1,66.24,partner,C01984
154,2026-06-04,East Region,Pro Plan,1,80.91,web,C00796
155,2026-06-04,East Region,Pro Plan,1,67.39,mobile,C00058
156,2026-06-04,East Region,Add-on Pack,1,75.73,web,C00224
157,2026-06-04,East Region,Add-on Pack,1,69.15,partner,C02011
158,2026-06-04,East Region,Standard Plan,1,84.94,mobile,C01961
159,2026-06-04,East Region,Pro Plan,1,70.47,mobile,C01957
160,2026-06-04,East Region,Standard Plan,2,83.56,mobile,C00304
161,2026-06-04,East Region,Add-on Pack,1,78.32,web,C00612
162,2026-06-04,East Region,Add-on Pack,1,87.02,web,C00486
163,2026-06-04,East Region,Add-on Pack,1,81.99,partner,C01559
164,2026-06-04,East Region,Pro Plan,1,85.91,partner,C01757
165,2026-06-04,East Region,Pro Plan,1,76.67,partner,C00407
166,2026-06-05,East Region,Add-on Pack,1,66.94,web,C00983
167,2026-06-05,East Region,Standard Plan,1,76.21,web,C01674
168,2026-06-05,East Region,Pro Plan,2,79.95,mobile,C00134
169,2026-06-05,East Region,Standard Plan,1,69.04,partner,C01860
170,2026-06-05,East Region,Standard Plan,1,79.9,partner,C02416
171,2026-06-05,East Region,Add-on Pack,1,83.07,mobile,C00471
172,2026-06-05,East Region,Add-on Pack,1,67.31,mobile,C00583
173,2026-06-05,East Region,Standard Plan,1,62.82,partner,C02332
174,2026-06-05,East Region,Pro Plan,2,73.14,partner,C01246
175,2026-06-05,East Region,Add-on Pack,1,72.15,partner,C02212
176,2026-06-05,East Region,Pro Plan,1,73.11,mobile,C01321
177,2026-06-05,East Region,Add-on Pack,1,68.01,web,C02762
178,2026-06-05,East Region,Add-on Pack,1,77.17,partner,C01104
179,2026-06-05,East Region,Add-on Pack,1,62.29,mobile,C02126
180,2026-06-05,East Region,Add-on Pack,1,73.23,web,C02398
181,2026-06-05,East Region,Pro Plan,2,78.47,web,C01926
182,2026-06-05,East Region,Pro Plan,1,72.31,partner,C00429
183,2026-06-05,East Region,Standard Plan,2,70.17,mobile,C02714
184,2026-06-05,East Region,Pro Plan,1,83.33,mobile,C00361
185,2026-06-05,East Region,Pro Plan,1,68.07,mobile,C02108
186,2026-06-05,East Region,Standard Plan,2,79.09,mobile,C00223
187,2026-06-05,East Region,Standard Plan,2,75.3,partner,C01811
188,2026-06-05,East Region,Standard Plan,1,66.74,mobile,C01795
189,2026-06-05,East Region,Add-on Pack,1,74.38,partner,C02494
190,2026-06-05,East Region,Standard Plan,1,80.51,partner,C00057
191,2026-06-05,East Region,Add-on Pack,1,72.3,web,C01891
192,2026-06-05,East Region,Standard Plan,1,78.82,mobile,C02936
193,2026-06-05,East Region,Pro Plan,1,75.04,mobile,C01977
194,2026-06-05,East Region,Pro Plan,1,67.83,mobile,C00781
195,2026-06-05,East Region,Add-on Pack,1,75.02,web,C01132
196,2026-06-05,East Region,Pro Plan,1,70.44,web,C01159
197,2026-06-05,East Region,Add-on Pack,2,69.32,web,C01830
198,2026-06-05,East Region,Add-on Pack,1,74.37,partner,C02226
199,2026-06-05,East Region,Pro Plan,1,73.59,web,C02857
200,2026-06-05,East Region,Standard Plan,1,76.75,mobile,C00179
201,2026-06-05,East Region,Pro Plan,2,81.46,mobile,C02719
202,2026-06-05,East Region,Add-on Pack,2,87.88,web,C00518
203,2026-06-05,East Region,Add-on Pack,1,87.46,web,C01804
204,2026-06-05,East Region,Standard Plan,2,75.51,web,C02960
205,2026-06-05,East Region,Standard Plan,1,72.35,web,C01924
206,2026-06-05,East Region,Pro Plan,2,70.41,partner,C00329
207,2026-06-06,East Region,Add-on Pack,2,84.57,mobile,C02568
208,2026-06-06,East Region,Add-on Pack,2,85.34,partner,C00148
209,2026-06-06,East Region,Add-on Pack,1,63.06,web,C00371
210,2026-06-06,East Region,Pro Plan,1,87.81,mobile,C00682
211,2026-06-06,East Region,Add-on Pack,1,69.35,web,C01329
212,2026-06-06,East Region,Standard Plan,1,69.18,mobile,C00597
213,2026-06-06,East Region,Standard Plan,1,75.65,web,C00718
214,2026-06-06,East Region,Standard Plan,2,77.78,partner,C02799
215,2026-06-06,East Region,Standard Plan,1,74.74,web,C01889
216,2026-06-06,East Region,Add-on Pack,1,68.11,partner,C00039
217,2026-06-06,East Region,Pro Plan,1,85.71,web,C01810
218,2026-06-06,East Region,Pro Plan,1,88.06,partner,C01738
219,2026-06-06,East Region,Add-on Pack,1,68.0,web,C01576
220,2026-06-06,East Region,Pro Plan,2,64.1,partner,C01471
221,2026-06-06,East Region,Add-on Pack,1,69.25,web,C02697
222,2026-06-06,East Region,Pro Plan,1,68.67,partner,C02035
223,2026-06-06,East Region,Pro Plan,1,82.3,partner,C01444
224,2026-06-06,East Region,Standard Plan,1,78.52,partner,C02953
225,2026-06-06,East Region,Add-on Pack,1,79.72,partner,C00398
226,2026-06-06,East Region,Add-on Pack,1,78.78,mobile,C00137
227,2026-06-06,East Region,Add-on Pack,1,71.12,web,C01209
228,2026-06-06,East Region,Pro Plan,1,81.53,web,C00542
229,2026-06-06,East Region,Add-on Pack,1,85.04,partner,C02056
230,2026-06-06,East Region,Pro Plan,1,83.79,mobile,C01209
231,2026-06-06,East Region,Add-on Pack,1,84.87,mobile,C00309
232,2026-06-06,East Region,Standard Plan,1,81.71,partner,C02967
233,2026-06-06,East Region,Add-on Pack,1,87.85,web,C01617
234,2026-06-06,East Region,Standard Plan,1,68.39,mobile,C01510
235,2026-06-06,East Region,Add-on Pack,1,81.57,partner,C01561
236,2026-06-06,East Region,Add-on Pack,1,86.78,partner,C00958
237,2026-06-06,East Region,Pro Plan,1,61.88,partner,C00907
238,2026-06-06,East Region,Add-on Pack,2,62.92,partner,C01238
239,2026-06-06,East Region,Add-on Pack,1,72.31,web,C00153
240,2026-06-06,East Region,Pro Plan,1,88.29,web,C00962
241,2026-06-06,East Region,Add-on Pack,2,64.89,mobile,C02747
242,2026-06-06,East Region,Add-on Pack,2,80.14,partner,C02977
243,2026-06-06,East Region,Standard Plan,1,85.28,mobile,C02522
244,2026-06-06,East Region,Pro Plan,1,86.74,web,C02828
245,2026-06-06,East Region,Pro Plan,2,67.11,web,C01486
246,2026-06-06,East Region,Standard Plan,1,87.88,partner,C02642
247,2026-06-06,East Region,Pro Plan,1,62.85,web,C00501
248,2026-06-06,East Region,Pro Plan,1,63.69,partner,C02620
249,2026-06-07,East Region,Standard Plan,1,62.58,web,C00516
250,2026-06-07,East Region,Add-on Pack,1,66.78,partner,C00885
251,2026-06-07,East Region,Standard Plan,1,70.14,partner,C00012
252,2026-06-07,East Region,Pro Plan,1,84.55,web,C02213
253,2026-06-07,East Region,Pro Plan,1,82.92,partner,C00106
254,2026-06-07,East Region,Standard Plan,1,61.6,partner,C01327
255,2026-06-07,East Region,Standard Plan,1,65.94,web,C01725
256,2026-06-07,East Region,Add-on Pack,1,64.29,mobile,C01837
257,2026-06-07,East Region,Pro Plan,1,75.16,mobile,C02064
258,2026-06-07,East Region,Standard Plan,1,86.92,partner,C02699
259,2026-06-07,East Region,Add-on Pack,1,69.4,web,C01962
260,2026-06-07,East Region,Pro Plan,1,72.79,mobile,C02918
261,2026-06-07,East Region,Pro Plan,1,63.2,mobile,C02492
262,2026-06-07,East Region,Standard Plan,1,62.99,partner,C02594
263,2026-06-07,East Region,Add-on Pack,1,76.12,mobile,C02447
264,2026-06-07,East Region,Add-on Pack,2,69.22,web,C02875
265,2026-06-07,East Region,Standard Plan,1,84.4,mobile,C01850
266,2026-06-07,East Region,Standard Plan,2,72.46,mobile,C01704
267,2026-06-07,East Region,Add-on Pack,2,63.79,mobile,C02725
268,2026-06-07,East Region,Pro Plan,1,71.38,partner,C01943
269,2026-06-07,East Region,Standard Plan,1,63.68,web,C01769
270,2026-06-07,East Region,Standard Plan,1,81.45,web,C02279
271,2026-06-07,East Region,Standard Plan,1,77.15,partner,C00501
272,2026-06-07,East Region,Pro Plan,2,70.82,partner,C00211
273,2026-06-07,East Region,Pro Plan,1,77.53,web,C02368
274,2026-06-07,East Region,Add-on Pack,2,66.99,web,C00444
275,2026-06-07,East Region,Pro Plan,1,84.19,web,C01142
276,2026-06-07,East Region,Add-on Pack,2,67.35,partner,C02547
277,2026-06-07,East Region,Add-on Pack,1,79.56,partner,C02695
278,2026-06-07,East Region,Add-on Pack,1,68.47,mobile,C02879
279,2026-06-07,East Region,Pro Plan,1,86.27,web,C00744
280,2026-06-07,East Region,Standard Plan,2,76.6,web,C00582
281,2026-06-07,East Region,Add-on Pack,1,78.42,web,C02173
282,2026-06-07,East Region,Standard Plan,2,71.43,mobile,C00645
283,2026-06-07,East Region,Pro Plan,1,69.68,partner,C02443
284,2026-06-07,East Region,Standard Plan,1,85.23,web,C02531
285,2026-06-07,East Region,Standard Plan,1,79.53,mobile,C02712
286,2026-06-07,East Region,Pro Plan,2,74.41,mobile,C01119
287,2026-06-07,East Region,Standard Plan,1,81.73,mobile,C01761
288,2026-06-07,East Region,Standard Plan,2,68.9,partner,C02733
289,2026-06-07,East Region,Pro Plan,2,62.44,partner,C00225
290,2026-06-07,East Region,Standard Plan,1,66.76,web,C01047
291,2026-06-07,East Region,Pro Plan,1,70.12,mobile,C01764
292,2026-06-07,East Region,Standard Plan,1,64.71,partner,C02289
293,2026-06-08,East Region,Standard Plan,1,72.0,mobile,C00077
294,2026-06-08,East Region,Pro Plan,1,86.26,partner,C01759
295,2026-06-08,East Region,Add-on Pack,2,72.2,mobile,C00472
296,2026-06-08,East Region,Pro Plan,1,61.77,web,C02532
297,2026-06-08,East Region,Pro Plan,1,83.83,web,C01789
298,2026-06-08,East Region,Standard Plan,2,67.82,partner,C00323
299,2026-06-08,East Region,Pro Plan,1,84.88,web,C01365
300,2026-06-08,East Region,Standard Plan,1,63.28,partner,C02089
301,2026-06-08,East Region,Standard Plan,1,85.84,mobile,C02980
302,2026-06-08,East Region,Add-on Pack,1,83.37,web,C00600
303,2026-06-08,East Region,Pro Plan,1,66.57,partner,C00309
304,2026-06-08,East Region,Standard Plan,2,87.08,mobile,C02310
305,2026-06-08,East Region,Add-on Pack,1,73.41,partner,C01295
306,2026-06-08,East Region,Standard Plan,2,73.16,mobile,C02587
307,2026-06-08,East Region,Pro Plan,1,82.86,mobile,C02079
308,2026-06-08,East Region,Standard Plan,2,69.64,web,C00234
309,2026-06-08,East Region,Pro Plan,1,83.82,partner,C00370
310,2026-06-08,East Region,Add-on Pack,2,77.36,mobile,C02378
311,2026-06-08,East Region,Add-on Pack,1,87.16,mobile,C02342
312,2026-06-08,East Region,Add-on Pack,2,66.32,partner,C00618
313,2026-06-08,East Region,Standard Plan,1,73.45,partner,C00346
314,2026-06-08,East Region,Add-on Pack,1,78.77,web,C02899
315,2026-06-08,East Region,Pro Plan,1,88.15,mobile,C01528
316,2026-06-08,East Region,Pro Plan,1,71.74,partner,C02449
317,2026-06-08,East Region,Standard Plan,1,82.67,web,C01351
318,2026-06-08,East Region,Standard Plan,2,76.38,mobile,C01033
319,2026-06-08,East Region,Add-on Pack,1,84.36,mobile,C00334
320,2026-06-08,East Region,Add-on Pack,1,79.25,mobile,C02688
321,2026-06-08,East Region,Add-on Pack,1,79.21,partner,C02904
322,2026-06-08,East Region,Standard Plan,2,69.62,partner,C01346
323,2026-06-08,East Region,Standard Plan,1,79.43,partner,C02747
324,2026-06-08,East Region,Pro Plan,1,75.03,mobile,C01266
325,2026-06-08,East Region,Standard Plan,1,87.07,mobile,C00787
326,2026-06-08,East Region,Standard Plan,1,88.4,web,C01212
327,2026-06-08,East Region,Standard Plan,1,75.01,partner,C01380
328,2026-06-08,East Region,Add-on Pack,2,64.76,web,C00665
329,2026-06-08,East Region,Standard Plan,1,83.81,partner,C01793
330,2026-06-08,East Region,Standard Plan,1,72.38,mobile,C02501
331,2026-06-08,East Region,Pro Plan,2,81.67,web,C02188
332,2026-06-08,East Region,Standard Plan,2,69.62,web,C01507
333,2026-06-08,East Region,Add-on Pack,2,86.96,mobile,C01155
334,2026-06-08,East Region,Pro Plan,2,74.88,web,C00818
335,2026-06-09,East Region,Standard Plan,1,84.95,partner,C01969
336,2026-06-09,East Region,Pro Plan,1,76.28,partner,C02114
337,2026-06-09,East Region,Standard Plan,1,68.95,mobile,C01841
338,2026-06-09,East Region,Add-on Pack,2,65.21,web,C00910
339,2026-06-09,East Region,Pro Plan,1,85.26,mobile,C00219
340,2026-06-09,East Region,Pro Plan,1,74.85,mobile,C00335
341,2026-06-09,East Region,Pro Plan,1,67.31,web,C02928
342,2026-06-09,East Region,Add-on Pack,1,70.32,web,C00157
343,2026-06-09,East Region,Pro Plan,2,86.15,partner,C00569
344,2026-06-09,East Region,Add-on Pack,1,73.96,web,C00078
345,2026-06-09,East Region,Pro Plan,1,67.07,partner,C02979
346,2026-06-09,East Region,Add-on Pack,1,75.56,mobile,C00974
347,2026-06-09,East Region,Pro Plan,1,64.51,mobile,C02618
348,2026-06-09,East Region,Add-on Pack,1,73.63,mobile,C02445
349,2026-06-09,East Region,Add-on Pack,1,61.65,partner,C00589
350,2026-06-09,East Region,Pro Plan,1,72.88,web,C02338
351,2026-06-09,East Region,Pro Plan,1,66.29,partner,C01478
352,2026-06-09,East Region,Standard Plan,1,87.13,mobile,C01926
353,2026-06-09,East Region,Standard Plan,1,78.49,mobile,C00067
354,2026-06-09,East Region,Pro Plan,1,82.65,web,C02692
355,2026-06-09,East Region,Add-on Pack,1,64.02,web,C00182
356,2026-06-09,East Region,Pro Plan,1,76.05,partner,C01904
357,2026-06-09,East Region,Add-on Pack,1,74.22,web,C00259
358,2026-06-09,East Region,Add-on Pack,2,82.31,web,C01202
359,2026-06-09,East Region,Standard Plan,1,62.39,web,C01293
360,2026-06-09,East Region,Pro Plan,2,75.22,mobile,C00150
361,2026-06-09,East Region,Add-on Pack,1,66.4,web,C02686
362,2026-06-09,East Region,Pro Plan,1,68.63,mobile,C01639
363,2026-06-09,East Region,Add-on Pack,2,73.16,mobile,C00766
364,2026-06-09,East Region,Pro Plan,1,80.02,partner,C01093
365,2026-06-09,East Region,Standard Plan,1,80.98,mobile,C02468
366,2026-06-09,East Region,Standard Plan,1,76.04,web,C00328
367,2026-06-09,East Region,Pro Plan,1,79.18,mobile,C02469
368,2026-06-09,East Region,Add-on Pack,2,72.79,mobile,C01832
369,2026-06-09,East Region,Standard Plan,1,80.97,partner,C01782
370,2026-06-09,East Region,Pro Plan,1,78.59,web,C02750
371,2026-06-09,East Region,Add-on Pack,1,72.25,web,C00585
372,2026-06-09,East Region,Add-on Pack,2,79.64,web,C00518
373,2026-06-09,East Region,Standard Plan,1,67.62,mobile,C01569
374,2026-06-09,East Region,Add-on Pack,1,62.08,partner,C01843
375,2026-06-09,East Region,Pro Plan,1,71.32,partner,C00564
376,2026-06-09,East Region,Add-on Pack,1,71.18,partner,C01142
377,2026-06-09,East Region,Standard Plan,1,87.33,partner,C00763
378,2026-06-09,East Region,Pro Plan,1,75.28,mobile,C01067
379,2026-06-10,East Region,Standard Plan,1,88.3,partner,C02012
380,2026-06-10,East Region,Standard Plan,1,64.54,mobile,C00708
381,2026-06-10,East Region,Add-on Pack,1,73.31,partner,C01310
382,2026-06-10,East Region,Add-on Pack,1,70.65,partner,C02221
383,2026-06-10,East Region,Pro Plan,1,85.44,partner,C02907
384,2026-06-10,East Region,Add-on Pack,1,78.55,partner,C00919
385,2026-06-10,East Region,Standard Plan,1,88.0,web,C02024
386,2026-06-10,East Region,Standard Plan,1,71.02,mobile,C02260
387,2026-06-10,East Region,Standard Plan,1,77.84,web,C01267
388,2026-06-10,East Region,Pro Plan,2,88.39,partner,C01683
389,2026-06-10,East Region,Pro Plan,1,83.59,web,C01299
390,2026-06-10,East Region,Add-on Pack,2,63.22,partner,C02120
391,2026-06-10,East Region,Pro Plan,1,64.69,web,C01773
392,2026-06-10,East Region,Add-on Pack,1,85.97,web,C02123
393,2026-06-10,East Region,Standard Plan,1,69.47,mobile,C02906
394,2026-06-10,East Region,Standard Plan,1,70.61,web,C01027
395,2026-06-10,East Region,Standard Plan,1,78.47,web,C02561
396,2026-06-10,East Region,Pro Plan,1,77.91,partner,C02626
397,2026-06-10,East Region,Standard Plan,1,77.3,web,C02699
398,2026-06-10,East Region,Add-on Pack,1,80.8,partner,C00169
399,2026-06-10,East Region,Standard Plan,1,63.41,partner,C00864
400,2026-06-10,East Region,Add-on Pack,1,72.53,mobile,C02569
401,2026-06-10,East Region,Add-on Pack,1,69.08,mobile,C01004
402,2026-06-10,East Region,Add-on Pack,2,72.25,web,C02821
403,2026-06-10,East Region,Standard Plan,2,65.5,mobile,C01903
404,2026-06-10,East Region,Standard Plan,1,70.45,mobile,C02943
405,2026-06-10,East Region,Pro Plan,1,81.17,mobile,C00536
406,2026-06-10,East Region,Pro Plan,1,75.21,mobile,C00991
407,2026-06-10,East Region,Pro Plan,2,64.53,web,C00578
408,2026-06-10,East Region,Standard Plan,2,62.58,partner,C01713
409,2026-06-10,East Region,Standard Plan,1,87.39,mobile,C02367
410,2026-06-10,East Region,Add-on Pack,1,69.71,mobile,C02109
411,2026-06-10,East Region,Pro Plan,1,74.77,mobile,C00095
412,2026-06-10,East Region,Standard Plan,2,86.91,web,C00882
413,2026-06-10,East Region,Add-on Pack,1,70.8,mobile,C02028
414,2026-06-10,East Region,Add-on Pack,2,85.2,mobile,C02199
415,2026-06-10,East Region,Standard Plan,2,84.24,web,C01084
416,2026-06-10,East Region,Add-on Pack,2,71.15,mobile,C00186
417,2026-06-10,East Region,Pro Plan,1,62.59,mobile,C02267
418,2026-06-10,East Region,Pro Plan,2,63.2,partner,C01146
419,2026-06-10,East Region,Add-on Pack,1,79.71,web,C00397
420,2026-06-10,East Region,Pro Plan,1,71.35,partner,C01498
421,2026-06-10,East Region,Standard Plan,2,66.61,partner,C00165
422,2026-06-11,East Region,Standard Plan,1,64.93,mobile,C02128
423,2026-06-11,East Region,Pro Plan,1,65.25,mobile,C02512
424,2026-06-11,East Region,Pro Plan,1,65.62,partner,C01378
425,2026-06-11,East Region,Add-on Pack,2,83.73,partner,C02306
426,2026-06-11,East Region,Pro Plan,1,74.12,mobile,C01357
427,2026-06-11,East Region,Add-on Pack,2,64.18,partner,C01261
428,2026-06-11,East Region,Add-on Pack,1,84.92,partner,C01944
429,2026-06-11,East Region,Pro Plan,1,87.5,partner,C00211
430,2026-06-11,East Region,Add-on Pack,2,74.27,web,C02789
431,2026-06-11,East Region,Standard Plan,1,62.06,web,C00078
432,2026-06-11,East Region,Pro Plan,1,69.73,mobile,C02829
433,2026-06-11,East Region,Standard Plan,2,72.36,partner,C02980
434,2026-06-11,East Region,Standard Plan,1,80.4,partner,C01332
435,2026-06-11,East Region,Add-on Pack,2,74.21,mobile,C00710
436,2026-06-11,East Region,Pro Plan,1,86.01,partner,C01452
437,2026-06-11,East Region,Add-on Pack,1,82.2,partner,C01984
438,2026-06-11,East Region,Standard Plan,1,87.24,partner,C01223
439,2026-06-11,East Region,Standard Plan,1,86.81,mobile,C02888
440,2026-06-11,East Region,Standard Plan,2,79.97,mobile,C01966
441,2026-06-11,East Region,Pro Plan,1,76.45,mobile,C00500
442,2026-06-11,East Region,Add-on Pack,2,79.6,mobile,C01414
443,2026-06-11,East Region,Standard Plan,1,69.1,partner,C00324
444,2026-06-11,East Region,Pro Plan,1,86.33,partner,C01963
445,2026-06-11,East Region,Standard Plan,1,66.7,partner,C02852
446,2026-06-11,East Region,Pro Plan,1,64.93,web,C00208
447,2026-06-11,East Region,Add-on Pack,1,85.82,partner,C00954
448,2026-06-11,East Region,Standard Plan,1,63.93,partner,C01935
449,2026-06-11,East Region,Standard Plan,1,79.73,web,C02255
450,2026-06-11,East Region,Standard Plan,2,72.27,mobile,C02665
451,2026-06-11,East Region,Standard Plan,1,81.76,mobile,C01170
452,2026-06-11,East Region,Add-on Pack,1,62.81,partner,C02352
453,2026-06-11,East Region,Standard Plan,1,75.76,web,C01712
454,2026-06-11,East Region,Standard Plan,1,86.6,mobile,C02030
455,2026-06-11,East Region,Standard Plan,1,86.68,web,C00038
456,2026-06-11,East Region,Pro Plan,1,76.65,mobile,C01166
457,2026-06-11,East Region,Pro Plan,2,88.1,web,C02066
458,2026-06-11,East Region,Pro Plan,1,68.62,mobile,C00666
459,2026-06-11,East Region,Add-on Pack,1,73.68,partner,C00763
460,2026-06-11,East Region,Standard Plan,1,81.24,partner,C02763
461,2026-06-11,East Region,Standard Plan,2,65.97,mobile,C02111
462,2026-06-12,East Region,Standard Plan,1,72.1,web,C00576
463,2026-06-12,East Region,Pro Plan,1,70.0,web,C01069
464,2026-06-12,East Region,Pro Plan,1,67.61,mobile,C01237
465,2026-06-12,East Region,Add-on Pack,1,80.86,mobile,C02678
466,2026-06-12,East Region,Pro Plan,1,80.04,partner,C00485
467,2026-06-12,East Region,Pro Plan,2,69.55,partner,C02059
468,2026-06-12,East Region,Add-on Pack,1,82.14,partner,C01209
469,2026-06-12,East Region,Pro Plan,1,77.92,web,C01959
470,2026-06-12,East Region,Standard Plan,1,73.58,mobile,C02876
471,2026-06-12,East Region,Add-on Pack,1,86.03,web,C02787
472,2026-06-12,East Region,Add-on Pack,1,84.95,partner,C01830
473,2026-06-12,East Region,Add-on Pack,1,80.34,partner,C00460
474,2026-06-12,East Region,Standard Plan,1,83.74,partner,C02199
475,2026-06-12,East Region,Standard Plan,2,65.68,web,C02787
476,2026-06-12,East Region,Standard Plan,2,80.7,web,C02091
477,2026-06-12,East Region,Pro Plan,2,83.2,web,C02103
478,2026-06-12,East Region,Pro Plan,1,73.62,partner,C01894
479,2026-06-12,East Region,Add-on Pack,1,83.15,mobile,C01043
480,2026-06-12,East Region,Standard Plan,1,81.49,web,C01736
481,2026-06-12,East Region,Pro Plan,1,80.25,web,C01934
482,2026-06-12,East Region,Standard Plan,1,69.01,web,C02628
483,2026-06-12,East Region,Add-on Pack,2,78.77,mobile,C01567
484,2026-06-12,East Region,Pro Plan,2,84.85,mobile,C00329
485,2026-06-12,East Region,Add-on Pack,1,87.42,partner,C01425
486,2026-06-12,East Region,Standard Plan,2,66.05,partner,C00522
487,2026-06-12,East Region,Add-on Pack,1,87.82,web,C01223
488,2026-06-12,East Region,Pro Plan,2,79.52,partner,C01554
489,2026-06-12,East Region,Standard Plan,1,67.93,web,C01130
490,2026-06-12,East Region,Standard Plan,1,86.7,web,C02705
491,2026-06-12,East Region,Pro Plan,1,77.93,web,C00845
492,2026-06-12,East Region,Standard Plan,1,63.94,mobile,C02449
493,2026-06-12,East Region,Add-on Pack,1,80.33,web,C00182
494,2026-06-12,East Region,Pro Plan,1,73.14,web,C00574
495,2026-06-12,East Region,Add-on Pack,1,88.22,partner,C02360
496,2026-06-12,East Region,Pro Plan,1,76.91,web,C01237
497,2026-06-12,East Region,Standard Plan,1,88.01,mobile,C01231
498,2026-06-12,East Region,Pro Plan,1,62.86,partner,C02781
499,2026-06-12,East Region,Pro Plan,1,76.32,mobile,C02636
500,2026-06-12,East Region,Add-on Pack,1,71.57,partner,C01706
501,2026-06-12,East Region,Pro Plan,2,65.26,web,C02204
502,2026-06-12,East Region,Pro Plan,1,67.75,mobile,C02899
503,2026-06-12,East Region,Standard Plan,1,83.12,partner,C01691
504,2026-06-13,East Region,Add-on Pack,2,75.62,web,C01045
505,2026-06-13,East Region,Standard Plan,1,70.18,mobile,C01520
506,2026-06-13,East Region,Standard Plan,1,75.77,web,C01100
507,2026-06-13,East Region,Pro Plan,1,79.52,web,C00771
508,2026-06-13,East Region,Add-on Pack,1,80.9,mobile,C00856
509,2026-06-13,East Region,Pro Plan,1,69.45,web,C00779
510,2026-06-13,East Region,Add-on Pack,2,64.39,web,C02850
511,2026-06-13,East Region,Add-on Pack,2,80.34,web,C02262
512,2026-06-13,East Region,Pro Plan,2,82.29,mobile,C02186
513,2026-06-13,East Region,Add-on Pack,1,70.97,mobile,C02101
514,2026-06-13,East Region,Pro Plan,2,73.88,mobile,C00833
515,2026-06-13,East Region,Pro Plan,1,69.71,partner,C00907
516,2026-06-13,East Region,Add-on Pack,1,65.17,partner,C02393
517,2026-06-13,East Region,Add-on Pack,1,80.78,web,C00804
518,2026-06-13,East Region,Pro Plan,1,67.46,mobile,C02256
519,2026-06-13,East Region,Add-on Pack,1,86.86,mobile,C02002
520,2026-06-13,East Region,Add-on Pack,2,78.65,mobile,C00690
521,2026-06-13,East Region,Add-on Pack,1,82.82,web,C02951
522,2026-06-13,East Region,Add-on Pack,1,74.48,partner,C00139
523,2026-06-13,East Region,Standard Plan,1,86.91,web,C01690
524,2026-06-13,East Region,Standard Plan,1,84.12,web,C02897
525,2026-06-13,East Region,Standard Plan,2,61.45,mobile,C00248
526,2026-06-13,East Region,Add-on Pack,2,78.55,partner,C01999
527,2026-06-13,East Region,Standard Plan,2,61.38,web,C00069
528,2026-06-13,East Region,Add-on Pack,1,80.84,web,C02058
529,2026-06-13,East Region,Add-on Pack,1,79.53,web,C00395
530,2026-06-13,East Region,Add-on Pack,1,65.25,partner,C02157
531,2026-06-13,East Region,Pro Plan,1,83.37,mobile,C00324
532,2026-06-13,East Region,Pro Plan,2,87.29,partner,C00997
533,2026-06-13,East Region,Add-on Pack,1,67.34,partner,C02662
534,2026-06-13,East Region,Standard Plan,2,63.74,mobile,C02264
535,2026-06-13,East Region,Pro Plan,1,62.73,partner,C00702
536,2026-06-13,East Region,Standard Plan,2,74.8,partner,C01357
537,2026-06-13,East Region,Add-on Pack,1,87.78,partner,C00175
538,2026-06-13,East Region,Standard Plan,2,66.95,mobile,C00191
539,2026-06-13,East Region,Standard Plan,1,79.82,partner,C02309
540,2026-06-13,East Region,Add-on Pack,1,62.09,web,C00849
541,2026-06-13,East Region,Add-on Pack,2,65.12,web,C01226
542,2026-06-13,East Region,Standard Plan,2,76.54,partner,C02215
543,2026-06-13,East Region,Pro Plan,1,71.64,partner,C02967
544,2026-06-13,East Region,Standard Plan,1,74.82,web,C00401
545,2026-06-13,East Region,Pro Plan,1,67.51,mobile,C02479
546,2026-06-13,East Region,Add-on Pack,2,87.17,mobile,C00122
547,2026-06-14,East Region,Pro Plan,1,74.54,partner,C01538
548,2026-06-14,East Region,Pro Plan,2,66.25,web,C02534
549,2026-06-14,East Region,Pro Plan,1,82.91,web,C01098
550,2026-06-14,East Region,Standard Plan,1,71.54,partner,C01596
551,2026-06-14,East Region,Pro Plan,1,71.01,web,C01263
552,2026-06-14,East Region,Pro Plan,1,70.99,web,C00543
553,2026-06-14,East Region,Standard Plan,2,66.3,partner,C02273
554,2026-06-14,East Region,Add-on Pack,1,72.3,web,C01450
555,2026-06-14,East Region,Add-on Pack,1,63.73,mobile,C00051
556,2026-06-14,East Region,Pro Plan,1,72.46,partner,C02292
557,2026-06-14,East Region,Standard Plan,1,76.76,partner,C01560
558,2026-06-14,East Region,Standard Plan,1,64.98,mobile,C02020
559,2026-06-14,East Region,Standard Plan,2,62.92,mobile,C01725
560,2026-06-14,East Region,Pro Plan,1,74.37,mobile,C01031
561,2026-06-14,East Region,Standard Plan,2,80.81,partner,C02526
562,2026-06-14,East Region,Standard Plan,1,73.65,mobile,C00028
563,2026-06-14,East Region,Pro Plan,2,70.24,mobile,C01804
564,2026-06-14,East Region,Pro Plan,1,72.91,mobile,C01314
565,2026-06-14,East Region,Add-on Pack,1,86.97,mobile,C01287
566,2026-06-14,East Region,Standard Plan,1,87.44,mobile,C02847
567,2026-06-14,East Region,Add-on Pack,1,74.56,mobile,C01541
568,2026-06-14,East Region,Pro Plan,2,83.41,mobile,C00467
569,2026-06-14,East Region,Add-on Pack,1,66.63,partner,C02254
570,2026-06-14,East Region,Standard Plan,2,87.12,partner,C00859
571,2026-06-14,East Region,Pro Plan,1,82.9,mobile,C02757
572,2026-06-14,East Region,Pro Plan,1,64.99,web,C01035
573,2026-06-14,East Region,Add-on Pack,2,65.39,mobile,C00303
574,2026-06-14,East Region,Pro Plan,2,88.15,partner,C01642
575,2026-06-14,East Region,Add-on Pack,2,74.98,partner,C00151
576,2026-06-14,East Region,Pro Plan,1,80.28,web,C01017
577,2026-06-14,East Region,Add-on Pack,1,79.28,partner,C02510
578,2026-06-14,East Region,Standard Plan,2,76.52,mobile,C01764
579,2026-06-14,East Region,Standard Plan,1,61.49,web,C02092
580,2026-06-14,East Region,Add-on Pack,1,75.31,mobile,C01533
581,2026-06-14,East Region,Pro Plan,1,73.8,mobile,C00101
582,2026-06-14,East Region,Pro Plan,2,64.04,web,C00476
583,2026-06-14,East Region,Add-on Pack,1,65.05,mobile,C01866
584,2026-06-14,East Region,Standard Plan,1,75.37,mobile,C00400
585,2026-06-14,East Region,Pro Plan,2,80.84,mobile,C00276
586,2026-06-14,East Region,Pro Plan,1,62.42,web,C01406
587,2026-06-14,East Region,Add-on Pack,1,64.17,partner,C01000
588,2026-06-14,East Region,Add-on Pack,1,65.95,mobile,C02294
589,2026-06-15,East Region,Pro Plan,2,67.51,partner,C00756
590,2026-06-15,East Region,Standard Plan,2,78.62,mobile,C00120
591,2026-06-15,East Region,Add-on Pack,1,77.9,mobile,C02426
592,2026-06-15,East Region,Pro Plan,1,71.78,web,C01141
593,2026-06-15,East Region,Add-on Pack,1,83.2,partner,C00417
594,2026-06-15,East Region,Add-on Pack,1,66.29,web,C01875
595,2026-06-15,East Region,Standard Plan,2,68.34,partner,C02618
596,2026-06-15,East Region,Pro Plan,2,77.44,partner,C00468
597,2026-06-15,East Region,Pro Plan,2,70.77,partner,C00707
598,2026-06-15,East Region,Add-on Pack,1,80.4,partner,C02418
599,2026-06-15,East Region,Standard Plan,1,79.48,web,C00978
600,2026-06-15,East Region,Pro Plan,1,64.38,partner,C00580
601,2026-06-15,East Region,Add-on Pack,1,71.77,partner,C01572
602,2026-06-15,East Region,Pro Plan,1,66.25,partner,C00684
603,2026-06-15,East Region,Pro Plan,1,69.06,mobile,C01848
604,2026-06-15,East Region,Add-on Pack,1,62.66,web,C01985
605,2026-06-15,East Region,Standard Plan,2,66.51,partner,C02071
606,2026-06-15,East Region,Add-on Pack,2,74.66,mobile,C02909
607,2026-06-15,East Region,Pro Plan,1,74.49,partner,C00127
608,2026-06-15,East Region,Standard Plan,1,69.14,web,C02203
609,2026-06-15,East Region,Pro Plan,2,65.78,partner,C02029
610,2026-06-15,East Region,Add-on Pack,1,75.09,mobile,C02225
611,2026-06-15,East Region,Pro Plan,1,75.94,partner,C01808
612,2026-06-15,East Region,Add-on Pack,2,67.14,web,C02678
613,2026-06-15,East Region,Standard Plan,1,69.3,mobile,C01077
614,2026-06-15,East Region,Pro Plan,1,84.65,mobile,C00481
615,2026-06-15,East Region,Standard Plan,1,66.91,partner,C02500
616,2026-06-15,East Region,Add-on Pack,1,72.85,web,C00848
617,2026-06-15,East Region,Standard Plan,1,76.71,partner,C02207
618,2026-06-15,East Region,Standard Plan,1,70.0,mobile,C02346
619,2026-06-15,East Region,Pro Plan,1,87.11,web,C01686
620,2026-06-15,East Region,Standard Plan,1,88.2,partner,C00544
621,2026-06-15,East Region,Standard Plan,1,65.18,web,C02770
622,2026-06-15,East Region,Pro Plan,1,74.51,partner,C01697
623,2026-06-15,East Region,Pro Plan,1,73.49,mobile,C02112
624,2026-06-15,East Region,Add-on Pack,1,68.77,mobile,C02000
625,2026-06-15,East Region,Pro Plan,1,77.03,partner,C01878
626,2026-06-15,East Region,Add-on Pack,1,79.26,web,C02190
627,2026-06-15,East Region,Pro Plan,2,67.12,web,C02027
628,2026-06-15,East Region,Pro Plan,1,69.98,mobile,C02242
629,2026-06-15,East Region,Add-on Pack,2,64.75,mobile,C02796
630,2026-06-15,East Region,Standard Plan,2,62.45,web,C00509
631,2026-06-15,East Region,Standard Plan,1,73.2,mobile,C00829
632,2026-06-16,East Region,Add-on Pack,1,69.41,web,C02682
633,2026-06-16,East Region,Pro Plan,1,68.01,partner,C02658
634,2026-06-16,East Region,Standard Plan,1,62.61,partner,C02865
635,2026-06-16,East Region,Standard Plan,1,72.88,partner,C00390
636,2026-06-16,East Region,Standard Plan,1,67.01,web,C02432
637,2026-06-16,East Region,Standard Plan,2,75.33,web,C00034
638,2026-06-16,East Region,Add-on Pack,1,70.55,mobile,C02843
639,2026-06-16,East Region,Standard Plan,1,74.19,mobile,C00366
640,2026-06-16,East Region,Add-on Pack,1,83.12,mobile,C01506
641,2026-06-16,East Region,Pro Plan,1,64.93,partner,C02774
642,2026-06-16,East Region,Standard Plan,1,63.06,partner,C02663
643,2026-06-16,East Region,Standard Plan,1,73.17,partner,C00621
644,2026-06-16,East Region,Pro Plan,2,77.96,web,C00356
645,2026-06-16,East Region,Standard Plan,1,65.01,partner,C02991
646,2026-06-16,East Region,Pro Plan,2,70.76,mobile,C00573
647,2026-06-16,East Region,Standard Plan,1,68.73,web,C02267
648,2026-06-16,East Region,Add-on Pack,1,77.52,partner,C00110
649,2026-06-16,East Region,Add-on Pack,1,85.02,partner,C02486
650,2026-06-16,East Region,Add-on Pack,2,66.33,mobile,C02647
651,2026-06-16,East Region,Standard Plan,1,82.52,mobile,C01581
652,2026-06-16,East Region,Standard Plan,1,67.76,partner,C00050
653,2026-06-16,East Region,Pro Plan,1,86.6,mobile,C02329
654,2026-06-16,East Region,Pro Plan,1,71.14,mobile,C00299
655,2026-06-16,East Region,Standard Plan,1,77.18,mobile,C00884
656,2026-06-16,East Region,Standard Plan,2,86.29,partner,C01174
657,2026-06-16,East Region,Add-on Pack,2,80.58,mobile,C02875
658,2026-06-16,East Region,Pro Plan,1,63.44,mobile,C00343
659,2026-06-16,East Region,Pro Plan,1,63.35,web,C02198
660,2026-06-16,East Region,Pro Plan,1,71.83,mobile,C02862
661,2026-06-16,East Region,Pro Plan,1,81.05,web,C01002
662,2026-06-16,East Region,Standard Plan,1,86.35,mobile,C02508
663,2026-06-16,East Region,Add-on Pack,1,62.7,web,C00052
664,2026-06-16,East Region,Add-on Pack,1,64.93,web,C02034
665,2026-06-16,East Region,Pro Plan,1,75.43,web,C01524
666,2026-06-16,East Region,Standard Plan,1,81.59,partner,C00484
667,2026-06-16,East Region,Standard Plan,2,70.31,mobile,C02146
668,2026-06-16,East Region,Standard Plan,1,68.35,mobile,C01865
669,2026-06-16,East Region,Add-on Pack,2,71.0,partner,C00684
670,2026-06-16,East Region,Pro Plan,1,65.48,partner,C02762
671,2026-06-16,East Region,Add-on Pack,1,64.34,web,C00051
672,2026-06-16,East Region,Standard Plan,1,62.45,mobile,C00615
673,2026-06-17,East Region,Standard Plan,2,76.24,web,C01319
674,2026-06-17,East Region,Standard Plan,1,72.52,mobile,C00320
675,2026-06-17,East Region,Add-on Pack,1,71.34,web,C00915
676,2026-06-17,East Region,Add-on Pack,2,87.89,web,C01906
677,2026-06-17,East Region,Pro Plan,1,82.24,mobile,C00354
678,2026-06-17,East Region,Add-on Pack,1,73.62,web,C01195
679,2026-06-17,East Region,Add-on Pack,1,82.54,mobile,C01509
680,2026-06-17,East Region,Add-on Pack,1,87.63,partner,C02239
681,2026-06-17,East Region,Standard Plan,2,65.3,web,C00955
682,2026-06-17,East Region,Add-on Pack,1,70.62,mobile,C00006
683,2026-06-17,East Region,Add-on Pack,1,71.43,web,C00841
684,2026-06-17,East Region,Add-on Pack,2,87.94,mobile,C00246
685,2026-06-17,East Region,Standard Plan,1,80.56,web,C00949
686,2026-06-17,East Region,Add-on Pack,1,72.44,mobile,C00348
687,2026-06-17,East Region,Add-on Pack,1,63.8,partner,C01616
688,2026-06-17,East Region,Standard Plan,1,77.3,mobile,C02714
689,2026-06-17,East Region,Standard Plan,1,67.64,mobile,C01610
690,2026-06-17,East Region,Add-on Pack,1,83.83,mobile,C01855
691,2026-06-17,East Region,Pro Plan,1,67.55,web,C02395
692,2026-06-17,East Region,Standard Plan,1,65.43,mobile,C01909
693,2026-06-17,East Region,Pro Plan,1,72.26,web,C01852
694,2026-06-17,East Region,Pro Plan,1,73.8,web,C00646
695,2026-06-17,East Region,Add-on Pack,1,69.47,web,C01343
696,2026-06-17,East Region,Standard Plan,1,63.68,mobile,C01624
697,2026-06-17,East Region,Add-on Pack,1,62.53,mobile,C00713
698,2026-06-17,East Region,Standard Plan,2,87.1,partner,C02254
699,2026-06-17,East Region,Standard Plan,1,63.78,web,C00498
700,2026-06-17,East Region,Standard Plan,1,62.88,web,C00812
701,2026-06-17,East Region,Pro Plan,1,71.32,partner,C02401
702,2026-06-17,East Region,Pro Plan,1,86.15,web,C00265
703,2026-06-17,East Region,Standard Plan,2,85.75,web,C00377
704,2026-06-17,East Region,Pro Plan,2,64.53,web,C00689
705,2026-06-17,East Region,Add-on Pack,2,72.98,mobile,C00121
706,2026-06-17,East Region,Pro Plan,1,79.78,mobile,C00880
707,2026-06-17,East Region,Standard Plan,2,68.68,web,C00142
708,2026-06-17,East Region,Add-on Pack,1,78.04,partner,C01209
709,2026-06-17,East Region,Pro Plan,2,72.41,web,C00360
710,2026-06-17,East Region,Pro Plan,2,71.62,web,C02633
711,2026-06-17,East Region,Add-on Pack,1,67.98,mobile,C02922
712,2026-06-17,East Region,Pro Plan,2,74.25,mobile,C02317
713,2026-06-17,East Region,Add-on Pack,1,69.95,web,C00107
714,2026-06-18,East Region,Add-on Pack,1,67.16,web,C01933
715,2026-06-18,East Region,Add-on Pack,1,70.92,web,C00411
716,2026-06-18,East Region,Standard Plan,1,79.07,partner,C00230
717,2026-06-18,East Region,Standard Plan,2,76.86,mobile,C00712
718,2026-06-18,East Region,Standard Plan,1,67.63,partner,C02858
719,2026-06-18,East Region,Pro Plan,1,86.06,partner,C02870
720,2026-06-18,East Region,Pro Plan,1,86.97,partner,C00772
721,2026-06-18,East Region,Pro Plan,1,75.95,mobile,C00156
722,2026-06-18,East Region,Standard Plan,1,62.73,web,C02157
723,2026-06-18,East Region,Pro Plan,1,61.22,web,C01396
724,2026-06-18,East Region,Add-on Pack,1,66.03,web,C00090
725,2026-06-18,East Region,Standard Plan,1,77.16,web,C02156
726,2026-06-18,East Region,Pro Plan,1,87.33,partner,C02713
727,2026-06-18,East Region,Pro Plan,1,77.14,mobile,C01322
728,2026-06-18,East Region,Standard Plan,2,87.74,partner,C01996
729,2026-06-18,East Region,Add-on Pack,1,69.83,web,C02727
730,2026-06-18,East Region,Add-on Pack,2,83.35,mobile,C02821
731,2026-06-18,East Region,Pro Plan,1,64.66,partner,C02347
732,2026-06-18,East Region,Pro Plan,1,84.34,web,C02468
733,2026-06-18,East Region,Pro Plan,1,86.25,partner,C02317
734,2026-06-18,East Region,Standard Plan,1,86.68,mobile,C00319
735,2026-06-18,East Region,Standard Plan,1,70.63,web,C02606
736,2026-06-18,East Region,Standard Plan,1,83.55,mobile,C00047
737,2026-06-18,East Region,Pro Plan,1,66.9,mobile,C01052
738,2026-06-18,East Region,Standard Plan,1,80.8,mobile,C01795
739,2026-06-18,East Region,Add-on Pack,1,72.61,mobile,C02020
740,2026-06-18,East Region,Pro Plan,2,70.75,web,C01964
741,2026-06-18,East Region,Add-on Pack,1,78.91,web,C01849
742,2026-06-18,East Region,Standard Plan,1,82.94,mobile,C00083
743,2026-06-18,East Region,Pro Plan,1,68.3,web,C01401
744,2026-06-18,East Region,Standard Plan,1,85.35,partner,C00308
745,2026-06-18,East Region,Add-on Pack,1,86.82,mobile,C02434
746,2026-06-18,East Region,Add-on Pack,1,85.5,mobile,C02678
747,2026-06-18,East Region,Standard Plan,2,77.72,web,C00220
748,2026-06-18,East Region,Standard Plan,1,70.21,mobile,C02856
749,2026-06-18,East Region,Add-on Pack,1,80.84,partner,C01154
750,2026-06-18,East Region,Pro Plan,1,67.66,mobile,C02342
751,2026-06-18,East Region,Add-on Pack,1,84.04,web,C01478
752,2026-06-18,East Region,Standard Plan,1,72.83,partner,C02561
753,2026-06-18,East Region,Add-on Pack,1,74.26,web,C00848
754,2026-06-18,East Region,Standard Plan,1,78.56,mobile,C00474
755,2026-06-18,East Region,Pro Plan,2,82.55,mobile,C02708
756,2026-06-19,East Region,Standard Plan,2,78.66,web,C01520
757,2026-06-19,East Region,Pro Plan,2,71.25,web,C01079
758,2026-06-19,East Region,Pro Plan,1,73.85,mobile,C02312
759,2026-06-19,East Region,Standard Plan,1,65.31,web,C02737
760,2026-06-19,East Region,Pro Plan,2,83.18,partner,C00932
761,2026-06-19,East Region,Add-on Pack,2,62.86,partner,C01715
762,2026-06-19,East Region,Add-on Pack,2,79.89,partner,C00966
763,2026-06-19,East Region,Pro Plan,2,69.33,partner,C00143
764,2026-06-19,East Region,Add-on Pack,1,76.74,web,C01840
765,2026-06-19,East Region,Standard Plan,1,87.01,web,C00790
766,2026-06-19,East Region,Standard Plan,1,62.36,partner,C01784
767,2026-06-19,East Region,Standard Plan,1,88.33,partner,C01057
768,2026-06-19,East Region,Pro Plan,1,85.97,web,C01590
769,2026-06-19,East Region,Add-on Pack,1,72.01,mobile,C02129
770,2026-06-19,East Region,Pro Plan,1,86.15,partner,C02553
771,2026-06-19,East Region,Add-on Pack,2,75.41,web,C01698
772,2026-06-19,East Region,Standard Plan,1,65.23,web,C02305
773,2026-06-19,East Region,Standard Plan,1,82.57,mobile,C01082
774,2026-06-19,East Region,Pro Plan,2,79.01,web,C00706
775,2026-06-19,East Region,Pro Plan,2,72.16,web,C01622
776,2026-06-19,East Region,Pro Plan,1,79.98,partner,C01947
777,2026-06-19,East Region,Pro Plan,1,85.6,mobile,C01242
778,2026-06-19,East Region,Pro Plan,2,68.83,partner,C02806
779,2026-06-19,East Region,Standard Plan,1,87.65,web,C01231
780,2026-06-19,East Region,Add-on Pack,1,73.25,mobile,C02986
781,2026-06-19,East Region,Pro Plan,1,77.66,web,C01810
782,2026-06-19,East Region,Standard Plan,2,86.05,partner,C01985
783,2026-06-19,East Region,Add-on Pack,1,84.79,partner,C00652
784,2026-06-19,East Region,Standard Plan,2,69.66,web,C02148
785,2026-06-19,East Region,Add-on Pack,1,61.99,web,C00237
786,2026-06-19,East Region,Standard Plan,1,62.1,mobile,C02887
787,2026-06-19,East Region,Standard Plan,2,68.65,partner,C01626
788,2026-06-19,East Region,Add-on Pack,1,86.31,web,C01526
789,2026-06-19,East Region,Pro Plan,1,77.36,mobile,C02404
790,2026-06-19,East Region,Add-on Pack,1,70.71,mobile,C02822
791,2026-06-19,East Region,Standard Plan,2,68.95,web,C00668
792,2026-06-19,East Region,Add-on Pack,1,82.41,web,C02652
793,2026-06-19,East Region,Standard Plan,1,79.63,partner,C01678
794,2026-06-19,East Region,Add-on Pack,1,61.75,mobile,C00542
795,2026-06-19,East Region,Add-on Pack,1,65.91,web,C01034
796,2026-06-19,East Region,Add-on Pack,1,83.1,partner,C02906
797,2026-06-19,East Region,Add-on Pack,2,68.69,mobile,C01881
798,2026-06-20,East Region,Standard Plan,2,73.89,partner,C00420
799,2026-06-20,East Region,Standard Plan,1,75.11,partner,C02652
800,2026-06-20,East Region,Add-on Pack,1,77.77,partner,C00443
801,2026-06-20,East Region,Pro Plan,1,62.94,partner,C01332
802,2026-06-20,East Region,Pro Plan,1,68.3,web,C00615
803,2026-06-20,East Region,Add-on Pack,1,82.02,partner,C01656
804,2026-06-20,East Region,Add-on Pack,1,69.89,partner,C00105
805,2026-06-20,East Region,Add-on Pack,1,74.73,mobile,C01715
806,2026-06-20,East Region,Pro Plan,1,71.76,partner,C02901
807,2026-06-20,East Region,Add-on Pack,1,83.4,partner,C02922
808,2026-06-20,East Region,Standard Plan,2,79.87,partner,C01469
809,2026-06-20,East Region,Add-on Pack,1,69.37,partner,C02287
810,2026-06-20,East Region,Standard Plan,2,69.19,web,C01060
811,2026-06-20,East Region,Add-on Pack,1,83.19,partner,C01375
812,2026-06-20,East Region,Add-on Pack,1,63.63,web,C01258
813,2026-06-20,East Region,Pro Plan,1,82.64,mobile,C01068
814,2026-06-20,East Region,Add-on Pack,1,69.2,mobile,C00220
815,2026-06-20,East Region,Add-on Pack,1,77.07,mobile,C00797
816,2026-06-20,East Region,Add-on Pack,2,64.46,partner,C01223
817,2026-06-20,East Region,Pro Plan,1,62.67,web,C00821
818,2026-06-20,East Region,Pro Plan,2,72.33,web,C01296
819,2026-06-20,East Region,Add-on Pack,1,66.11,mobile,C01363
820,2026-06-20,East Region,Add-on Pack,1,88.04,partner,C00238
821,2026-06-20,East Region,Standard Plan,1,73.5,web,C02361
822,2026-06-20,East Region,Standard Plan,1,74.52,web,C02517
823,2026-06-20,East Region,Pro Plan,2,78.43,mobile,C01956
824,2026-06-20,East Region,Pro Plan,1,61.33,partner,C01529
825,2026-06-20,East Region,Standard Plan,1,85.46,web,C02772
826,2026-06-20,East Region,Standard Plan,1,78.25,web,C02841
827,2026-06-20,East Region,Pro Plan,1,69.69,mobile,C02062
828,2026-06-20,East Region,Add-on Pack,1,69.53,web,C01222
829,2026-06-20,East Region,Pro Plan,1,73.6,mobile,C02814
830,2026-06-20,East Region,Standard Plan,2,70.52,mobile,C00772
831,2026-06-20,East Region,Standard Plan,2,86.99,web,C00936
832,2026-06-20,East Region,Standard Plan,1,80.98,web,C00090
833,2026-06-20,East Region,Add-on Pack,1,74.93,mobile,C02913
834,2026-06-20,East Region,Add-on Pack,2,82.75,partner,C01048
835,2026-06-20,East Region,Add-on Pack,1,78.15,partner,C00443
836,2026-06-20,East Region,Add-on Pack,1,83.94,partner,C00475
837,2026-06-20,East Region,Pro Plan,1,73.29,partner,C01036
838,2026-06-20,East Region,Pro Plan,1,80.29,partner,C02809
839,2026-06-20,East Region,Add-on Pack,2,61.45,partner,C00414
840,2026-06-21,East Region,Pro Plan,1,78.14,mobile,C00430
841,2026-06-21,East Region,Add-on Pack,1,80.75,mobile,C00467
842,2026-06-21,East Region,Standard Plan,1,74.74,mobile,C02143
843,2026-06-21,East Region,Standard Plan,2,70.94,mobile,C00657
844,2026-06-21,East Region,Standard Plan,1,76.11,partner,C01969
845,2026-06-21,East Region,Pro Plan,1,67.58,partner,C00365
846,2026-06-21,East Region,Standard Plan,2,83.92,web,C00369
847,2026-06-21,East Region,Add-on Pack,1,63.24,mobile,C02640
848,2026-06-21,East Region,Standard Plan,1,73.62,mobile,C01902
849,2026-06-21,East Region,Standard Plan,1,63.91,web,C01191
850,2026-06-21,East Region,Pro Plan,1,83.0,mobile,C00475
851,2026-06-21,East Region,Standard Plan,1,84.35,web,C00567
852,2026-06-21,East Region,Add-on Pack,1,78.8,mobile,C01793
853,2026-06-21,East Region,Add-on Pack,1,68.5,mobile,C01404
854,2026-06-21,East Region,Standard Plan,2,64.3,mobile,C01114
855,2026-06-21,East Region,Pro Plan,2,79.97,mobile,C02658
856,2026-06-21,East Region,Standard Plan,1,64.28,web,C00425
857,2026-06-21,East Region,Pro Plan,2,85.99,partner,C02779
858,2026-06-21,East Region,Pro Plan,2,66.13,mobile,C02505
859,2026-06-21,East Region,Standard Plan,1,84.66,mobile,C02000
860,2026-06-21,East Region,Standard Plan,2,85.34,web,C00260
861,2026-06-21,East Region,Pro Plan,1,79.02,partner,C02777
862,2026-06-21,East Region,Add-on Pack,1,82.08,partner,C01386
863,2026-06-21,East Region,Add-on Pack,1,75.43,mobile,C02711
864,2026-06-21,East Region,Add-on Pack,1,67.96,partner,C02771
865,2026-06-21,East Region,Add-on Pack,1,71.67,web,C02636
866,2026-06-21,East Region,Standard Plan,2,74.95,mobile,C00678
867,2026-06-21,East Region,Standard Plan,1,81.64,web,C01356
868,2026-06-21,East Region,Pro Plan,1,62.57,partner,C02636
869,2026-06-21,East Region,Pro Plan,1,72.17,web,C01881
870,2026-06-21,East Region,Pro Plan,2,82.99,web,C02042
871,2026-06-21,East Region,Pro Plan,2,69.8,partner,C02677
872,2026-06-21,East Region,Standard Plan,2,63.99,web,C02283
873,2026-06-21,East Region,Add-on Pack,1,61.2,partner,C02536
874,2026-06-21,East Region,Add-on Pack,1,69.49,partner,C02751
875,2026-06-21,East Region,Pro Plan,1,87.05,web,C00914
876,2026-06-21,East Region,Pro Plan,2,70.23,partner,C02692
877,2026-06-21,East Region,Pro Plan,1,80.67,web,C02699
878,2026-06-21,East Region,Standard Plan,1,61.26,partner,C01196
879,2026-06-21,East Region,Add-on Pack,1,75.4,web,C00673
880,2026-06-21,East Region,Pro Plan,2,65.02,web,C01042
881,2026-06-21,East Region,Add-on Pack,1,66.53,mobile,C00884
882,2026-06-21,East Region,Pro Plan,1,83.63,partner,C01385
883,2026-06-21,East Region,Standard Plan,1,81.79,partner,C02754
884,2026-06-22,East Region,Standard Plan,2,82.2,mobile,C02698
885,2026-06-22,East Region,Add-on Pack,1,87.21,mobile,C00018
886,2026-06-22,East Region,Add-on Pack,2,81.23,partner,C01979
887,2026-06-22,East Region,Add-on Pack,1,82.45,partner,C02370
888,2026-06-22,East Region,Standard Plan,1,81.07,web,C01587
889,2026-06-22,East Region,Add-on Pack,1,77.53,partner,C01576
890,2026-06-22,East Region,Pro Plan,1,87.84,mobile,C01630
891,2026-06-22,East Region,Pro Plan,2,87.6,web,C00566
892,2026-06-22,East Region,Pro Plan,1,77.59,partner,C02244
893,2026-06-22,East Region,Pro Plan,1,80.56,web,C00859
894,2026-06-22,East Region,Add-on Pack,1,80.63,partner,C00544
895,2026-06-22,East Region,Add-on Pack,1,78.88,partner,C02223
896,2026-06-22,East Region,Add-on Pack,1,78.52,mobile,C02304
897,2026-06-22,East Region,Pro Plan,2,77.05,partner,C02187
898,2026-06-22,East Region,Pro Plan,2,85.07,web,C02142
899,2026-06-22,East Region,Standard Plan,1,61.89,web,C02746
900,2026-06-22,East Region,Standard Plan,1,66.64,mobile,C02800
901,2026-06-22,East Region,Pro Plan,1,65.18,partner,C01209
902,2026-06-22,East Region,Standard Plan,1,81.7,mobile,C01854
903,2026-06-22,East Region,Standard Plan,1,77.96,partner,C02651
904,2026-06-22,East Region,Add-on Pack,1,71.78,partner,C02722
905,2026-06-22,East Region,Standard Plan,2,86.4,mobile,C02807
906,2026-06-22,East Region,Pro Plan,1,87.47,web,C01030
907,2026-06-22,East Region,Standard Plan,2,78.08,web,C02596
908,2026-06-22,East Region,Add-on Pack,1,80.5,partner,C02239
909,2026-06-22,East Region,Add-on Pack,1,77.61,mobile,C01839
910,2026-06-22,East Region,Standard Plan,1,87.95,web,C00712
911,2026-06-22,East Region,Add-on Pack,2,75.18,web,C01756
912,2026-06-22,East Region,Pro Plan,1,76.34,web,C02393
913,2026-06-22,East Region,Pro Plan,2,61.35,partner,C00635
914,2026-06-22,East Region,Standard Plan,1,65.38,partner,C00209
915,2026-06-22,East Region,Add-on Pack,1,77.94,mobile,C02346
916,2026-06-22,East Region,Add-on Pack,1,70.94,partner,C00901
917,2026-06-22,East Region,Standard Plan,1,75.36,mobile,C02225
918,2026-06-22,East Region,Add-on Pack,1,72.17,web,C00874
919,2026-06-22,East Region,Add-on Pack,1,70.23,mobile,C00895
920,2026-06-22,East Region,Add-on Pack,1,75.63,web,C02740
921,2026-06-22,East Region,Pro Plan,1,73.32,web,C02796
922,2026-06-22,East Region,Pro Plan,1,71.57,mobile,C01051
923,2026-06-22,East Region,Add-on Pack,1,80.89,partner,C01536
924,2026-06-22,East Region,Add-on Pack,2,83.04,mobile,C00180
925,2026-06-22,East Region,Pro Plan,1,85.63,mobile,C02105
926,2026-06-22,East Region,Standard Plan,1,86.99,partner,C02185
927,2026-06-22,East Region,Standard Plan,1,78.25,partner,C02579
928,2026-06-23,East Region,Add-on Pack,1,72.74,web,C02203
929,2026-06-23,East Region,Add-on Pack,2,85.1,partner,C00296
930,2026-06-23,East Region,Add-on Pack,1,79.86,mobile,C02937
931,2026-06-23,East Region,Pro Plan,1,62.23,web,C00730
932,2026-06-23,East Region,Pro Plan,1,76.38,mobile,C01670
933,2026-06-23,East Region,Pro Plan,2,73.47,mobile,C01296
934,2026-06-23,East Region,Standard Plan,1,71.79,partner,C00025
935,2026-06-23,East Region,Add-on Pack,1,80.79,partner,C02399
936,2026-06-23,East Region,Standard Plan,1,80.26,mobile,C02060
937,2026-06-23,East Region,Standard Plan,1,69.08,partner,C00355
938,2026-06-23,East Region,Pro Plan,2,82.02,mobile,C01619
939,2026-06-23,East Region,Add-on Pack,1,62.04,partner,C00901
940,2026-06-23,East Region,Standard Plan,1,81.51,partner,C00591
941,2026-06-23,East Region,Pro Plan,1,79.62,web,C02268
942,2026-06-23,East Region,Add-on Pack,1,65.05,web,C02346
943,2026-06-23,East Region,Add-on Pack,1,71.92,mobile,C00861
944,2026-06-23,East Region,Add-on Pack,1,81.37,web,C01691
945,2026-06-23,East Region,Add-on Pack,1,84.36,web,C00754
946,2026-06-23,East Region,Standard Plan,1,77.98,web,C00470
947,2026-06-23,East Region,Standard Plan,1,79.45,partner,C01890
948,2026-06-23,East Region,Add-on Pack,1,76.15,partner,C00276
949,2026-06-23,East Region,Pro Plan,2,63.87,mobile,C01463
950,2026-06-23,East Region,Standard Plan,1,79.46,web,C01168
951,2026-06-23,East Region,Add-on Pack,1,63.1,mobile,C01991
952,2026-06-23,East Region,Pro Plan,1,70.13,partner,C02393
953,2026-06-23,East Region,Standard Plan,1,76.58,mobile,C01755
954,2026-06-23,East Region,Standard Plan,1,61.33,web,C02918
955,2026-06-23,East Region,Add-on Pack,1,78.63,mobile,C00551
956,2026-06-23,East Region,Add-on Pack,2,81.14,mobile,C01825
957,2026-06-23,East Region,Pro Plan,2,82.27,partner,C00446
958,2026-06-23,East Region,Standard Plan,1,78.76,mobile,C00574
959,2026-06-23,East Region,Add-on Pack,1,66.54,partner,C00309
960,2026-06-23,East Region,Standard Plan,1,84.31,partner,C02372
961,2026-06-23,East Region,Pro Plan,1,82.12,web,C02260
962,2026-06-23,East Region,Pro Plan,2,75.98,partner,C00609
963,2026-06-23,East Region,Pro Plan,1,71.88,web,C01904
964,2026-06-23,East Region,Add-on Pack,2,75.08,mobile,C02057
965,2026-06-23,East Region,Standard Plan,1,79.22,partner,C00575
966,2026-06-23,East Region,Pro Plan,1,65.53,partner,C02999
967,2026-06-23,East Region,Pro Plan,1,86.75,web,C01998
968,2026-06-23,East Region,Standard Plan,1,62.91,web,C00176
969,2026-06-24,East Region,Add-on Pack,1,85.89,mobile,C01924
970,2026-06-24,East Region,Pro Plan,1,85.18,partner,C01328
971,2026-06-24,East Region,Standard Plan,1,80.34,partner,C01079
972,2026-06-24,East Region,Add-on Pack,1,76.01,mobile,C02678
973,2026-06-24,East Region,Pro Plan,1,71.14,partner,C01031
974,2026-06-24,East Region,Pro Plan,1,87.66,partner,C01663
975,2026-06-24,East Region,Pro Plan,1,83.43,mobile,C01975
976,2026-06-24,East Region,Add-on Pack,1,61.38,mobile,C00679
977,2026-06-24,East Region,Standard Plan,1,63.3,web,C00616
978,2026-06-24,East Region,Standard Plan,1,65.48,partner,C00944
979,2026-06-24,East Region,Pro Plan,1,83.26,mobile,C02766
980,2026-06-24,East Region,Pro Plan,1,74.23,partner,C01684
981,2026-06-24,East Region,Standard Plan,1,67.83,partner,C02427
982,2026-06-24,East Region,Standard Plan,1,64.86,partner,C00602
983,2026-06-24,East Region,Standard Plan,1,65.72,partner,C01661
984,2026-06-24,East Region,Add-on Pack,1,87.56,partner,C02982
985,2026-06-24,East Region,Add-on Pack,1,83.54,web,C01840
986,2026-06-24,East Region,Add-on Pack,2,88.2,web,C00899
987,2026-06-24,East Region,Pro Plan,1,77.54,partner,C02702
988,2026-06-24,East Region,Add-on Pack,1,68.39,mobile,C02444
989,2026-06-24,East Region,Add-on Pack,2,63.07,mobile,C00542
990,2026-06-24,East Region,Standard Plan,2,61.65,web,C02481
991,2026-06-24,East Region,Standard Plan,1,66.03,partner,C02062
992,2026-06-24,East Region,Standard Plan,1,63.73,partner,C02209
993,2026-06-24,East Region,Standard Plan,2,85.6,partner,C01724
994,2026-06-24,East Region,Pro Plan,2,85.0,web,C01975
995,2026-06-24,East Region,Pro Plan,1,70.73,mobile,C00549
996,2026-06-24,East Region,Pro Plan,1,74.18,web,C01161
997,2026-06-24,East Region,Add-on Pack,2,85.05,mobile,C00775
998,2026-06-24,East Region,Standard Plan,1,80.49,partner,C02141
999,2026-06-24,East Region,Standard Plan,2,75.34,partner,C00842
1000,2026-06-24,East Region,Add-on Pack,2,83.08,mobile,C00437
1001,2026-06-24,East Region,Standard Plan,1,72.79,mobile,C02196
1002,2026-06-24,East Region,Pro Plan,1,76.56,partner,C01628
1003,2026-06-24,East Region,Standard Plan,2,72.44,web,C01517
1004,2026-06-24,East Region,Add-on Pack,1,76.29,mobile,C02367
1005,2026-06-24,East Region,Pro Plan,2,82.26,partner,C00566
1006,2026-06-24,East Region,Add-on Pack,1,64.44,mobile,C02865
1007,2026-06-24,East Region,Standard Plan,2,63.93,mobile,C02256
1008,2026-06-24,East Region,Add-on Pack,1,80.16,web,C01594
1009,2026-06-24,East Region,Add-on Pack,1,61.34,web,C01932
1010,2026-06-25,East Region,Pro Plan,1,63.6,web,C01519
1011,2026-06-25,East Region,Standard Plan,2,77.77,mobile,C02515
1012,2026-06-25,East Region,Add-on Pack,1,75.37,web,C02623
1013,2026-06-25,East Region,Pro Plan,1,73.14,partner,C02123
1014,2026-06-25,East Region,Pro Plan,1,66.5,partner,C00695
1015,2026-06-25,East Region,Add-on Pack,1,62.18,partner,C00002
1016,2026-06-25,East Region,Standard Plan,1,63.56,mobile,C01447
1017,2026-06-25,East Region,Add-on Pack,1,71.95,partner,C00063
1018,2026-06-25,East Region,Add-on Pack,1,80.34,partner,C01166
1019,2026-06-25,East Region,Add-on Pack,1,83.77,mobile,C01133
1020,2026-06-25,East Region,Standard Plan,1,77.69,mobile,C01655
1021,2026-06-25,East Region,Add-on Pack,1,61.33,mobile,C02074
1022,2026-06-25,East Region,Standard Plan,1,76.39,mobile,C00480
1023,2026-06-25,East Region,Add-on Pack,1,87.22,partner,C01814
1024,2026-06-25,East Region,Pro Plan,1,76.52,mobile,C01880
1025,2026-06-25,East Region,Add-on Pack,1,73.73,mobile,C00477
1026,2026-06-25,East Region,Pro Plan,1,63.04,partner,C02873
1027,2026-06-25,East Region,Standard Plan,2,82.96,mobile,C02116
1028,2026-06-25,East Region,Add-on Pack,1,61.46,web,C01177
1029,2026-06-25,East Region,Standard Plan,1,72.05,web,C02272
1030,2026-06-25,East Region,Standard Plan,1,74.16,web,C02350
1031,2026-06-25,East Region,Pro Plan,1,66.17,mobile,C00818
1032,2026-06-25,East Region,Standard Plan,1,81.2,web,C00939
1033,2026-06-25,East Region,Standard Plan,1,83.91,web,C00437
1034,2026-06-25,East Region,Standard Plan,2,86.23,partner,C00028
1035,2026-06-25,East Region,Add-on Pack,2,87.26,mobile,C02543
1036,2026-06-25,East Region,Pro Plan,1,74.59,mobile,C00750
1037,2026-06-25,East Region,Add-on Pack,1,68.82,partner,C00526
1038,2026-06-25,East Region,Standard Plan,2,75.5,mobile,C02215
1039,2026-06-25,East Region,Standard Plan,2,74.87,partner,C00716
1040,2026-06-25,East Region,Pro Plan,2,87.76,mobile,C02824
1041,2026-06-25,East Region,Standard Plan,1,61.52,mobile,C02380
1042,2026-06-25,East Region,Standard Plan,1,70.05,web,C02247
1043,2026-06-25,East Region,Pro Plan,2,67.65,partner,C01406
1044,2026-06-25,East Region,Pro Plan,2,66.2,web,C01717
1045,2026-06-25,East Region,Add-on Pack,1,81.66,mobile,C01146
1046,2026-06-25,East Region,Pro Plan,1,66.09,partner,C02810
1047,2026-06-25,East Region,Standard Plan,1,83.35,web,C02275
1048,2026-06-25,East Region,Pro Plan,1,84.49,web,C00613
1049,2026-06-25,East Region,Pro Plan,1,83.11,mobile,C02047
1050,2026-06-25,East Region,Standard Plan,1,88.28,mobile,C01229
1051,2026-06-25,East Region,Pro Plan,1,76.49,mobile,C00406
1052,2026-06-25,East Region,Add-on Pack,1,65.64,mobile,C01952
1053,2026-06-25,East Region,Add-on Pack,1,63.82,mobile,C01479
1054,2026-06-26,East Region,Add-on Pack,1,76.36,mobile,C00082
1055,2026-06-26,East Region,Pro Plan,1,64.5,partner,C02359
1056,2026-06-26,East Region,Add-on Pack,1,78.86,mobile,C01455
1057,2026-06-26,East Region,Pro Plan,2,79.51,partner,C01831
1058,2026-06-26,East Region,Standard Plan,1,71.57,mobile,C02588
1059,2026-06-26,East Region,Standard Plan,1,84.82,mobile,C02586
1060,2026-06-26,East Region,Add-on Pack,1,76.75,web,C00664
1061,2026-06-26,East Region,Pro Plan,1,67.41,partner,C01194
1062,2026-06-26,East Region,Add-on Pack,2,68.48,mobile,C01823
1063,2026-06-26,East Region,Pro Plan,2,81.54,mobile,C00686
1064,2026-06-26,East Region,Standard Plan,1,84.43,partner,C00962
1065,2026-06-26,East Region,Add-on Pack,1,68.04,web,C00684
1066,2026-06-26,East Region,Pro Plan,1,64.0,mobile,C02247
1067,2026-06-26,East Region,Standard Plan,2,61.92,partner,C00341
1068,2026-06-26,East Region,Standard Plan,1,68.34,web,C02683
1069,2026-06-26,East Region,Pro Plan,1,69.61,partner,C01164
1070,2026-06-26,East Region,Pro Plan,1,78.24,partner,C00699
1071,2026-06-26,East Region,Standard Plan,1,62.16,mobile,C01951
1072,2026-06-26,East Region,Pro Plan,1,87.72,partner,C01823
1073,2026-06-26,East Region,Standard Plan,1,87.57,partner,C02448
1074,2026-06-26,East Region,Pro Plan,2,78.36,partner,C02621
1075,2026-06-26,East Region,Add-on Pack,1,75.72,mobile,C02211
1076,2026-06-26,East Region,Standard Plan,2,83.09,mobile,C01499
1077,2026-06-26,East Region,Pro Plan,1,68.27,web,C00001
1078,2026-06-26,East Region,Add-on Pack,1,83.38,mobile,C01175
1079,2026-06-26,East Region,Pro Plan,2,75.75,mobile,C01228
1080,2026-06-26,East Region,Standard Plan,1,82.03,partner,C00948
1081,2026-06-26,East Region,Standard Plan,1,76.11,mobile,C02297
1082,2026-06-26,East Region,Pro Plan,1,71.94,partner,C02646
1083,2026-06-26,East Region,Pro Plan,1,83.73,mobile,C00325
1084,2026-06-26,East Region,Pro Plan,1,78.21,mobile,C02657
1085,2026-06-26,East Region,Add-on Pack,1,75.67,mobile,C00771
1086,2026-06-26,East Region,Standard Plan,1,66.16,web,C02609
1087,2026-06-26,East Region,Pro Plan,1,78.0,partner,C02551
1088,2026-06-26,East Region,Pro Plan,1,66.31,web,C00204
1089,2026-06-26,East Region,Add-on Pack,1,61.8,mobile,C01103
1090,2026-06-26,East Region,Standard Plan,1,80.65,web,C00370
1091,2026-06-26,East Region,Standard Plan,1,61.6,mobile,C01722
1092,2026-06-26,East Region,Pro Plan,2,82.57,mobile,C01900
1093,2026-06-26,East Region,Add-on Pack,1,82.73,web,C00599
1094,2026-06-26,East Region,Standard Plan,2,68.45,web,C02225
1095,2026-06-26,East Region,Pro Plan,1,66.14,mobile,C00052
1096,2026-06-27,East Region,Add-on Pack,2,67.97,web,C00138
1097,2026-06-27,East Region,Standard Plan,1,73.73,partner,C02728
1098,2026-06-27,East Region,Standard Plan,1,74.06,mobile,C00650
1099,2026-06-27,East Region,Add-on Pack,1,81.01,mobile,C01972
1100,2026-06-27,East Region,Add-on Pack,1,69.33,web,C02731
1101,2026-06-27,East Region,Standard Plan,1,87.67,partner,C01779
1102,2026-06-27,East Region,Pro Plan,1,61.61,partner,C00491
1103,2026-06-27,East Region,Pro Plan,1,82.66,web,C02381
1104,2026-06-27,East Region,Add-on Pack,1,74.13,mobile,C00367
1105,2026-06-27,East Region,Standard Plan,1,65.49,partner,C02534
1106,2026-06-27,East Region,Pro Plan,1,86.52,web,C01457
1107,2026-06-27,East Region,Add-on Pack,1,65.39,web,C01999
1108,2026-06-27,East Region,Standard Plan,1,69.82,mobile,C00791
1109,2026-06-27,East Region,Standard Plan,1,79.95,partner,C00552
1110,2026-06-27,East Region,Pro Plan,2,85.64,partner,C01793
1111,2026-06-27,East Region,Add-on Pack,2,69.22,web,C02322
1112,2026-06-27,East Region,Standard Plan,1,75.99,partner,C01919
1113,2026-06-27,East Region,Pro Plan,1,84.8,web,C02176
1114,2026-06-27,East Region,Standard Plan,1,73.42,partner,C01504
1115,2026-06-27,East Region,Pro Plan,2,61.22,partner,C00760
1116,2026-06-27,East Region,Standard Plan,1,78.06,partner,C00979
1117,2026-06-27,East Region,Pro Plan,2,80.81,web,C02147
1118,2026-06-27,East Region,Add-on Pack,1,74.73,partner,C01160
1119,2026-06-27,East Region,Pro Plan,1,72.35,web,C00395
1120,2026-06-27,East Region,Add-on Pack,1,79.12,web,C00732
1121,2026-06-27,East Region,Standard Plan,2,66.7,web,C00405
1122,2026-06-27,East Region,Standard Plan,2,76.73,partner,C02007
1123,2026-06-27,East Region,Add-on Pack,1,78.17,web,C01501
1124,2026-06-27,East Region,Standard Plan,1,77.68,web,C00855
1125,2026-06-27,East Region,Add-on Pack,1,74.57,mobile,C02618
1126,2026-06-27,East Region,Standard Plan,2,71.02,mobile,C02902
1127,2026-06-27,East Region,Standard Plan,1,83.6,partner,C00167
1128,2026-06-27,East Region,Add-on Pack,1,63.11,web,C00885
1129,2026-06-27,East Region,Add-on Pack,1,63.84,partner,C01579
1130,2026-06-27,East Region,Standard Plan,1,66.45,partner,C02562
1131,2026-06-27,East Region,Standard Plan,2,76.39,partner,C00433
1132,2026-06-27,East Region,Add-on Pack,2,76.88,partner,C02725
1133,2026-06-27,East Region,Pro Plan,1,85.21,web,C02253
1134,2026-06-27,East Region,Pro Plan,1,74.93,partner,C02458
1135,2026-06-27,East Region,Pro Plan,1,86.59,partner,C01330
1136,2026-06-28,East Region,Pro Plan,2,81.99,partner,C01325
1137,2026-06-28,East Region,Add-on Pack,1,67.75,mobile,C02254
1138,2026-06-28,East Region,Add-on Pack,2,68.11,mobile,C01627
1139,2026-06-28,East Region,Standard Plan,1,80.96,partner,C00067
1140,2026-06-28,East Region,Add-on Pack,1,64.87,web,C01231
1141,2026-06-28,East Region,Standard Plan,1,67.04,web,C02826
1142,2026-06-28,East Region,Pro Plan,1,86.2,web,C00155
1143,2026-06-28,East Region,Pro Plan,1,70.87,mobile,C01504
1144,2026-06-28,East Region,Add-on Pack,1,68.0,mobile,C00377
1145,2026-06-28,East Region,Add-on Pack,1,72.07,partner,C00317
1146,2026-06-28,East Region,Add-on Pack,2,70.03,web,C02000
1147,2026-06-28,East Region,Add-on Pack,1,80.32,partner,C02631
1148,2026-06-28,East Region,Pro Plan,2,62.22,web,C00230
1149,2026-06-28,East Region,Pro Plan,2,70.66,mobile,C00494
1150,2026-06-28,East Region,Standard Plan,1,81.54,partner,C02590
1151,2026-06-28,East Region,Pro Plan,1,62.67,mobile,C02212
1152,2026-06-28,East Region,Add-on Pack,1,65.27,web,C00207
1153,2026-06-28,East Region,Add-on Pack,2,81.1,mobile,C02438
1154,2026-06-28,East Region,Add-on Pack,1,74.93,mobile,C01187
1155,2026-06-28,East Region,Pro Plan,1,65.23,web,C01950
1156,2026-06-28,East Region,Add-on Pack,2,81.47,mobile,C00349
1157,2026-06-28,East Region,Pro Plan,1,74.85,web,C01970
1158,2026-06-28,East Region,Add-on Pack,2,66.59,partner,C02341
1159,2026-06-28,East Region,Standard Plan,1,76.46,web,C00294
1160,2026-06-28,East Region,Pro Plan,1,82.33,partner,C02360
1161,2026-06-28,East Region,Standard Plan,2,64.26,mobile,C01497
1162,2026-06-28,East Region,Pro Plan,1,66.38,partner,C02685
1163,2026-06-28,East Region,Standard Plan,1,82.14,mobile,C02525
1164,2026-06-28,East Region,Pro Plan,2,78.15,web,C00957
1165,2026-06-28,East Region,Standard Plan,1,79.84,partner,C00352
1166,2026-06-28,East Region,Standard Plan,1,81.32,partner,C00605
1167,2026-06-28,East Region,Pro Plan,1,61.57,mobile,C01844
1168,2026-06-28,East Region,Pro Plan,1,61.82,partner,C02204
1169,2026-06-28,East Region,Standard Plan,1,66.74,partner,C01979
1170,2026-06-28,East Region,Add-on Pack,1,81.05,partner,C02863
1171,2026-06-28,East Region,Add-on Pack,1,61.7,mobile,C00698
1172,2026-06-28,East Region,Standard Plan,1,68.93,web,C01905
1173,2026-06-28,East Region,Add-on Pack,1,86.91,mobile,C02705
1174,2026-06-28,East Region,Pro Plan,1,79.23,web,C00079
1175,2026-06-28,East Region,Pro Plan,2,84.79,web,C01560
1176,2026-06-28,East Region,Add-on Pack,1,87.76,mobile,C01986
1177,2026-06-28,East Region,Add-on Pack,1,75.66,web,C02051
1178,2026-06-29,East Region,Add-on Pack,1,86.4,web,C01014
1179,2026-06-29,East Region,Add-on Pack,2,69.49,mobile,C00644
1180,2026-06-29,East Region,Standard Plan,1,70.63,mobile,C02561
1181,2026-06-29,East Region,Pro Plan,1,67.62,web,C02564
1182,2026-06-29,East Region,Pro Plan,1,85.1,partner,C01148
1183,2026-06-29,East Region,Standard Plan,2,65.33,partner,C00563
1184,2026-06-29,East Region,Standard Plan,1,81.05,mobile,C00985
1185,2026-06-29,East Region,Add-on Pack,1,65.35,partner,C01349
1186,2026-06-29,East Region,Pro Plan,1,75.95,partner,C00568
1187,2026-06-29,East Region,Add-on Pack,1,75.92,web,C01266
1188,2026-06-29,East Region,Add-on Pack,1,80.38,mobile,C00595
1189,2026-06-29,East Region,Add-on Pack,1,86.58,mobile,C00278
1190,2026-06-29,East Region,Add-on Pack,1,75.7,web,C01301
1191,2026-06-29,East Region,Standard Plan,1,80.98,mobile,C01685
1192,2026-06-29,East Region,Pro Plan,1,73.25,web,C00770
1193,2026-06-29,East Region,Standard Plan,1,64.78,partner,C02528
1194,2026-06-29,East Region,Pro Plan,1,77.67,partner,C00952
1195,2026-06-29,East Region,Standard Plan,1,79.9,web,C02819
1196,2026-06-29,East Region,Pro Plan,2,64.85,partner,C02661
1197,2026-06-29,East Region,Pro Plan,2,66.2,mobile,C01941
1198,2026-06-29,East Region,Standard Plan,1,65.65,web,C01674
1199,2026-06-29,East Region,Standard Plan,2,86.37,web,C02750
1200,2026-06-29,East Region,Standard Plan,1,81.81,web,C01800
1201,2026-06-29,East Region,Add-on Pack,1,74.53,mobile,C01011
1202,2026-06-29,East Region,Pro Plan,1,72.21,partner,C01559
1203,2026-06-29,East Region,Add-on Pack,1,69.71,partner,C00448
1204,2026-06-29,East Region,Pro Plan,1,73.63,web,C02125
1205,2026-06-29,East Region,Add-on Pack,1,71.96,partner,C01587
1206,2026-06-29,East Region,Add-on Pack,1,82.01,web,C01193
1207,2026-06-29,East Region,Pro Plan,1,72.03,mobile,C01890
1208,2026-06-29,East Region,Standard Plan,1,72.69,partner,C02118
1209,2026-06-29,East Region,Standard Plan,2,73.81,web,C02960
1210,2026-06-29,East Region,Add-on Pack,1,64.28,mobile,C01694
1211,2026-06-29,East Region,Pro Plan,1,73.46,mobile,C02418
1212,2026-06-29,East Region,Add-on Pack,2,85.57,web,C01025
1213,2026-06-29,East Region,Pro Plan,1,80.01,partner,C00507
1214,2026-06-29,East Region,Standard Plan,2,64.31,partner,C01487
1215,2026-06-29,East Region,Standard Plan,2,75.45,partner,C02096
1216,2026-06-29,East Region,Add-on Pack,2,87.03,partner,C01559
1217,2026-06-29,East Region,Standard Plan,1,82.1,partner,C02702
1218,2026-06-29,East Region,Standard Plan,1,65.61,web,C02917
1219,2026-06-29,East Region,Standard Plan,1,72.61,partner,C01828
1220,2026-06-29,East Region,Pro Plan,1,78.24,web,C00831
1221,2026-06-30,East Region,Add-on Pack,1,82.02,mobile,C02039
1222,2026-06-30,East Region,Pro Plan,1,75.98,partner,C02022
1223,2026-06-30,East Region,Standard Plan,2,67.1,mobile,C01680
1224,2026-06-30,East Region,Pro Plan,1,63.36,web,C02242
1225,2026-06-30,East Region,Pro Plan,1,78.06,web,C00758
1226,2026-06-30,East Region,Standard Plan,1,62.7,web,C00596
1227,2026-06-30,East Region,Standard Plan,1,79.34,mobile,C00360
1228,2026-06-30,East Region,Standard Plan,1,64.16,web,C02753
1229,2026-06-30,East Region,Pro Plan,1,77.82,mobile,C02372
1230,2026-06-30,East Region,Pro Plan,1,86.54,mobile,C01323
1231,2026-06-30,East Region,Pro Plan,1,85.61,mobile,C02255
1232,2026-06-30,East Region,Standard Plan,1,69.17,web,C02846
1233,2026-06-30,East Region,Pro Plan,2,70.15,partner,C00860
1234,2026-06-30,East Region,Add-on Pack,1,66.89,web,C02341
1235,2026-06-30,East Region,Add-on Pack,1,87.84,mobile,C02966
1236,2026-06-30,East Region,Add-on Pack,1,77.65,mobile,C02494
1237,2026-06-30,East Region,Pro Plan,1,68.26,web,C02517
1238,2026-06-30,East Region,Add-on Pack,2,74.7,mobile,C00737
1239,2026-06-30,East Region,Add-on Pack,1,67.53,web,C00007
1240,2026-06-30,East Region,Standard Plan,1,61.85,partner,C00850
1241,2026-06-30,East Region,Add-on Pack,2,88.37,web,C01368
1242,2026-06-30,East Region,Pro Plan,1,76.44,web,C02624
1243,2026-06-30,East Region,Standard Plan,1,79.97,web,C01261
1244,2026-06-30,East Region,Pro Plan,1,74.98,web,C00467
1245,2026-06-30,East Region,Add-on Pack,2,70.27,partner,C02331
1246,2026-06-30,East Region,Add-on Pack,1,87.32,web,C01354
1247,2026-06-30,East Region,Pro Plan,2,86.29,mobile,C00146
1248,2026-06-30,East Region,Add-on Pack,1,64.89,partner,C01887
1249,2026-06-30,East Region,Add-on Pack,2,85.57,mobile,C00230
1250,2026-06-30,East Region,Add-on Pack,1,69.34,partner,C02195
1251,2026-06-30,East Region,Standard Plan,1,66.86,mobile,C00272
1252,2026-06-30,East Region,Standard Plan,1,68.83,mobile,C01537
1253,2026-06-30,East Region,Add-on Pack,1,75.73,partner,C02481
1254,2026-06-30,East Region,Pro Plan,1,66.3,mobile,C02889
1255,2026-06-30,East Region,Pro Plan,1,80.51,mobile,C00356
1256,2026-06-30,East Region,Pro Plan,1,85.06,mobile,C01240
1257,2026-06-30,East Region,Standard Plan,1,75.48,web,C01533
1258,2026-06-30,East Region,Standard Plan,1,82.36,mobile,C02073
1259,2026-06-30,East Region,Standard Plan,1,82.93,web,C01394
1260,2026-06-30,East Region,Pro Plan,1,81.12,mobile,C00587
1261,2026-07-01,East Region,Add-on Pack,1,79.61,web,C02968
1262,2026-07-01,East Region,Standard Plan,1,73.69,web,C01274
1263,2026-07-01,East Region,Standard Plan,1,79.89,mobile,C01913
1264,2026-07-01,East Region,Standard Plan,1,64.0,web,C02366
1265,2026-07-01,East Region,Pro Plan,1,78.58,mobile,C00822
1266,2026-07-01,East Region,Standard Plan,1,68.99,mobile,C02749
1267,2026-07-01,East Region,Standard Plan,1,68.62,mobile,C00469
1268,2026-07-01,East Region,Standard Plan,1,87.27,web,C02223
1269,2026-07-01,East Region,Pro Plan,1,76.14,web,C02886
1270,2026-07-01,East Region,Pro Plan,1,76.82,web,C01276
1271,2026-07-01,East Region,Add-on Pack,2,85.47,web,C00533
1272,2026-07-01,East Region,Standard Plan,1,74.0,web,C01572
1273,2026-07-01,East Region,Standard Plan,2,63.54,web,C02887
1274,2026-07-01,East Region,Add-on Pack,2,85.44,partner,C01457
1275,2026-07-01,East Region,Pro Plan,1,70.24,partner,C02748
1276,2026-07-01,East Region,Add-on Pack,2,63.34,partner,C00540
1277,2026-07-01,East Region,Standard Plan,2,83.31,web,C01867
1278,2026-07-01,East Region,Pro Plan,2,79.82,mobile,C00950
1279,2026-07-01,East Region,Standard Plan,1,65.11,mobile,C01606
1280,2026-07-01,East Region,Standard Plan,1,80.23,mobile,C01857
1281,2026-07-01,East Region,Pro Plan,2,62.02,web,C01440
1282,2026-07-01,East Region,Pro Plan,1,73.75,mobile,C01428
1283,2026-07-01,East Region,Add-on Pack,1,76.83,mobile,C02926
1284,2026-07-01,East Region,Standard Plan,1,70.06,mobile,C02183
1285,2026-07-01,East Region,Pro Plan,2,72.1,web,C02544
1286,2026-07-01,East Region,Standard Plan,2,76.1,mobile,C00271
1287,2026-07-01,East Region,Pro Plan,2,66.86,mobile,C02324
1288,2026-07-01,East Region,Pro Plan,1,76.01,web,C02715
1289,2026-07-01,East Region,Add-on Pack,2,63.32,web,C02426
1290,2026-07-01,East Region,Add-on Pack,1,73.79,mobile,C00722
1291,2026-07-01,East Region,Pro Plan,1,87.2,partner,C00446
1292,2026-07-01,East Region,Add-on Pack,2,83.34,mobile,C02025
1293,2026-07-01,East Region,Add-on Pack,1,79.16,web,C00570
1294,2026-07-01,East Region,Add-on Pack,1,85.77,web,C02707
1295,2026-07-01,East Region,Standard Plan,1,73.52,mobile,C02522
1296,2026-07-01,East Region,Add-on Pack,1,73.36,partner,C01297
1297,2026-07-01,East Region,Pro Plan,1,76.71,mobile,C02941
1298,2026-07-01,East Region,Pro Plan,1,88.14,partner,C02091
1299,2026-07-01,East Region,Pro Plan,1,84.26,web,C01513
1300,2026-07-01,East Region,Add-on Pack,1,87.53,partner,C02294
1301,2026-07-02,East Region,Standard Plan,1,84.63,web,C01769
1302,2026-07-02,East Region,Add-on Pack,1,77.25,partner,C01568
1303,2026-07-02,East Region,Pro Plan,1,71.58,partner,C00711
1304,2026-07-02,East Region,Pro Plan,2,64.98,mobile,C01709
1305,2026-07-02,East Region,Standard Plan,1,69.05,web,C00048
1306,2026-07-02,East Region,Standard Plan,1,78.84,partner,C01994
1307,2026-07-02,East Region,Add-on Pack,1,73.08,web,C00563
1308,2026-07-02,East Region,Add-on Pack,2,83.12,partner,C02476
1309,2026-07-02,East Region,Pro Plan,2,78.15,partner,C01738
1310,2026-07-02,East Region,Add-on Pack,2,83.51,mobile,C00925
1311,2026-07-02,East Region,Standard Plan,1,72.75,partner,C02041
1312,2026-07-02,East Region,Add-on Pack,1,67.64,mobile,C02238
1313,2026-07-02,East Region,Add-on Pack,1,71.18,partner,C01980
1314,2026-07-02,East Region,Add-on Pack,2,71.23,partner,C00328
1315,2026-07-02,East Region,Standard Plan,1,81.06,mobile,C02118
1316,2026-07-02,East Region,Standard Plan,1,75.44,web,C01936
1317,2026-07-02,East Region,Add-on Pack,1,81.37,partner,C02596
1318,2026-07-02,East Region,Add-on Pack,1,82.91,partner,C00217
1319,2026-07-02,East Region,Pro Plan,1,75.75,mobile,C01860
1320,2026-07-02,East Region,Add-on Pack,1,85.84,mobile,C01446
1321,2026-07-02,East Region,Pro Plan,1,69.07,partner,C02448
1322,2026-07-02,East Region,Add-on Pack,1,69.47,web,C02578
1323,2026-07-02,East Region,Pro Plan,1,76.93,partner,C01196
1324,2026-07-02,East Region,Add-on Pack,1,78.18,mobile,C00338
1325,2026-07-02,East Region,Standard Plan,1,74.95,mobile,C00543
1326,2026-07-02,East Region,Add-on Pack,1,68.84,web,C00457
1327,2026-07-02,East Region,Add-on Pack,1,65.95,partner,C01830
1328,2026-07-02,East Region,Pro Plan,1,83.17,partner,C00968
1329,2026-07-02,East Region,Pro Plan,1,66.12,mobile,C00346
1330,2026-07-02,East Region,Standard Plan,1,77.4,mobile,C01692
1331,2026-07-02,East Region,Pro Plan,2,67.67,partner,C02612
1332,2026-07-02,East Region,Standard Plan,1,66.94,web,C02631
1333,2026-07-02,East Region,Pro Plan,1,81.75,web,C00687
1334,2026-07-02,East Region,Pro Plan,1,72.05,mobile,C02182
1335,2026-07-02,East Region,Standard Plan,2,71.53,mobile,C01076
1336,2026-07-02,East Region,Standard Plan,2,75.63,web,C01183
1337,2026-07-02,East Region,Pro Plan,1,71.59,partner,C02798
1338,2026-07-02,East Region,Standard Plan,1,63.85,mobile,C02501
1339,2026-07-02,East Region,Add-on Pack,1,84.55,mobile,C01094
1340,2026-07-02,East Region,Standard Plan,2,68.15,mobile,C02766
1341,2026-07-02,East Region,Add-on Pack,1,67.78,partner,C01383
1342,2026-07-02,East Region,Add-on Pack,1,79.98,mobile,C02244
1343,2026-07-03,East Region,Add-on Pack,1,61.43,web,C01685
1344,2026-07-03,East Region,Standard Plan,2,75.49,mobile,C00899
1345,2026-07-03,East Region,Add-on Pack,1,68.91,web,C00098
1346,2026-07-03,East Region,Add-on Pack,1,63.7,partner,C02614
1347,2026-07-03,East Region,Standard Plan,1,80.46,web,C02477
1348,2026-07-03,East Region,Standard Plan,1,71.43,web,C02850
1349,2026-07-03,East Region,Standard Plan,2,68.09,partner,C00311
1350,2026-07-03,East Region,Add-on Pack,1,73.53,mobile,C02836
1351,2026-07-03,East Region,Add-on Pack,1,82.14,mobile,C00664
1352,2026-07-03,East Region,Standard Plan,1,68.74,mobile,C01592
1353,2026-07-03,East Region,Pro Plan,1,88.29,mobile,C00729
1354,2026-07-03,East Region,Pro Plan,1,63.09,partner,C01609
1355,2026-07-03,East Region,Standard Plan,1,78.76,web,C02215
1356,2026-07-03,East Region,Pro Plan,1,67.14,mobile,C02931
1357,2026-07-03,East Region,Pro Plan,1,64.01,web,C02341
1358,2026-07-03,East Region,Add-on Pack,2,68.02,web,C02039
1359,2026-07-03,East Region,Standard Plan,1,78.96,web,C02723
1360,2026-07-03,East Region,Pro Plan,1,68.45,mobile,C02354
1361,2026-07-03,East Region,Standard Plan,2,75.22,mobile,C01787
1362,2026-07-03,East Region,Pro Plan,1,84.16,partner,C00926
1363,2026-07-03,East Region,Standard Plan,2,71.66,web,C02324
1364,2026-07-03,East Region,Add-on Pack,1,86.63,mobile,C02793
1365,2026-07-03,East Region,Pro Plan,1,72.1,mobile,C02190
1366,2026-07-03,East Region,Pro Plan,2,63.39,mobile,C02654
1367,2026-07-03,East Region,Standard Plan,1,66.0,mobile,C02707
1368,2026-07-03,East Region,Standard Plan,2,69.33,web,C02584
1369,2026-07-03,East Region,Add-on Pack,1,70.97,partner,C01794
1370,2026-07-03,East Region,Add-on Pack,1,66.35,web,C00104
1371,2026-07-03,East Region,Add-on Pack,1,88.3,mobile,C01593
1372,2026-07-03,East Region,Standard Plan,1,82.76,mobile,C02188
1373,2026-07-03,East Region,Pro Plan,1,87.49,web,C01390
1374,2026-07-03,East Region,Standard Plan,1,70.39,mobile,C00485
1375,2026-07-03,East Region,Standard Plan,2,83.15,partner,C02198
1376,2026-07-03,East Region,Standard Plan,1,81.36,web,C00152
1377,2026-07-03,East Region,Add-on Pack,1,65.05,mobile,C02533
1378,2026-07-03,East Region,Standard Plan,1,67.8,web,C00706
1379,2026-07-03,East Region,Add-on Pack,1,62.56,web,C01869
1380,2026-07-03,East Region,Add-on Pack,1,65.84,web,C00468
1381,2026-07-03,East Region,Pro Plan,1,77.38,web,C00831
1382,2026-07-03,East Region,Pro Plan,2,70.38,mobile,C00495
1383,2026-07-04,East Region,Add-on Pack,1,64.94,web,C02430
1384,2026-07-04,East Region,Standard Plan,1,70.33,mobile,C00579
1385,2026-07-04,East Region,Pro Plan,1,65.77,partner,C00676
1386,2026-07-04,East Region,Pro Plan,1,67.83,web,C00410
1387,2026-07-04,East Region,Add-on Pack,1,77.86,web,C01995
1388,2026-07-04,East Region,Standard Plan,1,61.37,web,C02895
1389,2026-07-04,East Region,Add-on Pack,1,77.35,mobile,C02841
1390,2026-07-04,East Region,Pro Plan,1,80.03,web,C02621
1391,2026-07-04,East Region,Pro Plan,2,75.43,web,C00715
1392,2026-07-04,East Region,Add-on Pack,1,80.01,partner,C02048
1393,2026-07-04,East Region,Add-on Pack,1,87.05,mobile,C01716
1394,2026-07-04,East Region,Standard Plan,1,76.37,web,C02172
1395,2026-07-04,East Region,Standard Plan,1,78.03,mobile,C02566
1396,2026-07-04,East Region,Add-on Pack,1,66.86,web,C00462
1397,2026-07-04,East Region,Standard Plan,2,79.84,mobile,C00723
1398,2026-07-04,East Region,Standard Plan,1,79.43,web,C02642
1399,2026-07-04,East Region,Pro Plan,2,68.95,mobile,C01370
1400,2026-07-04,East Region,Add-on Pack,2,83.1,web,C00428
1401,2026-07-04,East Region,Add-on Pack,1,62.63,web,C00120
1402,2026-07-04,East Region,Pro Plan,1,75.21,web,C02955
1403,2026-07-04,East Region,Pro Plan,1,77.32,mobile,C00815
1404,2026-07-04,East Region,Add-on Pack,1,79.61,web,C00452
1405,2026-07-04,East Region,Pro Plan,1,67.4,partner,C01690
1406,2026-07-04,East Region,Standard Plan,1,71.41,web,C01930
1407,2026-07-04,East Region,Add-on Pack,2,74.38,web,C00886
1408,2026-07-04,East Region,Add-on Pack,2,73.58,mobile,C00559
1409,2026-07-04,East Region,Pro Plan,1,80.78,mobile,C00829
1410,2026-07-04,East Region,Pro Plan,1,64.66,mobile,C00560
1411,2026-07-04,East Region,Standard Plan,2,84.36,mobile,C00702
1412,2026-07-04,East Region,Pro Plan,1,67.18,partner,C00643
1413,2026-07-04,East Region,Add-on Pack,1,87.12,partner,C02265
1414,2026-07-04,East Region,Standard Plan,2,63.55,web,C02424
1415,2026-07-04,East Region,Pro Plan,1,83.97,web,C02991
1416,2026-07-04,East Region,Pro Plan,1,81.22,web,C01341
1417,2026-07-04,East Region,Pro Plan,1,76.96,partner,C00021
1418,2026-07-04,East Region,Pro Plan,1,87.86,mobile,C02066
1419,2026-07-04,East Region,Standard Plan,2,72.78,mobile,C02854
1420,2026-07-04,East Region,Standard Plan,1,73.51,web,C02288
1421,2026-07-04,East Region,Standard Plan,2,80.05,web,C00544
1422,2026-07-04,East Region,Pro Plan,1,69.25,web,C01966
1423,2026-07-04,East Region,Add-on Pack,2,69.49,partner,C02391
1424,2026-07-04,East Region,Standard Plan,2,87.76,web,C02881
1425,2026-07-04,East Region,Pro Plan,1,66.23,partner,C01902
1426,2026-07-04,East Region,Add-on Pack,1,78.43,mobile,C02830
1427,2026-07-05,East Region,Add-on Pack,2,62.09,mobile,C02860
1428,2026-07-05,East Region,Add-on Pack,1,75.95,partner,C00332
1429,2026-07-05,East Region,Add-on Pack,1,85.16,partner,C02764
1430,2026-07-05,East Region,Pro Plan,1,85.35,mobile,C01498
1431,2026-07-05,East Region,Pro Plan,1,78.04,mobile,C00718
1432,2026-07-05,East Region,Add-on Pack,1,76.4,partner,C02906
1433,2026-07-05,East Region,Standard Plan,1,64.96,web,C02211
1434,2026-07-05,East Region,Standard Plan,1,78.85,partner,C00924
1435,2026-07-05,East Region,Pro Plan,1,70.79,partner,C02787
1436,2026-07-05,East Region,Pro Plan,1,68.74,mobile,C01415
1437,2026-07-05,East Region,Pro Plan,1,74.43,mobile,C02908
1438,2026-07-05,East Region,Add-on Pack,1,79.65,mobile,C02544
1439,2026-07-05,East Region,Pro Plan,1,82.96,web,C01876
1440,2026-07-05,East Region,Standard Plan,1,63.38,mobile,C00316
1441,2026-07-05,East Region,Standard Plan,1,65.68,partner,C00607
1442,2026-07-05,East Region,Pro Plan,1,65.29,partner,C02570
1443,2026-07-05,East Region,Standard Plan,1,69.17,mobile,C01421
1444,2026-07-05,East Region,Pro Plan,1,73.27,mobile,C00775
1445,2026-07-05,East Region,Standard Plan,1,61.8,partner,C02641
1446,2026-07-05,East Region,Pro Plan,1,72.4,partner,C02647
1447,2026-07-05,East Region,Pro Plan,2,74.42,mobile,C01246
1448,2026-07-05,East Region,Add-on Pack,1,64.79,web,C01065
1449,2026-07-05,East Region,Standard Plan,1,74.37,web,C00608
1450,2026-07-05,East Region,Pro Plan,1,68.94,partner,C00659
1451,2026-07-05,East Region,Add-on Pack,1,75.76,web,C02901
1452,2026-07-05,East Region,Add-on Pack,1,85.81,web,C00975
1453,2026-07-05,East Region,Standard Plan,1,62.32,partner,C00519
1454,2026-07-05,East Region,Pro Plan,1,68.28,web,C02304
1455,2026-07-05,East Region,Add-on Pack,1,62.14,mobile,C00606
1456,2026-07-05,East Region,Pro Plan,1,73.4,partner,C01236
1457,2026-07-05,East Region,Standard Plan,2,86.24,mobile,C00596
1458,2026-07-05,East Region,Pro Plan,1,86.44,web,C02238
1459,2026-07-05,East Region,Add-on Pack,1,70.21,mobile,C01188
1460,2026-07-05,East Region,Add-on Pack,2,79.34,mobile,C02823
1461,2026-07-05,East Region,Standard Plan,1,81.1,web,C02778
1462,2026-07-05,East Region,Add-on Pack,1,64.38,mobile,C02530
1463,2026-07-05,East Region,Standard Plan,1,73.33,mobile,C00226
1464,2026-07-05,East Region,Add-on Pack,1,78.64,mobile,C00802
1465,2026-07-05,East Region,Standard Plan,2,63.47,partner,C02751
1466,2026-07-05,East Region,Standard Plan,2,87.74,web,C02009
1467,2026-07-05,East Region,Pro Plan,1,77.61,partner,C01479
1468,2026-07-05,East Region,Pro Plan,2,65.22,mobile,C01582
1469,2026-07-06,East Region,Standard Plan,1,68.94,mobile,C01826
1470,2026-07-06,East Region,Add-on Pack,2,63.58,partner,C01703
1471,2026-07-06,East Region,Pro Plan,2,69.05,partner,C01697
1472,2026-07-06,East Region,Standard Plan,1,83.93,web,C00852
1473,2026-07-06,East Region,Pro Plan,1,74.11,web,C02420
1474,2026-07-06,East Region,Pro Plan,2,63.61,partner,C01120
1475,2026-07-06,East Region,Pro Plan,2,65.96,partner,C02327
1476,2026-07-06,East Region,Standard Plan,2,66.62,mobile,C02269
1477,2026-07-06,East Region,Pro Plan,1,62.35,partner,C01245
1478,2026-07-06,East Region,Pro Plan,2,76.41,web,C00110
1479,2026-07-06,East Region,Standard Plan,1,65.39,partner,C02608
1480,2026-07-06,East Region,Pro Plan,1,64.58,mobile,C00735
1481,2026-07-06,East Region,Pro Plan,1,85.86,web,C00489
1482,2026-07-06,East Region,Pro Plan,1,74.61,partner,C01482
1483,2026-07-06,East Region,Add-on Pack,2,74.27,mobile,C02573
1484,2026-07-06,East Region,Add-on Pack,1,74.15,mobile,C02100
1485,2026-07-06,East Region,Add-on Pack,1,76.85,web,C02383
1486,2026-07-06,East Region,Standard Plan,2,65.17,partner,C00555
1487,2026-07-06,East Region,Pro Plan,1,65.64,mobile,C01719
1488,2026-07-06,East Region,Add-on Pack,1,86.01,web,C01188
1489,2026-07-06,East Region,Pro Plan,1,75.61,partner,C00794
1490,2026-07-06,East Region,Add-on Pack,1,66.18,partner,C00685
1491,2026-07-06,East Region,Add-on Pack,1,69.97,partner,C01234
1492,2026-07-06,East Region,Pro Plan,1,79.84,web,C02189
1493,2026-07-06,East Region,Add-on Pack,1,70.76,web,C00561
1494,2026-07-06,East Region,Add-on Pack,2,68.85,mobile,C01394
1495,2026-07-06,East Region,Standard Plan,1,63.99,partner,C00906
1496,2026-07-06,East Region,Standard Plan,1,82.83,mobile,C01887
1497,2026-07-06,East Region,Standard Plan,1,64.37,web,C01965
1498,2026-07-06,East Region,Pro Plan,1,69.67,web,C01811
1499,2026-07-06,East Region,Add-on Pack,1,75.43,web,C02908
1500,2026-07-06,East Region,Pro Plan,1,61.98,web,C00528
1501,2026-07-06,East Region,Add-on Pack,1,65.07,mobile,C00514
1502,2026-07-06,East Region,Standard Plan,1,64.74,mobile,C02830
1503,2026-07-06,East Region,Standard Plan,2,63.31,mobile,C00175
1504,2026-07-06,East Region,Standard Plan,1,64.13,mobile,C00488
1505,2026-07-06,East Region,Pro Plan,1,62.38,partner,C00043
1506,2026-07-06,East Region,Standard Plan,1,82.48,partner,C00820
1507,2026-07-06,East Region,Standard Plan,1,79.44,web,C00597
1508,2026-07-06,East Region,Add-on Pack,1,86.82,mobile,C00658
1509,2026-07-06,East Region,Add-on Pack,1,82.44,partner,C02336
1510,2026-07-06,East Region,Standard Plan,1,63.9,partner,C00889
1511,2026-07-07,East Region,Pro Plan,1,65.87,partner,C00405
1512,2026-07-07,East Region,Standard Plan,2,86.24,mobile,C02860
1513,2026-07-07,East Region,Add-on Pack,1,66.24,web,C01454
1514,2026-07-07,East Region,Pro Plan,1,72.74,mobile,C00463
1515,2026-07-07,East Region,Pro Plan,1,64.56,partner,C00557
1516,2026-07-07,East Region,Pro Plan,1,81.93,partner,C02958
1517,2026-07-07,East Region,Standard Plan,2,63.44,web,C01577
1518,2026-07-07,East Region,Pro Plan,1,73.63,partner,C01819
1519,2026-07-07,East Region,Standard Plan,1,76.27,mobile,C00774
1520,2026-07-07,East Region,Standard Plan,2,85.54,partner,C01506
1521,2026-07-07,East Region,Standard Plan,2,61.55,partner,C00431
1522,2026-07-07,East Region,Pro Plan,1,73.12,web,C00588
1523,2026-07-07,East Region,Pro Plan,1,72.1,partner,C00692
1524,2026-07-07,East Region,Standard Plan,1,71.09,mobile,C00821
1525,2026-07-07,East Region,Add-on Pack,2,84.16,web,C00954
1526,2026-07-07,East Region,Pro Plan,1,80.93,partner,C02384
1527,2026-07-07,East Region,Add-on Pack,2,68.62,mobile,C01949
1528,2026-07-07,East Region,Add-on Pack,2,77.61,mobile,C02095
1529,2026-07-07,East Region,Pro Plan,2,65.21,web,C00501
1530,2026-07-07,East Region,Pro Plan,1,74.51,partner,C00552
1531,2026-07-07,East Region,Standard Plan,1,63.91,web,C02041
1532,2026-07-07,East Region,Add-on Pack,1,61.93,mobile,C02477
1533,2026-07-07,East Region,Add-on Pack,1,70.09,partner,C02553
1534,2026-07-07,East Region,Standard Plan,2,81.88,mobile,C00828
1535,2026-07-07,East Region,Pro Plan,2,79.21,partner,C01072
1536,2026-07-07,East Region,Add-on Pack,1,70.55,web,C01763
1537,2026-07-07,East Region,Standard Plan,1,71.63,mobile,C01813
1538,2026-07-07,East Region,Pro Plan,1,62.18,partner,C02701
1539,2026-07-07,East Region,Pro Plan,1,85.26,mobile,C01765
1540,2026-07-07,East Region,Standard Plan,2,69.7,mobile,C00449
1541,2026-07-07,East Region,Add-on Pack,2,79.56,mobile,C02303
1542,2026-07-07,East Region,Standard Plan,2,74.98,mobile,C02027
1543,2026-07-07,East Region,Add-on Pack,1,87.61,mobile,C01313
1544,2026-07-07,East Region,Standard Plan,1,61.97,web,C01501
1545,2026-07-07,East Region,Pro Plan,1,83.22,partner,C01398
1546,2026-07-07,East Region,Pro Plan,1,63.85,mobile,C01688
1547,2026-07-07,East Region,Pro Plan,1,62.74,web,C00962
1548,2026-07-07,East Region,Add-on Pack,1,69.69,partner,C00269
1549,2026-07-07,East Region,Pro Plan,1,64.31,web,C02206
1550,2026-07-07,East Region,Pro Plan,2,62.22,partner,C02109
1551,2026-07-07,East Region,Pro Plan,2,68.45,partner,C00092
1552,2026-07-08,East Region,Pro Plan,1,76.71,partner,C00401
1553,2026-07-08,East Region,Pro Plan,1,63.92,mobile,C02035
1554,2026-07-08,East Region,Add-on Pack,1,83.27,web,C02519
1555,2026-07-08,East Region,Pro Plan,2,71.08,web,C02036
1556,2026-07-08,East Region,Add-on Pack,1,84.25,partner,C00877
1557,2026-07-08,East Region,Pro Plan,1,68.41,partner,C01647
1558,2026-07-08,East Region,Standard Plan,1,78.19,partner,C02369
1559,2026-07-08,East Region,Standard Plan,1,77.3,web,C02321
1560,2026-07-08,East Region,Add-on Pack,1,74.13,mobile,C00315
1561,2026-07-08,East Region,Add-on Pack,1,83.61,mobile,C02718
1562,2026-07-08,East Region,Add-on Pack,2,69.72,mobile,C01030
1563,2026-07-08,East Region,Add-on Pack,1,75.22,web,C02572
1564,2026-07-08,East Region,Add-on Pack,1,75.24,partner,C02045
1565,2026-07-08,East Region,Standard Plan,2,79.17,mobile,C02613
1566,2026-07-08,East Region,Add-on Pack,2,83.2,partner,C02977
1567,2026-07-08,East Region,Add-on Pack,1,62.83,mobile,C01895
1568,2026-07-08,East Region,Standard Plan,1,67.74,mobile,C01681
1569,2026-07-08,East Region,Pro Plan,1,84.6,partner,C00834
1570,2026-07-08,East Region,Pro Plan,1,68.46,partner,C00658
1571,2026-07-08,East Region,Pro Plan,1,79.88,mobile,C00977
1572,2026-07-08,East Region,Standard Plan,1,65.28,web,C01272
1573,2026-07-08,East Region,Pro Plan,2,74.4,mobile,C02650
1574,2026-07-08,East Region,Standard Plan,1,66.69,web,C00120
1575,2026-07-08,East Region,Pro Plan,1,82.68,partner,C02256
1576,2026-07-08,East Region,Standard Plan,1,78.72,partner,C01991
1577,2026-07-08,East Region,Standard Plan,1,62.7,mobile,C02465
1578,2026-07-08,East Region,Pro Plan,2,84.79,mobile,C02752
1579,2026-07-08,East Region,Add-on Pack,2,85.29,partner,C00576
1580,2026-07-08,East Region,Standard Plan,1,64.24,partner,C02721
1581,2026-07-08,East Region,Add-on Pack,1,87.03,mobile,C00370
1582,2026-07-08,East Region,Standard Plan,1,77.52,mobile,C02394
1583,2026-07-08,East Region,Add-on Pack,1,71.81,mobile,C00893
1584,2026-07-08,East Region,Standard Plan,1,64.11,mobile,C01801
1585,2026-07-08,East Region,Pro Plan,1,68.12,mobile,C02186
1586,2026-07-08,East Region,Pro Plan,1,80.23,mobile,C02236
1587,2026-07-08,East Region,Pro Plan,1,74.12,mobile,C00594
1588,2026-07-08,East Region,Pro Plan,1,74.13,mobile,C00087
1589,2026-07-08,East Region,Add-on Pack,1,87.5,partner,C02713
1590,2026-07-08,East Region,Standard Plan,1,79.99,mobile,C02264
1591,2026-07-08,East Region,Pro Plan,1,69.61,partner,C00500
1592,2026-07-08,East Region,Add-on Pack,2,84.78,mobile,C00033
1593,2026-07-08,East Region,Pro Plan,1,86.43,mobile,C00370
1594,2026-07-09,East Region,Pro Plan,1,66.92,mobile,C02587
1595,2026-07-09,East Region,Pro Plan,2,85.12,web,C01123
1596,2026-07-09,East Region,Standard Plan,2,83.59,mobile,C01692
1597,2026-07-09,East Region,Pro Plan,1,80.71,web,C02861
1598,2026-07-09,East Region,Pro Plan,1,74.97,mobile,C02467
1599,2026-07-09,East Region,Add-on Pack,1,83.33,mobile,C02848
1600,2026-07-09,East Region,Standard Plan,1,81.93,partner,C01817
1601,2026-07-09,East Region,Add-on Pack,2,64.9,web,C02574
1602,2026-07-09,East Region,Pro Plan,1,69.73,web,C00647
1603,2026-07-09,East Region,Standard Plan,1,75.25,partner,C02809
1604,2026-07-09,East Region,Pro Plan,1,82.76,mobile,C01960
1605,2026-07-09,East Region,Add-on Pack,1,64.83,partner,C02430
1606,2026-07-09,East Region,Pro Plan,1,82.95,web,C01698
1607,2026-07-09,East Region,Pro Plan,2,66.15,partner,C00920
1608,2026-07-09,East Region,Standard Plan,1,86.99,web,C01895
1609,2026-07-09,East Region,Standard Plan,1,68.32,web,C01643
1610,2026-07-09,East Region,Add-on Pack,1,72.87,web,C00365
1611,2026-07-09,East Region,Pro Plan,1,65.83,web,C02944
1612,2026-07-09,East Region,Add-on Pack,2,73.04,partner,C02025
1613,2026-07-09,East Region,Standard Plan,1,67.31,web,C01091
1614,2026-07-09,East Region,Pro Plan,2,81.5,web,C01767
1615,2026-07-09,East Region,Standard Plan,1,77.52,partner,C02774
1616,2026-07-09,East Region,Standard Plan,2,72.58,web,C00118
1617,2026-07-09,East Region,Pro Plan,1,87.75,partner,C01848
1618,2026-07-09,East Region,Standard Plan,2,71.25,web,C00043
1619,2026-07-09,East Region,Pro Plan,1,64.82,partner,C01629
1620,2026-07-09,East Region,Add-on Pack,2,66.97,partner,C01734
1621,2026-07-09,East Region,Add-on Pack,1,77.44,web,C02282
1622,2026-07-09,East Region,Standard Plan,1,62.62,mobile,C01452
1623,2026-07-09,East Region,Add-on Pack,1,86.75,web,C01039
1624,2026-07-09,East Region,Add-on Pack,1,78.05,mobile,C02750
1625,2026-07-09,East Region,Pro Plan,1,64.8,partner,C00735
1626,2026-07-09,East Region,Pro Plan,2,65.82,mobile,C01918
1627,2026-07-09,East Region,Standard Plan,2,63.64,web,C01067
1628,2026-07-09,East Region,Standard Plan,1,69.72,mobile,C01151
1629,2026-07-09,East Region,Add-on Pack,2,71.01,mobile,C01079
1630,2026-07-09,East Region,Add-on Pack,1,83.76,partner,C01283
1631,2026-07-09,East Region,Pro Plan,1,85.48,partner,C02013
1632,2026-07-09,East Region,Standard Plan,2,76.31,web,C00774
1633,2026-07-09,East Region,Standard Plan,1,62.68,web,C01927
1634,2026-07-09,East Region,Pro Plan,2,65.65,mobile,C00476
1635,2026-07-10,East Region,Standard Plan,2,73.21,mobile,C02020
1636,2026-07-10,East Region,Standard Plan,1,84.21,web,C01432
1637,2026-07-10,East Region,Standard Plan,1,66.74,web,C00690
1638,2026-07-10,East Region,Add-on Pack,1,75.04,partner,C02717
1639,2026-07-10,East Region,Add-on Pack,1,66.98,partner,C02338
1640,2026-07-10,East Region,Standard Plan,1,72.53,web,C02041
1641,2026-07-10,East Region,Add-on Pack,1,63.77,web,C01165
1642,2026-07-10,East Region,Add-on Pack,1,87.89,mobile,C01531
1643,2026-07-10,East Region,Add-on Pack,1,86.47,mobile,C00630
1644,2026-07-10,East Region,Standard Plan,2,63.4,mobile,C02574
1645,2026-07-10,East Region,Pro Plan,1,77.36,mobile,C00180
1646,2026-07-10,East Region,Add-on Pack,2,78.13,mobile,C02997
1647,2026-07-10,East Region,Add-on Pack,1,85.87,web,C00200
1648,2026-07-10,East Region,Add-on Pack,1,68.9,partner,C00290
1649,2026-07-10,East Region,Add-on Pack,2,87.09,web,C01634
1650,2026-07-10,East Region,Pro Plan,2,66.04,web,C00085
1651,2026-07-10,East Region,Standard Plan,2,65.63,mobile,C02651
1652,2026-07-10,East Region,Add-on Pack,1,65.39,mobile,C01771
1653,2026-07-10,East Region,Add-on Pack,1,83.13,partner,C02472
1654,2026-07-10,East Region,Standard Plan,1,70.97,mobile,C02100
1655,2026-07-10,East Region,Standard Plan,2,74.52,mobile,C01100
1656,2026-07-10,East Region,Add-on Pack,1,77.53,mobile,C01509
1657,2026-07-10,East Region,Add-on Pack,2,66.27,web,C00166
1658,2026-07-10,East Region,Add-on Pack,2,70.5,partner,C00919
1659,2026-07-10,East Region,Add-on Pack,1,79.87,mobile,C02160
1660,2026-07-10,East Region,Add-on Pack,1,78.8,mobile,C01918
1661,2026-07-10,East Region,Pro Plan,2,63.35,mobile,C00609
1662,2026-07-10,East Region,Standard Plan,1,79.81,web,C02143
1663,2026-07-10,East Region,Pro Plan,1,69.24,partner,C00314
1664,2026-07-10,East Region,Standard Plan,2,75.16,mobile,C00388
1665,2026-07-10,East Region,Pro Plan,1,79.18,mobile,C01044
1666,2026-07-10,East Region,Add-on Pack,1,63.42,web,C02710
1667,2026-07-10,East Region,Pro Plan,1,66.08,mobile,C00186
1668,2026-07-10,East Region,Standard Plan,1,72.52,mobile,C02406
1669,2026-07-10,East Region,Add-on Pack,2,73.58,partner,C01086
1670,2026-07-10,East Region,Pro Plan,1,87.49,web,C00759
1671,2026-07-10,East Region,Standard Plan,1,81.52,partner,C00436
1672,2026-07-10,East Region,Pro Plan,1,75.74,mobile,C00478
1673,2026-07-10,East Region,Standard Plan,2,65.87,mobile,C02834
1674,2026-07-10,East Region,Pro Plan,2,84.83,mobile,C02534
1675,2026-07-10,East Region,Add-on Pack,2,71.01,mobile,C00359
1676,2026-07-10,East Region,Standard Plan,1,64.88,web,C00066
1677,2026-07-10,East Region,Add-on Pack,1,87.6,web,C01971
1678,2026-07-11,East Region,Add-on Pack,1,67.78,web,C01233
1679,2026-07-11,East Region,Pro Plan,2,65.23,web,C00478
1680,2026-07-11,East Region,Standard Plan,2,85.75,mobile,C01932
1681,2026-07-11,East Region,Standard Plan,1,84.59,web,C01208
1682,2026-07-11,East Region,Add-on Pack,2,83.76,web,C01368
1683,2026-07-11,East Region,Standard Plan,2,63.99,mobile,C02031
1684,2026-07-11,East Region,Add-on Pack,1,76.94,web,C01997
1685,2026-07-11,East Region,Pro Plan,2,74.42,web,C02926
1686,2026-07-11,East Region,Standard Plan,2,75.57,partner,C01294
1687,2026-07-11,East Region,Add-on Pack,2,62.93,mobile,C00479
1688,2026-07-11,East Region,Pro Plan,1,78.14,mobile,C02858
1689,2026-07-11,East Region,Pro Plan,1,61.77,partner,C00788
1690,2026-07-11,East Region,Pro Plan,1,70.55,partner,C00900
1691,2026-07-11,East Region,Add-on Pack,1,85.93,partner,C02930
1692,2026-07-11,East Region,Add-on Pack,1,73.94,partner,C02914
1693,2026-07-11,East Region,Pro Plan,1,87.31,mobile,C00664
1694,2026-07-11,East Region,Add-on Pack,1,66.84,partner,C01978
1695,2026-07-11,East Region,Standard Plan,1,65.91,partner,C02016
1696,2026-07-11,East Region,Standard Plan,2,82.78,mobile,C00962
1697,2026-07-11,East Region,Standard Plan,1,76.35,mobile,C01069
1698,2026-07-11,East Region,Pro Plan,1,79.61,partner,C00131
1699,2026-07-11,East Region,Standard Plan,1,70.39,partner,C00929
1700,2026-07-11,East Region,Standard Plan,2,76.49,mobile,C01394
1701,2026-07-11,East Region,Pro Plan,1,82.13,web,C02827
1702,2026-07-11,East Region,Add-on Pack,1,77.64,partner,C00207
1703,2026-07-11,East Region,Pro Plan,1,82.93,web,C02501
1704,2026-07-11,East Region,Add-on Pack,1,82.47,partner,C00172
1705,2026-07-11,East Region,Add-on Pack,1,64.07,web,C01482
1706,2026-07-11,East Region,Standard Plan,2,81.01,partner,C02042
1707,2026-07-11,East Region,Add-on Pack,1,84.88,partner,C01490
1708,2026-07-11,East Region,Pro Plan,1,83.48,web,C01799
1709,2026-07-11,East Region,Pro Plan,1,82.12,web,C01941
1710,2026-07-11,East Region,Pro Plan,1,69.0,web,C01090
1711,2026-07-11,East Region,Pro Plan,2,80.65,mobile,C02579
1712,2026-07-11,East Region,Add-on Pack,2,67.88,web,C00566
1713,2026-07-11,East Region,Pro Plan,2,72.44,mobile,C02115
1714,2026-07-11,East Region,Add-on Pack,1,71.04,mobile,C00597
1715,2026-07-11,East Region,Standard Plan,1,80.72,web,C01386
1716,2026-07-11,East Region,Pro Plan,1,72.12,mobile,C00252
1717,2026-07-11,East Region,Pro Plan,1,81.85,partner,C00237
1718,2026-07-11,East Region,Add-on Pack,1,87.86,mobile,C01647
1719,2026-07-12,East Region,Pro Plan,1,80.83,mobile,C00033
1720,2026-07-12,East Region,Pro Plan,1,85.69,partner,C01655
1721,2026-07-12,East Region,Pro Plan,2,78.71,partner,C01415
1722,2026-07-12,East Region,Add-on Pack,1,72.2,mobile,C00346
1723,2026-07-12,East Region,Standard Plan,2,75.82,partner,C02945
1724,2026-07-12,East Region,Add-on Pack,1,85.13,web,C00381
1725,2026-07-12,East Region,Add-on Pack,1,76.21,partner,C00656
1726,2026-07-12,East Region,Standard Plan,1,61.96,web,C01245
1727,2026-07-12,East Region,Add-on Pack,1,72.7,partner,C00246
1728,2026-07-12,East Region,Pro Plan,1,68.27,web,C00196
1729,2026-07-12,East Region,Add-on Pack,2,86.8,mobile,C02345
1730,2026-07-12,East Region,Add-on Pack,1,61.34,web,C02383
1731,2026-07-12,East Region,Add-on Pack,1,80.64,mobile,C01226
1732,2026-07-12,East Region,Pro Plan,1,79.34,partner,C01547
1733,2026-07-12,East Region,Add-on Pack,1,81.26,mobile,C02116
1734,2026-07-12,East Region,Add-on Pack,1,66.44,mobile,C00402
1735,2026-07-12,East Region,Standard Plan,2,80.56,web,C00378
1736,2026-07-12,East Region,Standard Plan,1,72.76,mobile,C00880
1737,2026-07-12,East Region,Pro Plan,2,63.32,partner,C02290
1738,2026-07-12,East Region,Add-on Pack,1,82.38,partner,C02044
1739,2026-07-12,East Region,Add-on Pack,2,72.72,partner,C02006
1740,2026-07-12,East Region,Add-on Pack,1,87.67,web,C02072
1741,2026-07-12,East Region,Standard Plan,2,74.39,web,C02886
1742,2026-07-12,East Region,Add-on Pack,1,84.68,partner,C00871
1743,2026-07-12,East Region,Pro Plan,1,74.08,partner,C01513
1744,2026-07-12,East Region,Standard Plan,2,77.56,web,C00496
1745,2026-07-12,East Region,Pro Plan,1,76.75,partner,C00628
1746,2026-07-12,East Region,Standard Plan,1,71.3,mobile,C01205
1747,2026-07-12,East Region,Pro Plan,1,61.96,web,C02416
1748,2026-07-12,East Region,Pro Plan,1,62.52,mobile,C00884
1749,2026-07-12,East Region,Standard Plan,2,83.48,web,C00502
1750,2026-07-12,East Region,Add-on Pack,1,70.68,mobile,C01971
1751,2026-07-12,East Region,Add-on Pack,2,69.62,mobile,C01546
1752,2026-07-12,East Region,Pro Plan,1,83.9,web,C02068
1753,2026-07-12,East Region,Add-on Pack,2,73.74,partner,C01840
1754,2026-07-12,East Region,Standard Plan,1,84.76,web,C02560
1755,2026-07-12,East Region,Add-on Pack,2,78.16,web,C01620
1756,2026-07-12,East Region,Pro Plan,2,75.92,partner,C01137
1757,2026-07-12,East Region,Add-on Pack,1,63.61,partner,C00102
1758,2026-07-12,East Region,Add-on Pack,1,78.34,partner,C02643
1759,2026-07-12,East Region,Standard Plan,1,78.71,web,C02535
1760,2026-07-12,East Region,Add-on Pack,1,76.89,partner,C02138
1761,2026-07-12,East Region,Standard Plan,1,81.62,web,C02697
1762,2026-07-12,East Region,Add-on Pack,1,66.09,mobile,C00843
1763,2026-07-13,East Region,Add-on Pack,2,84.02,web,C02186
1764,2026-07-13,East Region,Add-on Pack,1,69.92,mobile,C00096
1765,2026-07-13,East Region,Pro Plan,2,73.09,web,C02163
1766,2026-07-13,East Region,Pro Plan,1,71.59,web,C00407
1767,2026-07-13,East Region,Add-on Pack,1,65.77,web,C01047
1768,2026-07-13,East Region,Standard Plan,2,65.39,partner,C00694
1769,2026-07-13,East Region,Standard Plan,1,77.91,web,C00112
1770,2026-07-13,East Region,Add-on Pack,2,62.79,web,C01311
1771,2026-07-13,East Region,Standard Plan,1,72.43,mobile,C01539
1772,2026-07-13,East Region,Standard Plan,1,62.61,partner,C02401
1773,2026-07-13,East Region,Standard Plan,2,74.61,web,C01104
1774,2026-07-13,East Region,Standard Plan,2,69.86,web,C01984
1775,2026-07-13,East Region,Standard Plan,1,72.28,web,C01103
1776,2026-07-13,East Region,Add-on Pack,1,87.41,web,C02273
1777,2026-07-13,East Region,Add-on Pack,1,82.56,partner,C01667
1778,2026-07-13,East Region,Pro Plan,1,63.48,web,C01530
1779,2026-07-13,East Region,Add-on Pack,1,88.0,partner,C01736
1780,2026-07-13,East Region,Add-on Pack,1,73.49,mobile,C02543
1781,2026-07-13,East Region,Pro Plan,1,78.96,web,C00247
1782,2026-07-13,East Region,Pro Plan,1,68.63,partner,C01558
1783,2026-07-13,East Region,Pro Plan,1,84.11,partner,C02091
1784,2026-07-13,East Region,Pro Plan,1,62.44,mobile,C00368
1785,2026-07-13,East Region,Pro Plan,1,80.2,partner,C02280
1786,2026-07-13,East Region,Pro Plan,1,85.09,partner,C02068
1787,2026-07-13,East Region,Pro Plan,1,85.24,partner,C01071
1788,2026-07-13,East Region,Add-on Pack,1,73.51,partner,C01318
1789,2026-07-13,East Region,Pro Plan,1,66.93,web,C02834
1790,2026-07-13,East Region,Standard Plan,1,78.78,partner,C01952
1791,2026-07-13,East Region,Standard Plan,1,85.72,mobile,C02277
1792,2026-07-13,East Region,Add-on Pack,2,80.33,partner,C00333
1793,2026-07-13,East Region,Add-on Pack,1,78.91,partner,C01824
1794,2026-07-13,East Region,Add-on Pack,2,64.56,partner,C01467
1795,2026-07-13,East Region,Pro Plan,1,66.02,web,C01896
1796,2026-07-13,East Region,Pro Plan,2,86.67,web,C00908
1797,2026-07-13,East Region,Add-on Pack,1,61.74,partner,C02905
1798,2026-07-13,East Region,Pro Plan,1,66.41,partner,C00906
1799,2026-07-13,East Region,Standard Plan,1,87.86,web,C01150
1800,2026-07-13,East Region,Pro Plan,1,85.8,web,C00804
1801,2026-07-13,East Region,Add-on Pack,1,71.97,partner,C02050
1802,2026-07-13,East Region,Pro Plan,1,65.84,partner,C02318
1803,2026-07-13,East Region,Add-on Pack,1,79.76,web,C02410
1804,2026-07-14,East Region,Add-on Pack,1,62.97,partner,C00934
1805,2026-07-14,East Region,Add-on Pack,1,81.03,web,C02778
1806,2026-07-14,East Region,Standard Plan,1,88.18,partner,C02295
1807,2026-07-14,East Region,Pro Plan,2,61.25,partner,C02758
1808,2026-07-14,East Region,Add-on Pack,1,62.61,mobile,C01667
1809,2026-07-14,East Region,Pro Plan,2,64.51,mobile,C01481
1810,2026-07-14,East Region,Add-on Pack,1,81.85,web,C01139
1811,2026-07-14,East Region,Pro Plan,1,75.68,web,C01606
1812,2026-07-14,East Region,Standard Plan,1,70.3,partner,C00925
1813,2026-07-14,East Region,Add-on Pack,1,72.73,web,C00807
1814,2026-07-14,East Region,Standard Plan,1,70.15,partner,C02562
1815,2026-07-14,East Region,Standard Plan,2,61.96,web,C02428
1816,2026-07-14,East Region,Add-on Pack,1,86.63,web,C00442
1817,2026-07-14,East Region,Pro Plan,1,67.68,web,C01367
1818,2026-07-14,East Region,Add-on Pack,1,82.8,partner,C02538
1819,2026-07-14,East Region,Pro Plan,2,81.98,partner,C00512
1820,2026-07-14,East Region,Standard Plan,1,87.71,mobile,C01284
1821,2026-07-14,East Region,Add-on Pack,1,62.97,web,C01811
1822,2026-07-14,East Region,Standard Plan,2,69.4,web,C00418
1823,2026-07-14,East Region,Add-on Pack,1,62.72,mobile,C01563
1824,2026-07-14,East Region,Pro Plan,2,63.81,web,C02456
1825,2026-07-14,East Region,Add-on Pack,2,78.17,mobile,C01902
1826,2026-07-14,East Region,Pro Plan,1,85.13,mobile,C02667
1827,2026-07-14,East Region,Add-on Pack,2,82.5,partner,C01345
1828,2026-07-14,East Region,Add-on Pack,1,66.44,web,C02438
1829,2026-07-14,East Region,Add-on Pack,1,63.04,partner,C00517
1830,2026-07-14,East Region,Add-on Pack,1,75.04,mobile,C01972
1831,2026-07-14,East Region,Add-on Pack,1,78.09,web,C00564
1832,2026-07-14,East Region,Standard Plan,1,62.85,partner,C01786
1833,2026-07-14,East Region,Add-on Pack,1,87.3,mobile,C02391
1834,2026-07-14,East Region,Add-on Pack,1,82.29,mobile,C01265
1835,2026-07-14,East Region,Add-on Pack,1,70.53,web,C02121
1836,2026-07-14,East Region,Add-on Pack,1,79.09,web,C00973
1837,2026-07-14,East Region,Add-on Pack,1,83.48,mobile,C01409
1838,2026-07-14,East Region,Standard Plan,1,87.76,web,C01399
1839,2026-07-14,East Region,Standard Plan,2,79.37,partner,C02837
1840,2026-07-14,East Region,Pro Plan,1,84.37,partner,C01228
1841,2026-07-14,East Region,Pro Plan,1,70.14,mobile,C00173
1842,2026-07-14,East Region,Pro Plan,1,67.17,partner,C00914
1843,2026-07-14,East Region,Add-on Pack,1,67.46,web,C01970
1844,2026-07-14,East Region,Add-on Pack,1,82.1,partner,C01540
1845,2026-07-15,East Region,Pro Plan,1,66.21,mobile,C00041
1846,2026-07-15,East Region,Standard Plan,1,70.93,web,C01191
1847,2026-07-15,East Region,Pro Plan,1,66.49,web,C00122
1848,2026-07-15,East Region,Standard Plan,1,66.58,web,C01074
1849,2026-07-15,East Region,Add-on Pack,1,65.94,web,C00803
1850,2026-07-15,East Region,Standard Plan,1,65.99,web,C00086
1851,2026-07-15,East Region,Add-on Pack,1,64.93,mobile,C00862
1852,2026-07-15,East Region,Pro Plan,1,73.61,mobile,C02708
1853,2026-07-15,East Region,Standard Plan,2,86.8,partner,C00268
1854,2026-07-15,East Region,Standard Plan,1,65.13,web,C00786
1855,2026-07-15,East Region,Add-on Pack,1,71.49,mobile,C02456
1856,2026-07-15,East Region,Pro Plan,1,87.77,web,C02524
1857,2026-07-15,East Region,Add-on Pack,1,66.34,web,C01343
1858,2026-07-15,East Region,Standard Plan,1,62.65,web,C02082
1859,2026-07-15,East Region,Add-on Pack,1,85.29,partner,C00334
1860,2026-07-15,East Region,Pro Plan,1,82.72,web,C02084
1861,2026-07-15,East Region,Pro Plan,1,81.64,mobile,C02126
1862,2026-07-15,East Region,Pro Plan,1,66.07,partner,C02845
1863,2026-07-15,East Region,Pro Plan,2,80.67,mobile,C01100
1864,2026-07-15,East Region,Add-on Pack,1,72.11,web,C00900
1865,2026-07-15,East Region,Standard Plan,1,73.5,mobile,C00896
1866,2026-07-15,East Region,Pro Plan,2,72.76,partner,C00644
1867,2026-07-15,East Region,Pro Plan,1,68.12,web,C00345
1868,2026-07-15,East Region,Pro Plan,1,73.29,web,C02392
1869,2026-07-15,East Region,Standard Plan,1,73.85,mobile,C01848
1870,2026-07-15,East Region,Pro Plan,1,72.96,mobile,C01299
1871,2026-07-15,East Region,Pro Plan,1,71.6,mobile,C00958
1872,2026-07-15,East Region,Pro Plan,1,78.75,web,C01207
1873,2026-07-15,East Region,Add-on Pack,1,75.15,mobile,C00933
1874,2026-07-15,East Region,Standard Plan,1,64.43,web,C02237
1875,2026-07-15,East Region,Standard Plan,1,70.28,mobile,C01240
1876,2026-07-15,East Region,Add-on Pack,1,83.38,web,C02891
1877,2026-07-15,East Region,Add-on Pack,1,88.35,web,C01227
1878,2026-07-15,East Region,Pro Plan,2,83.57,mobile,C02376
1879,2026-07-15,East Region,Add-on Pack,1,61.52,mobile,C00933
1880,2026-07-15,East Region,Standard Plan,1,80.87,mobile,C00958
1881,2026-07-15,East Region,Add-on Pack,2,77.17,partner,C01890
1882,2026-07-15,East Region,Pro Plan,1,82.74,web,C01757
1883,2026-07-15,East Region,Add-on Pack,2,72.56,mobile,C02288
1884,2026-07-15,East Region,Standard Plan,1,71.39,mobile,C00040
1885,2026-07-15,East Region,Pro Plan,1,83.24,mobile,C00924
1886,2026-07-16,East Region,Pro Plan,2,79.85,partner,C02203
1887,2026-07-16,East Region,Pro Plan,1,70.07,partner,C00132
1888,2026-07-16,East Region,Standard Plan,1,65.38,partner,C02580
1889,2026-07-16,East Region,Add-on Pack,2,86.05,mobile,C00837
1890,2026-07-16,East Region,Pro Plan,2,62.93,web,C01945
1891,2026-07-16,East Region,Standard Plan,2,70.14,partner,C01248
1892,2026-07-16,East Region,Standard Plan,1,65.86,web,C02823
1893,2026-07-16,East Region,Add-on Pack,1,74.49,web,C00285
1894,2026-07-16,East Region,Pro Plan,1,68.92,mobile,C02702
1895,2026-07-16,East Region,Add-on Pack,1,63.1,mobile,C02124
1896,2026-07-16,East Region,Standard Plan,2,65.87,mobile,C00644
1897,2026-07-16,East Region,Standard Plan,2,64.71,mobile,C00282
1898,2026-07-16,East Region,Pro Plan,1,87.18,web,C00843
1899,2026-07-16,East Region,Pro Plan,2,72.96,web,C02473
1900,2026-07-16,East Region,Add-on Pack,1,86.74,partner,C02936
1901,2026-07-16,East Region,Add-on Pack,1,73.68,web,C00585
1902,2026-07-16,East Region,Pro Plan,2,62.94,partner,C01012
1903,2026-07-16,East Region,Add-on Pack,2,70.15,mobile,C01896
1904,2026-07-16,East Region,Add-on Pack,1,62.26,mobile,C02648
1905,2026-07-16,East Region,Pro Plan,1,70.63,mobile,C02511
1906,2026-07-16,East Region,Standard Plan,1,72.49,partner,C01770
1907,2026-07-16,East Region,Pro Plan,1,71.66,partner,C02330
1908,2026-07-16,East Region,Standard Plan,1,71.9,web,C00647
1909,2026-07-16,East Region,Pro Plan,1,85.21,partner,C00274
1910,2026-07-16,East Region,Add-on Pack,1,80.96,mobile,C01685
1911,2026-07-16,East Region,Add-on Pack,1,64.5,web,C00431
1912,2026-07-16,East Region,Add-on Pack,1,82.05,mobile,C01848
1913,2026-07-16,East Region,Standard Plan,1,68.08,mobile,C00110
1914,2026-07-16,East Region,Standard Plan,2,78.58,mobile,C01408
1915,2026-07-16,East Region,Add-on Pack,1,72.06,mobile,C00155
1916,2026-07-16,East Region,Standard Plan,1,68.02,mobile,C02746
1917,2026-07-16,East Region,Add-on Pack,2,73.83,web,C00339
1918,2026-07-16,East Region,Add-on Pack,2,79.07,web,C01929
1919,2026-07-16,East Region,Pro Plan,1,84.09,web,C02487
1920,2026-07-16,East Region,Standard Plan,1,66.02,partner,C01601
1921,2026-07-16,East Region,Standard Plan,1,63.31,partner,C01120
1922,2026-07-16,East Region,Standard Plan,1,73.19,web,C02927
1923,2026-07-16,East Region,Standard Plan,1,85.48,mobile,C02854
1924,2026-07-16,East Region,Standard Plan,1,83.95,mobile,C02828
1925,2026-07-16,East Region,Pro Plan,1,73.28,web,C01546
1926,2026-07-16,East Region,Standard Plan,1,86.46,web,C00820
1927,2026-07-16,East Region,Standard Plan,1,61.64,web,C01381
1928,2026-07-16,East Region,Standard Plan,1,79.69,web,C00396
1929,2026-07-17,East Region,Add-on Pack,2,65.74,partner,C00442
1930,2026-07-17,East Region,Pro Plan,1,69.98,partner,C00849
1931,2026-07-17,East Region,Add-on Pack,2,71.95,web,C00952
1932,2026-07-17,East Region,Standard Plan,1,64.08,web,C00062
1933,2026-07-17,East Region,Pro Plan,1,78.99,mobile,C00872
1934,2026-07-17,East Region,Pro Plan,1,67.19,partner,C02556
1935,2026-07-17,East Region,Pro Plan,1,62.4,mobile,C01236
1936,2026-07-17,East Region,Add-on Pack,1,74.79,partner,C02197
1937,2026-07-17,East Region,Add-on Pack,1,65.86,partner,C01329
1938,2026-07-17,East Region,Add-on Pack,1,80.14,mobile,C00719
1939,2026-07-17,East Region,Add-on Pack,1,81.92,partner,C01975
1940,2026-07-17,East Region,Standard Plan,2,70.31,mobile,C02094
1941,2026-07-17,East Region,Add-on Pack,1,81.38,web,C00087
1942,2026-07-17,East Region,Add-on Pack,1,81.84,mobile,C00969
1943,2026-07-17,East Region,Add-on Pack,1,72.86,partner,C00326
1944,2026-07-17,East Region,Standard Plan,2,64.94,mobile,C00828
1945,2026-07-17,East Region,Standard Plan,1,71.42,web,C02971
1946,2026-07-17,East Region,Add-on Pack,2,88.09,partner,C01347
1947,2026-07-17,East Region,Standard Plan,1,68.77,partner,C01700
1948,2026-07-17,East Region,Add-on Pack,1,83.31,web,C01357
1949,2026-07-17,East Region,Pro Plan,1,67.79,partner,C01018
1950,2026-07-17,East Region,Add-on Pack,1,80.14,partner,C01563
1951,2026-07-17,East Region,Add-on Pack,2,69.95,partner,C00025
1952,2026-07-17,East Region,Standard Plan,1,84.86,web,C00214
1953,2026-07-17,East Region,Add-on Pack,1,88.18,web,C00376
1954,2026-07-17,East Region,Standard Plan,1,77.32,web,C02079
1955,2026-07-17,East Region,Standard Plan,2,72.79,mobile,C00673
1956,2026-07-17,East Region,Add-on Pack,2,66.57,web,C02482
1957,2026-07-17,East Region,Standard Plan,2,69.44,partner,C00825
1958,2026-07-17,East Region,Pro Plan,2,84.66,web,C01473
1959,2026-07-17,East Region,Pro Plan,2,71.47,mobile,C01732
1960,2026-07-17,East Region,Add-on Pack,2,77.78,web,C01975
1961,2026-07-17,East Region,Standard Plan,2,81.92,web,C01230
1962,2026-07-17,East Region,Add-on Pack,1,75.81,mobile,C01559
1963,2026-07-17,East Region,Pro Plan,1,69.52,mobile,C02303
1964,2026-07-17,East Region,Add-on Pack,1,74.28,web,C02929
1965,2026-07-17,East Region,Pro Plan,1,66.52,web,C00053
1966,2026-07-17,East Region,Add-on Pack,1,81.07,mobile,C01658
1967,2026-07-17,East Region,Pro Plan,1,86.78,mobile,C02006
1968,2026-07-17,East Region,Pro Plan,1,78.64,mobile,C00160
1969,2026-07-17,East Region,Standard Plan,1,71.67,web,C01788
1970,2026-07-18,East Region,Add-on Pack,2,70.68,partner,C02821
1971,2026-07-18,East Region,Pro Plan,2,80.14,mobile,C01011
1972,2026-07-18,East Region,Standard Plan,1,74.19,partner,C02895
1973,2026-07-18,East Region,Add-on Pack,1,61.97,mobile,C02480
1974,2026-07-18,East Region,Pro Plan,1,86.88,mobile,C01014
1975,2026-07-18,East Region,Add-on Pack,1,76.93,web,C00479
1976,2026-07-18,East Region,Standard Plan,2,78.73,mobile,C02893
1977,2026-07-18,East Region,Add-on Pack,1,87.7,partner,C00774
1978,2026-07-18,East Region,Pro Plan,2,65.71,mobile,C02834
1979,2026-07-18,East Region,Pro Plan,2,74.82,partner,C01262
1980,2026-07-18,East Region,Add-on Pack,1,72.4,web,C02606
1981,2026-07-18,East Region,Add-on Pack,1,82.33,web,C01102
1982,2026-07-18,East Region,Add-on Pack,2,66.9,partner,C01262
1983,2026-07-18,East Region,Standard Plan,2,88.05,web,C00397
1984,2026-07-18,East Region,Standard Plan,2,82.25,partner,C01708
1985,2026-07-18,East Region,Add-on Pack,2,69.04,web,C00723
1986,2026-07-18,East Region,Pro Plan,1,66.27,web,C01993
1987,2026-07-18,East Region,Standard Plan,1,74.87,mobile,C02323
1988,2026-07-18,East Region,Standard Plan,1,66.25,partner,C00749
1989,2026-07-18,East Region,Standard Plan,2,68.25,mobile,C02568
1990,2026-07-18,East Region,Add-on Pack,1,64.17,web,C01201
1991,2026-07-18,East Region,Standard Plan,1,71.47,web,C01402
1992,2026-07-18,East Region,Standard Plan,2,77.13,mobile,C02756
1993,2026-07-18,East Region,Standard Plan,1,61.46,web,C02726
1994,2026-07-18,East Region,Add-on Pack,1,82.67,web,C00865
1995,2026-07-18,East Region,Add-on Pack,2,82.74,partner,C02131
1996,2026-07-18,East Region,Pro Plan,2,86.55,mobile,C02476
1997,2026-07-18,East Region,Pro Plan,1,70.35,mobile,C00982
1998,2026-07-18,East Region,Pro Plan,2,79.29,partner,C00235
1999,2026-07-18,East Region,Pro Plan,1,84.95,web,C01872
2000,2026-07-18,East Region,Add-on Pack,1,72.13,web,C02466
2001,2026-07-18,East Region,Standard Plan,1,84.84,partner,C01019
2002,2026-07-18,East Region,Pro Plan,2,73.49,partner,C01693
2003,2026-07-18,East Region,Add-on Pack,1,66.31,web,C02596
2004,2026-07-18,East Region,Pro Plan,1,84.96,partner,C01820
2005,2026-07-18,East Region,Standard Plan,2,77.7,partner,C02510
2006,2026-07-18,East Region,Standard Plan,2,70.67,partner,C02866
2007,2026-07-18,East Region,Standard Plan,1,81.17,partner,C00800
2008,2026-07-18,East Region,Add-on Pack,1,65.09,web,C02040
2009,2026-07-18,East Region,Standard Plan,2,69.4,web,C01828
2010,2026-07-18,East Region,Standard Plan,1,74.31,web,C00867
2011,2026-07-18,East Region,Standard Plan,1,81.69,web,C01782
2012,2026-07-19,East Region,Standard Plan,1,86.47,mobile,C01149
2013,2026-07-19,East Region,Standard Plan,2,80.76,partner,C00505
2014,2026-07-19,East Region,Add-on Pack,2,64.89,web,C02834
2015,2026-07-19,East Region,Pro Plan,1,84.92,partner,C01406
2016,2026-07-19,East Region,Pro Plan,2,85.96,partner,C02631
2017,2026-07-19,East Region,Add-on Pack,2,87.48,web,C00916
2018,2026-07-19,East Region,Pro Plan,1,64.35,web,C00366
2019,2026-07-19,East Region,Pro Plan,1,81.34,partner,C00476
2020,2026-07-19,East Region,Add-on Pack,1,71.2,mobile,C02364
2021,2026-07-19,East Region,Add-on Pack,1,61.25,partner,C02194
2022,2026-07-19,East Region,Standard Plan,2,84.24,mobile,C01496
2023,2026-07-19,East Region,Add-on Pack,1,86.6,partner,C02719
2024,2026-07-19,East Region,Add-on Pack,1,77.27,mobile,C00038
2025,2026-07-19,East Region,Add-on Pack,1,84.38,web,C01216
2026,2026-07-19,East Region,Standard Plan,2,74.8,web,C02464
2027,2026-07-19,East Region,Pro Plan,1,65.17,partner,C01312
2028,2026-07-19,East Region,Pro Plan,1,74.86,mobile,C02894
2029,2026-07-19,East Region,Add-on Pack,1,74.21,mobile,C01194
2030,2026-07-19,East Region,Add-on Pack,1,87.49,mobile,C00626
2031,2026-07-19,East Region,Add-on Pack,1,66.93,partner,C00216
2032,2026-07-19,East Region,Standard Plan,2,84.5,mobile,C02701
2033,2026-07-19,East Region,Standard Plan,2,88.16,mobile,C01731
2034,2026-07-19,East Region,Add-on Pack,1,74.08,mobile,C01602
2035,2026-07-19,East Region,Standard Plan,1,75.56,mobile,C02853
2036,2026-07-19,East Region,Standard Plan,2,80.27,web,C00537
2037,2026-07-19,East Region,Pro Plan,1,81.66,partner,C01246
2038,2026-07-19,East Region,Pro Plan,1,79.01,mobile,C02851
2039,2026-07-19,East Region,Pro Plan,1,69.12,web,C00894
2040,2026-07-19,East Region,Add-on Pack,1,66.52,mobile,C02974
2041,2026-07-19,East Region,Add-on Pack,1,63.97,mobile,C01750
2042,2026-07-19,East Region,Add-on Pack,1,84.09,web,C01457
2043,2026-07-19,East Region,Pro Plan,1,66.09,web,C02112
2044,2026-07-19,East Region,Add-on Pack,2,70.41,web,C02569
2045,2026-07-19,East Region,Add-on Pack,1,72.19,web,C00987
2046,2026-07-19,East Region,Pro Plan,1,74.49,partner,C01538
2047,2026-07-19,East Region,Add-on Pack,1,88.16,mobile,C02664
2048,2026-07-19,East Region,Pro Plan,2,68.69,mobile,C00048
2049,2026-07-19,East Region,Standard Plan,1,64.37,mobile,C02628
2050,2026-07-19,East Region,Add-on Pack,1,85.91,web,C02404
2051,2026-07-19,East Region,Add-on Pack,2,88.06,mobile,C02842
2052,2026-07-20,East Region,Add-on Pack,2,66.13,partner,C02879
2053,2026-07-20,East Region,Pro Plan,1,69.32,web,C01333
2054,2026-07-20,East Region,Standard Plan,1,80.61,mobile,C02871
2055,2026-07-20,East Region,Standard Plan,2,71.91,web,C02126
2056,2026-07-20,East Region,Add-on Pack,1,75.86,web,C02698
2057,2026-07-20,East Region,Standard Plan,1,66.11,web,C02273
2058,2026-07-20,East Region,Pro Plan,1,82.97,web,C00528
2059,2026-07-20,East Region,Add-on Pack,1,66.81,web,C02304
2060,2026-07-20,East Region,Pro Plan,1,84.36,web,C00511
2061,2026-07-20,East Region,Add-on Pack,1,69.32,mobile,C02696
2062,2026-07-20,East Region,Standard Plan,1,67.95,partner,C01202
2063,2026-07-20,East Region,Add-on Pack,1,75.73,partner,C02009
2064,2026-07-20,East Region,Add-on Pack,1,69.71,partner,C02205
2065,2026-07-20,East Region,Add-on Pack,1,66.91,partner,C00184
2066,2026-07-20,East Region,Standard Plan,1,62.2,mobile,C00882
2067,2026-07-20,East Region,Standard Plan,1,77.58,partner,C01471
2068,2026-07-20,East Region,Pro Plan,2,64.69,web,C02253
2069,2026-07-20,East Region,Pro Plan,1,68.29,mobile,C01869
2070,2026-07-20,East Region,Standard Plan,2,86.9,partner,C00587
2071,2026-07-20,East Region,Add-on Pack,1,66.74,partner,C02855
2072,2026-07-20,East Region,Add-on Pack,1,66.44,partner,C02693
2073,2026-07-20,East Region,Add-on Pack,1,83.52,mobile,C00629
2074,2026-07-20,East Region,Pro Plan,2,88.19,mobile,C00107
2075,2026-07-20,East Region,Add-on Pack,1,67.93,web,C02177
2076,2026-07-20,East Region,Standard Plan,2,79.8,web,C01350
2077,2026-07-20,East Region,Add-on Pack,1,63.62,mobile,C00600
2078,2026-07-20,East Region,Standard Plan,1,68.64,mobile,C00911
2079,2026-07-20,East Region,Pro Plan,1,87.09,web,C02157
2080,2026-07-20,East Region,Add-on Pack,2,85.01,web,C02167
2081,2026-07-20,East Region,Pro Plan,1,80.25,partner,C01111
2082,2026-07-20,East Region,Add-on Pack,1,63.89,web,C01303
2083,2026-07-20,East Region,Pro Plan,2,66.11,mobile,C02427
2084,2026-07-20,East Region,Standard Plan,1,68.25,partner,C00518
2085,2026-07-20,East Region,Standard Plan,1,71.5,web,C02972
2086,2026-07-20,East Region,Add-on Pack,1,87.71,partner,C02494
2087,2026-07-20,East Region,Pro Plan,1,80.42,mobile,C01450
2088,2026-07-20,East Region,Pro Plan,1,74.86,mobile,C02133
2089,2026-07-20,East Region,Add-on Pack,1,85.17,mobile,C02604
2090,2026-07-20,East Region,Standard Plan,2,86.97,mobile,C00370
2091,2026-07-20,East Region,Add-on Pack,1,63.36,web,C00677
2092,2026-07-21,East Region,Standard Plan,1,63.5,partner,C02019
2093,2026-07-21,East Region,Standard Plan,2,87.37,partner,C02084
2094,2026-07-21,East Region,Add-on Pack,2,64.91,partner,C02807
2095,2026-07-21,East Region,Add-on Pack,1,85.36,mobile,C00057
2096,2026-07-21,East Region,Add-on Pack,1,66.37,partner,C01741
2097,2026-07-21,East Region,Add-on Pack,1,75.73,web,C02709
2098,2026-07-21,East Region,Add-on Pack,1,79.81,partner,C01838
2099,2026-07-21,East Region,Standard Plan,1,79.55,web,C00308
2100,2026-07-21,East Region,Pro Plan,1,84.03,web,C01732
2101,2026-07-21,East Region,Pro Plan,1,71.51,web,C01385
2102,2026-07-21,East Region,Add-on Pack,1,67.99,mobile,C01226
2103,2026-07-21,East Region,Pro Plan,1,69.18,web,C02586
2104,2026-07-21,East Region,Add-on Pack,1,71.91,partner,C02112
2105,2026-07-21,East Region,Standard Plan,2,86.64,web,C01458
2106,2026-07-21,East Region,Standard Plan,1,77.94,mobile,C01450
2107,2026-07-21,East Region,Standard Plan,1,61.34,mobile,C01453
2108,2026-07-21,East Region,Standard Plan,2,63.96,web,C00348
2109,2026-07-21,East Region,Add-on Pack,1,75.19,mobile,C00508
2110,2026-07-21,East Region,Pro Plan,1,61.39,web,C01928
2111,2026-07-21,East Region,Pro Plan,1,71.38,mobile,C00747
2112,2026-07-21,East Region,Add-on Pack,1,83.27,mobile,C02689
2113,2026-07-21,East Region,Pro Plan,1,65.6,partner,C01778
2114,2026-07-21,East Region,Standard Plan,1,70.97,web,C00777
2115,2026-07-21,East Region,Pro Plan,2,62.29,mobile,C01357
2116,2026-07-21,East Region,Standard Plan,1,65.56,mobile,C02725
2117,2026-07-21,East Region,Pro Plan,2,64.43,partner,C02030
2118,2026-07-21,East Region,Add-on Pack,1,80.63,mobile,C02056
2119,2026-07-21,East Region,Add-on Pack,2,86.32,web,C00450
2120,2026-07-21,East Region,Standard Plan,1,82.76,web,C01410
2121,2026-07-21,East Region,Add-on Pack,1,61.57,web,C02779
2122,2026-07-21,East Region,Pro Plan,1,72.89,mobile,C01967
2123,2026-07-21,East Region,Pro Plan,1,68.88,mobile,C01015
2124,2026-07-21,East Region,Add-on Pack,1,65.35,web,C01152
2125,2026-07-21,East Region,Standard Plan,1,84.71,partner,C01758
2126,2026-07-21,East Region,Standard Plan,1,74.09,partner,C02992
2127,2026-07-21,East Region,Add-on Pack,1,77.82,partner,C02577
2128,2026-07-21,East Region,Add-on Pack,1,65.25,web,C01644
2129,2026-07-21,East Region,Standard Plan,1,68.65,web,C01747
2130,2026-07-21,East Region,Standard Plan,1,77.97,web,C01558
2131,2026-07-21,East Region,Pro Plan,1,75.48,web,C01377
2132,2026-07-21,East Region,Pro Plan,2,74.23,partner,C00212
2133,2026-07-21,East Region,Pro Plan,1,64.19,mobile,C01438
2134,2026-07-21,East Region,Add-on Pack,1,72.57,web,C00745
2135,2026-07-21,East Region,Standard Plan,1,61.21,web,C01169
2136,2026-07-22,East Region,Pro Plan,1,85.91,mobile,C00758
2137,2026-07-22,East Region,Pro Plan,1,86.99,mobile,C01247
2138,2026-07-22,East Region,Standard Plan,1,63.84,partner,C02261
2139,2026-07-22,East Region,Standard Plan,1,70.21,partner,C02413
2140,2026-07-22,East Region,Add-on Pack,1,77.65,partner,C01131
2141,2026-07-22,East Region,Standard Plan,1,77.09,web,C00535
2142,2026-07-22,East Region,Add-on Pack,1,81.4,web,C02403
2143,2026-07-22,East Region,Add-on Pack,1,83.43,partner,C01826
2144,2026-07-22,East Region,Standard Plan,1,63.24,mobile,C02972
2145,2026-07-22,East Region,Pro Plan,1,88.12,partner,C02953
2146,2026-07-22,East Region,Standard Plan,1,62.39,mobile,C02255
2147,2026-07-22,East Region,Add-on Pack,1,68.07,mobile,C01837
2148,2026-07-22,East Region,Add-on Pack,2,80.71,web,C01978
2149,2026-07-22,East Region,Pro Plan,1,75.45,web,C02455
2150,2026-07-22,East Region,Pro Plan,1,80.15,mobile,C00187
2151,2026-07-22,East Region,Add-on Pack,1,62.85,partner,C01629
2152,2026-07-22,East Region,Pro Plan,1,79.82,web,C01794
2153,2026-07-22,East Region,Add-on Pack,2,71.65,mobile,C02488
2154,2026-07-22,East Region,Pro Plan,1,66.83,web,C02343
2155,2026-07-22,East Region,Standard Plan,1,77.31,partner,C01866
2156,2026-07-22,East Region,Add-on Pack,1,80.45,mobile,C00903
2157,2026-07-22,East Region,Pro Plan,1,80.46,web,C00918
2158,2026-07-22,East Region,Standard Plan,1,75.71,web,C02620
2159,2026-07-22,East Region,Standard Plan,1,86.82,web,C01108
2160,2026-07-22,East Region,Standard Plan,1,78.67,web,C02190
2161,2026-07-22,East Region,Standard Plan,1,61.24,partner,C02479
2162,2026-07-22,East Region,Pro Plan,1,70.03,partner,C00548
2163,2026-07-22,East Region,Pro Plan,1,85.63,mobile,C00235
2164,2026-07-22,East Region,Add-on Pack,1,83.39,web,C02993
2165,2026-07-22,East Region,Pro Plan,1,66.01,partner,C02693
2166,2026-07-22,East Region,Add-on Pack,2,64.1,partner,C01055
2167,2026-07-22,East Region,Add-on Pack,1,78.45,mobile,C00904
2168,2026-07-22,East Region,Pro Plan,2,68.51,web,C01828
2169,2026-07-22,East Region,Standard Plan,2,81.05,mobile,C00608
2170,2026-07-22,East Region,Pro Plan,1,63.75,mobile,C00758
2171,2026-07-22,East Region,Standard Plan,2,66.34,partner,C00739
2172,2026-07-22,East Region,Add-on Pack,1,68.87,web,C00728
2173,2026-07-22,East Region,Pro Plan,1,79.9,web,C00588
2174,2026-07-22,East Region,Standard Plan,2,72.8,partner,C01649
2175,2026-07-22,East Region,Standard Plan,1,80.9,partner,C00049
2176,2026-07-22,East Region,Add-on Pack,2,63.91,web,C00451
2177,2026-07-22,East Region,Standard Plan,1,81.97,web,C01018
2178,2026-07-22,East Region,Standard Plan,1,68.48,web,C00436
2179,2026-07-23,East Region,Add-on Pack,1,83.46,web,C00571
2180,2026-07-23,East Region,Pro Plan,2,81.86,web,C01260
2181,2026-07-23,East Region,Pro Plan,1,74.23,web,C02227
2182,2026-07-23,East Region,Add-on Pack,1,68.47,web,C00183
2183,2026-07-23,East Region,Standard Plan,1,76.01,partner,C01702
2184,2026-07-23,East Region,Standard Plan,1,61.23,web,C00929
2185,2026-07-23,East Region,Pro Plan,1,71.68,partner,C01175
2186,2026-07-23,East Region,Standard Plan,2,86.27,partner,C02929
2187,2026-07-23,East Region,Standard Plan,1,74.58,web,C00417
2188,2026-07-23,East Region,Pro Plan,1,70.92,web,C01477
2189,2026-07-23,East Region,Standard Plan,1,85.56,web,C01756
2190,2026-07-23,East Region,Add-on Pack,1,70.31,partner,C01742
2191,2026-07-23,East Region,Standard Plan,1,85.49,partner,C01176
2192,2026-07-23,East Region,Pro Plan,1,85.01,mobile,C02711
2193,2026-07-23,East Region,Pro Plan,1,86.57,web,C00609
2194,2026-07-23,East Region,Add-on Pack,1,65.19,mobile,C01830
2195,2026-07-23,East Region,Add-on Pack,2,82.87,web,C00464
2196,2026-07-23,East Region,Add-on Pack,1,72.83,web,C00371
2197,2026-07-23,East Region,Pro Plan,1,88.26,mobile,C01445
2198,2026-07-23,East Region,Pro Plan,2,74.64,partner,C01696
2199,2026-07-23,East Region,Add-on Pack,1,82.78,web,C02679
2200,2026-07-23,East Region,Standard Plan,2,71.62,partner,C02187
2201,2026-07-23,East Region,Pro Plan,1,75.68,mobile,C00343
2202,2026-07-23,East Region,Add-on Pack,1,80.65,partner,C00358
2203,2026-07-23,East Region,Standard Plan,1,71.04,web,C01485
2204,2026-07-23,East Region,Add-on Pack,1,74.09,web,C00245
2205,2026-07-23,East Region,Pro Plan,1,71.02,mobile,C01886
2206,2026-07-23,East Region,Standard Plan,2,83.92,web,C00864
2207,2026-07-23,East Region,Standard Plan,1,62.72,web,C02850
2208,2026-07-23,East Region,Add-on Pack,1,65.09,partner,C01740
2209,2026-07-23,East Region,Pro Plan,1,62.67,partner,C02383
2210,2026-07-23,East Region,Standard Plan,1,74.17,web,C00602
2211,2026-07-23,East Region,Pro Plan,1,65.04,web,C00052
2212,2026-07-23,East Region,Add-on Pack,2,83.81,web,C00748
2213,2026-07-23,East Region,Pro Plan,1,81.42,mobile,C01686
2214,2026-07-23,East Region,Add-on Pack,1,70.38,mobile,C00456
2215,2026-07-23,East Region,Standard Plan,1,62.83,partner,C00711
2216,2026-07-23,East Region,Add-on Pack,2,65.56,mobile,C02785
2217,2026-07-23,East Region,Pro Plan,1,76.27,partner,C02056
2218,2026-07-23,East Region,Pro Plan,2,80.49,web,C01114
2219,2026-07-23,East Region,Standard Plan,1,75.38,partner,C00868
2220,2026-07-23,East Region,Pro Plan,1,78.04,mobile,C00753
2221,2026-07-23,East Region,Add-on Pack,1,87.75,partner,C01919
2222,2026-07-23,East Region,Pro Plan,2,69.72,mobile,C00676
2223,2026-07-24,East Region,Pro Plan,1,78.79,mobile,C00445
2224,2026-07-24,East Region,Standard Plan,1,63.32,web,C00982
2225,2026-07-24,East Region,Pro Plan,1,65.63,web,C00868
2226,2026-07-24,East Region,Add-on Pack,1,61.5,web,C02260
2227,2026-07-24,East Region,Standard Plan,1,78.56,web,C01103
2228,2026-07-24,East Region,Standard Plan,1,87.77,partner,C01982
2229,2026-07-24,East Region,Standard Plan,1,62.51,mobile,C00035
2230,2026-07-24,East Region,Pro Plan,2,81.65,partner,C00799
2231,2026-07-24,East Region,Pro Plan,1,81.65,web,C02879
2232,2026-07-24,East Region,Add-on Pack,2,63.85,partner,C02063
2233,2026-07-24,East Region,Standard Plan,1,74.86,web,C02406
2234,2026-07-24,East Region,Pro Plan,1,74.17,mobile,C00661
2235,2026-07-24,East Region,Standard Plan,1,79.76,partner,C00383
2236,2026-07-24,East Region,Add-on Pack,1,67.5,partner,C02680
2237,2026-07-24,East Region,Standard Plan,1,82.11,partner,C02115
2238,2026-07-24,East Region,Add-on Pack,1,77.76,mobile,C00538
2239,2026-07-24,East Region,Pro Plan,2,69.11,web,C02920
2240,2026-07-24,East Region,Add-on Pack,1,71.74,partner,C02486
2241,2026-07-24,East Region,Standard Plan,2,87.26,web,C00062
2242,2026-07-24,East Region,Standard Plan,1,82.04,partner,C00358
2243,2026-07-24,East Region,Pro Plan,1,63.76,web,C01211
2244,2026-07-24,East Region,Standard Plan,1,63.05,mobile,C00366
2245,2026-07-24,East Region,Standard Plan,2,66.07,mobile,C01939
2246,2026-07-24,East Region,Pro Plan,2,81.96,partner,C00576
2247,2026-07-24,East Region,Standard Plan,2,87.63,web,C01489
2248,2026-07-24,East Region,Pro Plan,1,72.11,mobile,C01503
2249,2026-07-24,East Region,Add-on Pack,1,84.18,mobile,C00342
2250,2026-07-24,East Region,Add-on Pack,2,72.44,mobile,C02796
2251,2026-07-24,East Region,Standard Plan,1,78.08,partner,C01003
2252,2026-07-24,East Region,Add-on Pack,1,83.54,web,C00432
2253,2026-07-24,East Region,Pro Plan,2,71.42,web,C00914
2254,2026-07-24,East Region,Pro Plan,1,84.98,mobile,C01909
2255,2026-07-24,East Region,Pro Plan,2,78.68,web,C00352
2256,2026-07-24,East Region,Standard Plan,2,81.1,mobile,C00818
2257,2026-07-24,East Region,Pro Plan,1,70.14,mobile,C02476
2258,2026-07-24,East Region,Pro Plan,2,66.98,web,C01141
2259,2026-07-24,East Region,Pro Plan,1,62.24,mobile,C00597
2260,2026-07-24,East Region,Add-on Pack,1,67.01,partner,C01558
2261,2026-07-24,East Region,Standard Plan,1,86.67,mobile,C01940
2262,2026-07-24,East Region,Standard Plan,1,62.67,partner,C01733
2263,2026-07-25,East Region,Pro Plan,1,78.49,web,C00284
2264,2026-07-25,East Region,Pro Plan,1,72.22,partner,C01850
2265,2026-07-25,East Region,Pro Plan,1,75.47,web,C00221
2266,2026-07-25,East Region,Standard Plan,2,85.54,mobile,C01217
2267,2026-07-25,East Region,Standard Plan,2,66.6,mobile,C01948
2268,2026-07-25,East Region,Add-on Pack,1,79.94,partner,C01790
2269,2026-07-25,East Region,Pro Plan,2,86.02,web,C02298
2270,2026-07-25,East Region,Add-on Pack,1,66.6,mobile,C02721
2271,2026-07-25,East Region,Add-on Pack,1,81.41,web,C00617
2272,2026-07-25,East Region,Pro Plan,2,86.6,mobile,C00466
2273,2026-07-25,East Region,Add-on Pack,1,72.25,mobile,C00515
2274,2026-07-25,East Region,Add-on Pack,1,73.42,web,C00896
2275,2026-07-25,East Region,Add-on Pack,2,87.83,partner,C02237
2276,2026-07-25,East Region,Standard Plan,1,77.55,mobile,C00860
2277,2026-07-25,East Region,Standard Plan,1,87.63,mobile,C01491
2278,2026-07-25,East Region,Standard Plan,1,69.41,partner,C00511
2279,2026-07-25,East Region,Add-on Pack,2,74.78,mobile,C01681
2280,2026-07-25,East Region,Pro Plan,2,70.78,partner,C01376
2281,2026-07-25,East Region,Standard Plan,2,86.4,mobile,C01529
2282,2026-07-25,East Region,Standard Plan,1,76.23,partner,C01786
2283,2026-07-25,East Region,Pro Plan,2,68.95,partner,C01161
2284,2026-07-25,East Region,Add-on Pack,1,78.07,web,C00426
2285,2026-07-25,East Region,Standard Plan,2,78.87,web,C02034
2286,2026-07-25,East Region,Add-on Pack,1,81.65,partner,C01820
2287,2026-07-25,East Region,Add-on Pack,1,77.01,partner,C01188
2288,2026-07-25,East Region,Pro Plan,2,66.96,partner,C01561
2289,2026-07-25,East Region,Standard Plan,2,66.52,web,C01437
2290,2026-07-25,East Region,Pro Plan,2,72.43,web,C01535
2291,2026-07-25,East Region,Standard Plan,1,75.01,partner,C01084
2292,2026-07-25,East Region,Pro Plan,2,84.01,partner,C00990
2293,2026-07-25,East Region,Standard Plan,2,85.69,web,C00064
2294,2026-07-25,East Region,Standard Plan,1,65.37,partner,C02458
2295,2026-07-25,East Region,Pro Plan,2,70.31,web,C02277
2296,2026-07-25,East Region,Pro Plan,2,66.44,web,C02367
2297,2026-07-25,East Region,Pro Plan,2,64.71,partner,C00712
2298,2026-07-25,East Region,Pro Plan,1,85.79,mobile,C00947
2299,2026-07-25,East Region,Standard Plan,1,80.51,partner,C00485
2300,2026-07-25,East Region,Add-on Pack,2,76.89,partner,C01066
2301,2026-07-25,East Region,Add-on Pack,1,65.53,web,C00382
2302,2026-07-25,East Region,Standard Plan,1,61.9,partner,C02431
2303,2026-07-25,East Region,Standard Plan,1,61.96,partner,C01567
2304,2026-07-25,East Region,Standard Plan,1,81.39,mobile,C02599
2305,2026-07-26,East Region,Standard Plan,1,67.72,mobile,C00794
2306,2026-07-26,East Region,Add-on Pack,2,84.06,mobile,C02701
2307,2026-07-26,East Region,Standard Plan,1,68.68,partner,C00095
2308,2026-07-26,East Region,Add-on Pack,1,87.99,web,C01881
2309,2026-07-26,East Region,Add-on Pack,1,64.54,mobile,C01074
2310,2026-07-26,East Region,Standard Plan,2,63.72,mobile,C00852
2311,2026-07-26,East Region,Pro Plan,1,63.94,mobile,C00302
2312,2026-07-26,East Region,Pro Plan,1,87.29,web,C02816
2313,2026-07-26,East Region,Pro Plan,1,71.41,partner,C01847
2314,2026-07-26,East Region,Standard Plan,1,66.09,web,C02702
2315,2026-07-26,East Region,Add-on Pack,1,78.37,web,C01405
2316,2026-07-26,East Region,Pro Plan,1,74.36,web,C02138
2317,2026-07-26,East Region,Add-on Pack,1,68.12,web,C02483
2318,2026-07-26,East Region,Standard Plan,1,75.78,web,C01495
2319,2026-07-26,East Region,Standard Plan,1,85.64,mobile,C00568
2320,2026-07-26,East Region,Standard Plan,1,63.47,mobile,C01121
2321,2026-07-26,East Region,Pro Plan,1,66.62,mobile,C02901
2322,2026-07-26,East Region,Add-on Pack,2,78.93,partner,C02031
2323,2026-07-26,East Region,Pro Plan,2,75.14,web,C01025
2324,2026-07-26,East Region,Standard Plan,1,66.58,mobile,C00422
2325,2026-07-26,East Region,Add-on Pack,1,82.77,web,C00844
2326,2026-07-26,East Region,Add-on Pack,2,74.47,mobile,C02443
2327,2026-07-26,East Region,Add-on Pack,1,68.59,partner,C00441
2328,2026-07-26,East Region,Add-on Pack,1,71.62,partner,C01446
2329,2026-07-26,East Region,Pro Plan,1,85.62,mobile,C00686
2330,2026-07-26,East Region,Standard Plan,1,87.26,partner,C01679
2331,2026-07-26,East Region,Pro Plan,1,77.63,mobile,C00123
2332,2026-07-26,East Region,Standard Plan,1,66.09,mobile,C00762
2333,2026-07-26,East Region,Pro Plan,1,67.87,partner,C01523
2334,2026-07-26,East Region,Pro Plan,1,65.15,web,C00040
2335,2026-07-26,East Region,Pro Plan,1,79.92,web,C01907
2336,2026-07-26,East Region,Add-on Pack,1,82.83,partner,C00272
2337,2026-07-26,East Region,Pro Plan,1,68.91,partner,C00891
2338,2026-07-26,East Region,Standard Plan,1,76.46,partner,C02648
2339,2026-07-26,East Region,Pro Plan,2,79.75,mobile,C01312
2340,2026-07-26,East Region,Standard Plan,2,66.56,mobile,C00192
2341,2026-07-26,East Region,Pro Plan,1,72.66,mobile,C00701
2342,2026-07-26,East Region,Add-on Pack,2,70.09,web,C02361
2343,2026-07-26,East Region,Standard Plan,1,68.95,mobile,C01165
2344,2026-07-26,East Region,Standard Plan,2,84.09,web,C02186
2345,2026-07-26,East Region,Add-on Pack,1,62.26,web,C01925
2346,2026-07-26,East Region,Standard Plan,2,83.77,partner,C01233
2347,2026-07-27,East Region,Pro Plan,2,81.7,web,C02280
2348,2026-07-27,East Region,Pro Plan,1,74.63,mobile,C01223
2349,2026-07-27,East Region,Add-on Pack,2,87.96,partner,C00498
2350,2026-07-27,East Region,Pro Plan,1,86.71,web,C00918
2351,2026-07-27,East Region,Standard Plan,1,83.65,web,C01323
2352,2026-07-27,East Region,Add-on Pack,1,80.9,web,C00361
2353,2026-07-27,East Region,Standard Plan,1,80.9,partner,C00021
2354,2026-07-27,East Region,Add-on Pack,1,84.81,web,C00454
2355,2026-07-27,East Region,Standard Plan,1,86.96,mobile,C01349
2356,2026-07-27,East Region,Add-on Pack,2,77.87,mobile,C02862
2357,2026-07-27,East Region,Standard Plan,2,86.36,web,C00518
2358,2026-07-27,East Region,Pro Plan,2,84.64,partner,C01831
2359,2026-07-27,East Region,Add-on Pack,1,64.53,partner,C01958
2360,2026-07-27,East Region,Add-on Pack,1,74.53,mobile,C02994
2361,2026-07-27,East Region,Pro Plan,1,67.34,mobile,C02914
2362,2026-07-27,East Region,Standard Plan,1,70.8,partner,C02651
2363,2026-07-27,East Region,Add-on Pack,1,84.48,web,C02026
2364,2026-07-27,East Region,Standard Plan,1,66.98,mobile,C01578
2365,2026-07-27,East Region,Standard Plan,1,74.46,web,C02419
2366,2026-07-27,East Region,Add-on Pack,1,75.18,mobile,C02903
2367,2026-07-27,East Region,Pro Plan,1,79.02,web,C00897
2368,2026-07-27,East Region,Pro Plan,2,71.69,partner,C02104
2369,2026-07-27,East Region,Standard Plan,1,82.42,web,C01139
2370,2026-07-27,East Region,Pro Plan,1,65.67,partner,C02656
2371,2026-07-27,East Region,Standard Plan,1,65.21,partner,C00452
2372,2026-07-27,East Region,Standard Plan,2,61.65,web,C01093
2373,2026-07-27,East Region,Standard Plan,2,74.15,mobile,C01088
2374,2026-07-27,East Region,Standard Plan,1,86.41,mobile,C01768
2375,2026-07-27,East Region,Standard Plan,2,65.3,partner,C01367
2376,2026-07-27,East Region,Standard Plan,1,73.2,web,C00202
2377,2026-07-27,East Region,Add-on Pack,2,71.6,web,C01205
2378,2026-07-27,East Region,Standard Plan,1,72.15,partner,C02489
2379,2026-07-27,East Region,Pro Plan,1,75.31,partner,C00205
2380,2026-07-27,East Region,Add-on Pack,1,67.97,web,C00472
2381,2026-07-27,East Region,Standard Plan,1,85.55,web,C00270
2382,2026-07-27,East Region,Add-on Pack,1,63.95,partner,C02866
2383,2026-07-27,East Region,Add-on Pack,2,72.2,web,C00901
2384,2026-07-27,East Region,Add-on Pack,1,83.61,mobile,C00843
2385,2026-07-27,East Region,Standard Plan,1,82.57,partner,C01180
2386,2026-07-27,East Region,Add-on Pack,1,77.42,web,C00759
2387,2026-07-27,East Region,Add-on Pack,2,85.89,partner,C01251
2388,2026-07-27,East Region,Add-on Pack,1,67.69,partner,C00285
2389,2026-07-28,East Region,Standard Plan,2,70.23,web,C00053
2390,2026-07-28,East Region,Add-on Pack,1,74.11,web,C00728
2391,2026-07-28,East Region,Pro Plan,1,85.17,partner,C00040
2392,2026-07-28,East Region,Add-on Pack,2,70.78,partner,C00005
2393,2026-07-28,East Region,Pro Plan,2,84.95,web,C00186
2394,2026-07-28,East Region,Standard Plan,1,76.63,web,C02152
2395,2026-07-28,East Region,Add-on Pack,1,65.75,web,C00410
2396,2026-07-28,East Region,Pro Plan,1,83.07,mobile,C02010
2397,2026-07-28,East Region,Add-on Pack,1,70.74,partner,C01993
2398,2026-07-28,East Region,Pro Plan,1,71.11,mobile,C01234
2399,2026-07-28,East Region,Add-on Pack,2,70.28,web,C01106
2400,2026-07-28,East Region,Add-on Pack,1,75.33,web,C01681
2401,2026-07-28,East Region,Standard Plan,1,79.13,mobile,C02040
2402,2026-07-28,East Region,Standard Plan,2,67.85,mobile,C00846
2403,2026-07-28,East Region,Add-on Pack,2,63.63,partner,C00443
2404,2026-07-28,East Region,Pro Plan,2,85.06,partner,C00717
2405,2026-07-28,East Region,Pro Plan,1,85.96,mobile,C01602
2406,2026-07-28,East Region,Add-on Pack,1,72.55,mobile,C00781
2407,2026-07-28,East Region,Standard Plan,1,76.96,partner,C00504
2408,2026-07-28,East Region,Pro Plan,1,82.83,mobile,C00452
2409,2026-07-28,East Region,Standard Plan,1,74.77,mobile,C02790
2410,2026-07-28,East Region,Standard Plan,1,75.43,partner,C02287
2411,2026-07-28,East Region,Add-on Pack,2,65.62,mobile,C00265
2412,2026-07-28,East Region,Pro Plan,1,61.62,web,C01160
2413,2026-07-28,East Region,Add-on Pack,2,64.56,mobile,C00021
2414,2026-07-28,East Region,Pro Plan,1,70.78,web,C01030
2415,2026-07-28,East Region,Standard Plan,1,70.73,partner,C02726
2416,2026-07-28,East Region,Add-on Pack,1,65.42,partner,C01109
2417,2026-07-28,East Region,Standard Plan,1,88.29,mobile,C02398
2418,2026-07-28,East Region,Standard Plan,1,69.11,mobile,C01453
2419,2026-07-28,East Region,Standard Plan,2,83.28,mobile,C01635
2420,2026-07-28,East Region,Standard Plan,1,85.49,partner,C01273
2421,2026-07-28,East Region,Standard Plan,1,76.54,partner,C00571
2422,2026-07-28,East Region,Add-on Pack,1,82.08,web,C01706
2423,2026-07-28,East Region,Add-on Pack,1,66.63,web,C01218
2424,2026-07-28,East Region,Add-on Pack,2,86.42,partner,C00752
2425,2026-07-28,East Region,Pro Plan,2,82.48,web,C00568
2426,2026-07-28,East Region,Add-on Pack,1,73.22,partner,C02807
2427,2026-07-28,East Region,Add-on Pack,1,70.93,mobile,C01911
2428,2026-07-28,East Region,Pro Plan,2,87.35,web,C02290
2429,2026-07-28,East Region,Standard Plan,2,87.24,web,C00576
2430,2026-07-29,East Region,Pro Plan,1,82.6,web,C02544
2431,2026-07-29,East Region,Add-on Pack,1,85.68,web,C01609
2432,2026-07-29,East Region,Standard Plan,1,72.16,mobile,C02122
2433,2026-07-29,East Region,Pro Plan,1,84.03,web,C01107
2434,2026-07-29,East Region,Add-on Pack,1,64.11,mobile,C02317
2435,2026-07-29,East Region,Pro Plan,1,79.98,web,C02395
2436,2026-07-29,East Region,Add-on Pack,1,75.09,partner,C00840
2437,2026-07-29,East Region,Add-on Pack,2,65.12,web,C00916
2438,2026-07-29,East Region,Add-on Pack,1,78.6,mobile,C02574
2439,2026-07-29,East Region,Pro Plan,1,80.76,mobile,C02555
2440,2026-07-29,East Region,Add-on Pack,1,66.66,web,C00627
2441,2026-07-29,East Region,Add-on Pack,1,85.13,web,C00837
2442,2026-07-29,East Region,Standard Plan,2,74.09,mobile,C00228
2443,2026-07-29,East Region,Standard Plan,2,69.36,web,C00963
2444,2026-07-29,East Region,Add-on Pack,2,68.28,partner,C02528
2445,2026-07-29,East Region,Standard Plan,1,72.96,web,C00581
2446,2026-07-29,East Region,Add-on Pack,1,79.08,partner,C02866
2447,2026-07-29,East Region,Add-on Pack,2,66.65,mobile,C01186
2448,2026-07-29,East Region,Add-on Pack,2,63.92,mobile,C02735
2449,2026-07-29,East Region,Pro Plan,1,71.84,mobile,C01708
2450,2026-07-29,East Region,Pro Plan,1,65.23,mobile,C00493
2451,2026-07-29,East Region,Add-on Pack,1,71.79,web,C02643
2452,2026-07-29,East Region,Add-on Pack,2,85.5,web,C01453
2453,2026-07-29,East Region,Standard Plan,2,73.93,mobile,C00038
2454,2026-07-29,East Region,Standard Plan,1,70.93,mobile,C02893
2455,2026-07-29,East Region,Add-on Pack,1,71.82,web,C02687
2456,2026-07-29,East Region,Standard Plan,1,70.77,mobile,C02930
2457,2026-07-29,East Region,Standard Plan,1,68.77,mobile,C00280
2458,2026-07-29,East Region,Add-on Pack,2,74.36,partner,C02700
2459,2026-07-29,East Region,Standard Plan,1,76.87,web,C02859
2460,2026-07-29,East Region,Pro Plan,1,77.22,partner,C02530
2461,2026-07-29,East Region,Pro Plan,1,63.04,partner,C00652
2462,2026-07-29,East Region,Standard Plan,1,63.83,mobile,C02783
2463,2026-07-29,East Region,Pro Plan,1,70.0,partner,C00970
2464,2026-07-29,East Region,Standard Plan,1,85.67,partner,C01574
2465,2026-07-29,East Region,Pro Plan,1,86.29,partner,C01026
2466,2026-07-29,East Region,Standard Plan,1,62.22,mobile,C01534
2467,2026-07-29,East Region,Add-on Pack,1,78.37,web,C01316
2468,2026-07-29,East Region,Standard Plan,2,80.21,web,C02611
2469,2026-07-29,East Region,Add-on Pack,1,76.34,mobile,C02012
2470,2026-07-29,East Region,Pro Plan,1,79.66,web,C00664
2471,2026-07-29,East Region,Pro Plan,1,83.34,web,C02385
2472,2026-07-29,East Region,Standard Plan,1,78.31,web,C00137
2473,2026-07-29,East Region,Standard Plan,1,85.5,mobile,C02328
2474,2026-07-30,East Region,Standard Plan,2,70.47,web,C00850
2475,2026-07-30,East Region,Add-on Pack,1,83.71,mobile,C02534
2476,2026-07-30,East Region,Add-on Pack,1,84.41,mobile,C01752
2477,2026-07-30,East Region,Add-on Pack,1,71.43,partner,C00321
2478,2026-07-30,East Region,Standard Plan,1,82.48,web,C00484
2479,2026-07-30,East Region,Pro Plan,1,67.47,web,C00918
2480,2026-07-30,East Region,Pro Plan,1,86.29,mobile,C02881
2481,2026-07-30,East Region,Pro Plan,1,63.05,mobile,C00307
2482,2026-07-30,East Region,Add-on Pack,1,76.85,mobile,C02534
2483,2026-07-30,East Region,Standard Plan,1,76.05,partner,C01930
2484,2026-07-30,East Region,Pro Plan,1,78.97,mobile,C01727
2485,2026-07-30,East Region,Pro Plan,1,66.65,web,C00837
2486,2026-07-30,East Region,Add-on Pack,1,83.42,partner,C00256
2487,2026-07-30,East Region,Standard Plan,1,74.62,mobile,C00290
2488,2026-07-30,East Region,Pro Plan,1,77.47,partner,C01962
2489,2026-07-30,East Region,Standard Plan,1,68.56,web,C00146
2490,2026-07-30,East Region,Pro Plan,1,75.01,mobile,C01957
2491,2026-07-30,East Region,Pro Plan,1,82.46,web,C00227
2492,2026-07-30,East Region,Standard Plan,1,82.24,partner,C02491
2493,2026-07-30,East Region,Pro Plan,1,79.75,partner,C01975
2494,2026-07-30,East Region,Standard Plan,2,71.73,partner,C00513
2495,2026-07-30,East Region,Pro Plan,1,80.28,web,C01794
2496,2026-07-30,East Region,Standard Plan,1,85.6,mobile,C00794
2497,2026-07-30,East Region,Pro Plan,1,73.07,web,C00951
2498,2026-07-30,East Region,Standard Plan,1,77.21,mobile,C02197
2499,2026-07-30,East Region,Add-on Pack,1,62.45,partner,C01024
2500,2026-07-30,East Region,Standard Plan,1,63.28,mobile,C00740
2501,2026-07-30,East Region,Pro Plan,1,62.39,partner,C02684
2502,2026-07-30,East Region,Standard Plan,1,88.35,partner,C01630
2503,2026-07-30,East Region,Pro Plan,1,79.09,web,C01025
2504,2026-07-30,East Region,Add-on Pack,1,66.8,web,C01817
2505,2026-07-30,East Region,Add-on Pack,1,69.43,partner,C01199
2506,2026-07-30,East Region,Add-on Pack,1,67.84,mobile,C02859
2507,2026-07-30,East Region,Add-on Pack,1,74.89,mobile,C01683
2508,2026-07-30,East Region,Add-on Pack,2,87.06,mobile,C00322
2509,2026-07-30,East Region,Standard Plan,1,86.01,mobile,C02265
2510,2026-07-30,East Region,Standard Plan,1,64.54,web,C00963
2511,2026-07-30,East Region,Add-on Pack,2,73.18,web,C00088
2512,2026-07-30,East Region,Pro Plan,1,83.95,mobile,C02410
2513,2026-07-30,East Region,Pro Plan,1,69.37,web,C01144
2514,2026-07-30,East Region,Add-on Pack,1,71.64,mobile,C01576
2515,2026-07-30,East Region,Pro Plan,1,62.41,mobile,C00756
2516,2026-07-30,East Region,Add-on Pack,1,72.93,partner,C01250
2517,2026-07-30,East Region,Standard Plan,1,75.93,web,C02494
2518,2026-07-31,East Region,Pro Plan,1,83.24,web,C01397
2519,2026-07-31,East Region,Add-on Pack,2,83.76,mobile,C02987
2520,2026-07-31,East Region,Add-on Pack,1,81.67,partner,C01590
2521,2026-07-31,East Region,Add-on Pack,1,86.56,partner,C01899
2522,2026-07-31,East Region,Pro Plan,1,76.77,web,C01562
2523,2026-07-31,East Region,Pro Plan,1,81.48,web,C00063
2524,2026-07-31,East Region,Pro Plan,1,82.95,web,C01024
2525,2026-07-31,East Region,Add-on Pack,2,69.25,web,C02522
2526,2026-07-31,East Region,Pro Plan,1,71.04,partner,C02491
2527,2026-07-31,East Region,Standard Plan,1,64.58,mobile,C00733
2528,2026-07-31,East Region,Pro Plan,2,73.79,web,C01911
2529,2026-07-31,East Region,Standard Plan,2,87.47,partner,C02280
2530,2026-07-31,East Region,Standard Plan,1,72.31,mobile,C02500
2531,2026-07-31,East Region,Add-on Pack,1,69.74,mobile,C00737
2532,2026-07-31,East Region,Pro Plan,1,82.03,mobile,C02028
2533,2026-07-31,East Region,Standard Plan,1,67.39,web,C02532
2534,2026-07-31,East Region,Add-on Pack,1,62.55,partner,C00158
2535,2026-07-31,East Region,Standard Plan,2,79.82,partner,C01300
2536,2026-07-31,East Region,Standard Plan,1,76.25,web,C02927
2537,2026-07-31,East Region,Pro Plan,1,87.73,partner,C01448
2538,2026-07-31,East Region,Add-on Pack,1,80.74,mobile,C00448
2539,2026-07-31,East Region,Standard Plan,1,74.99,partner,C00318
2540,2026-07-31,East Region,Standard Plan,1,66.75,partner,C01704
2541,2026-07-31,East Region,Standard Plan,1,78.66,web,C00102
2542,2026-07-31,East Region,Pro Plan,1,77.71,mobile,C01672
2543,2026-07-31,East Region,Add-on Pack,1,71.39,partner,C00128
2544,2026-07-31,East Region,Standard Plan,1,71.22,web,C02422
2545,2026-07-31,East Region,Standard Plan,1,64.09,mobile,C02093
2546,2026-07-31,East Region,Add-on Pack,1,82.44,web,C01552
2547,2026-07-31,East Region,Add-on Pack,1,62.09,mobile,C02660
2548,2026-07-31,East Region,Standard Plan,1,87.18,partner,C02063
2549,2026-07-31,East Region,Add-on Pack,2,78.34,partner,C00497
2550,2026-07-31,East Region,Add-on Pack,2,82.91,partner,C02149
2551,2026-07-31,East Region,Add-on Pack,1,73.2,web,C02357
2552,2026-07-31,East Region,Pro Plan,1,85.98,web,C01483
2553,2026-07-31,East Region,Standard Plan,1,73.6,partner,C00988
2554,2026-07-31,East Region,Pro Plan,2,81.13,mobile,C00327
2555,2026-07-31,East Region,Pro Plan,1,76.44,mobile,C02677
2556,2026-07-31,East Region,Pro Plan,2,77.66,mobile,C00942
2557,2026-07-31,East Region,Add-on Pack,1,83.72,partner,C01004
2558,2026-07-31,East Region,Pro Plan,1,79.54,partner,C01067
2559,2026-07-31,East Region,Pro Plan,1,70.49,web,C01674
2560,2026-08-01,East Region,Add-on Pack,2,87.94,partner,C00812
2561,2026-08-01,East Region,Standard Plan,1,85.04,web,C00495
2562,2026-08-01,East Region,Pro Plan,2,68.36,partner,C00414
2563,2026-08-01,East Region,Standard Plan,2,84.85,web,C02827
2564,2026-08-01,East Region,Standard Plan,1,88.13,partner,C02169
2565,2026-08-01,East Region,Pro Plan,1,85.8,web,C01648
2566,2026-08-01,East Region,Add-on Pack,1,76.35,web,C01380
2567,2026-08-01,East Region,Pro Plan,1,77.29,partner,C00186
2568,2026-08-01,East Region,Standard Plan,1,81.29,mobile,C01675
2569,2026-08-01,East Region,Add-on Pack,2,73.43,mobile,C01955
2570,2026-08-01,East Region,Add-on Pack,1,64.86,partner,C02415
2571,2026-08-01,East Region,Add-on Pack,1,63.48,partner,C02430
2572,2026-08-01,East Region,Pro Plan,2,79.53,mobile,C01313
2573,2026-08-01,East Region,Pro Plan,1,66.01,web,C00952
2574,2026-08-01,East Region,Pro Plan,1,74.62,partner,C02121
2575,2026-08-01,East Region,Add-on Pack,2,76.97,mobile,C01323
2576,2026-08-01,East Region,Pro Plan,1,69.87,web,C00172
2577,2026-08-01,East Region,Add-on Pack,1,85.2,mobile,C02127
2578,2026-08-01,East Region,Pro Plan,1,76.84,web,C01423
2579,2026-08-01,East Region,Pro Plan,1,65.7,mobile,C01994
2580,2026-08-01,East Region,Pro Plan,1,67.28,mobile,C01063
2581,2026-08-01,East Region,Add-on Pack,1,81.69,partner,C01142
2582,2026-08-01,East Region,Standard Plan,1,63.81,web,C02452
2583,2026-08-01,East Region,Standard Plan,1,87.31,web,C02001
2584,2026-08-01,East Region,Standard Plan,1,71.25,partner,C01747
2585,2026-08-01,East Region,Add-on Pack,1,73.3,mobile,C01209
2586,2026-08-01,East Region,Standard Plan,1,80.68,mobile,C01771
2587,2026-08-01,East Region,Pro Plan,1,68.36,mobile,C02997
2588,2026-08-01,East Region,Add-on Pack,1,64.37,web,C00912
2589,2026-08-01,East Region,Add-on Pack,1,63.22,partner,C01374
2590,2026-08-01,East Region,Pro Plan,1,73.53,partner,C02818
2591,2026-08-01,East Region,Pro Plan,1,85.47,mobile,C00412
2592,2026-08-01,East Region,Add-on Pack,1,82.8,web,C02287
2593,2026-08-01,East Region,Add-on Pack,1,83.98,partner,C02570
2594,2026-08-01,East Region,Standard Plan,2,67.89,web,C02759
2595,2026-08-01,East Region,Standard Plan,1,68.42,mobile,C00767
2596,2026-08-01,East Region,Add-on Pack,1,74.71,web,C02601
2597,2026-08-01,East Region,Standard Plan,1,87.06,web,C01779
2598,2026-08-01,East Region,Standard Plan,1,74.55,partner,C00730
2599,2026-08-01,East Region,Standard Plan,1,72.57,partner,C01558
2600,2026-08-01,East Region,Add-on Pack,1,77.08,mobile,C02173
2601,2026-08-01,East Region,Add-on Pack,1,87.16,web,C01197
2602,2026-08-01,East Region,Add-on Pack,2,74.39,partner,C01463
2603,2026-08-02,East Region,Pro Plan,1,69.24,web,C01177
2604,2026-08-02,East Region,Pro Plan,1,87.57,web,C02714
2605,2026-08-02,East Region,Pro Plan,2,64.35,mobile,C02706
2606,2026-08-02,East Region,Standard Plan,2,70.65,partner,C00525
2607,2026-08-02,East Region,Pro Plan,2,84.05,partner,C01688
2608,2026-08-02,East Region,Add-on Pack,1,67.59,mobile,C02079
2609,2026-08-02,East Region,Standard Plan,2,85.4,web,C02304
2610,2026-08-02,East Region,Pro Plan,1,68.32,mobile,C01604
2611,2026-08-02,East Region,Pro Plan,1,72.77,web,C01100
2612,2026-08-02,East Region,Pro Plan,1,81.01,partner,C00187
2613,2026-08-02,East Region,Pro Plan,1,73.38,partner,C00683
2614,2026-08-02,East Region,Add-on Pack,1,66.81,partner,C02502
2615,2026-08-02,East Region,Pro Plan,1,64.71,partner,C00087
2616,2026-08-02,East Region,Pro Plan,1,63.65,mobile,C02265
2617,2026-08-02,East Region,Standard Plan,1,79.01,mobile,C02194
2618,2026-08-02,East Region,Standard Plan,2,88.0,partner,C00940
2619,2026-08-02,East Region,Pro Plan,1,82.99,mobile,C01694
2620,2026-08-02,East Region,Standard Plan,1,76.24,web,C00148
2621,2026-08-02,East Region,Standard Plan,1,81.74,partner,C01630
2622,2026-08-02,East Region,Pro Plan,1,62.35,mobile,C00100
2623,2026-08-02,East Region,Standard Plan,1,78.38,web,C01116
2624,2026-08-02,East Region,Add-on Pack,2,64.56,partner,C01642
2625,2026-08-02,East Region,Standard Plan,1,83.46,web,C00314
2626,2026-08-02,East Region,Standard Plan,2,74.92,web,C00061
2627,2026-08-02,East Region,Add-on Pack,1,83.78,web,C02410
2628,2026-08-02,East Region,Pro Plan,1,66.48,mobile,C01742
2629,2026-08-02,East Region,Add-on Pack,1,81.42,mobile,C01880
2630,2026-08-02,East Region,Standard Plan,2,63.91,mobile,C01193
2631,2026-08-02,East Region,Pro Plan,2,63.73,partner,C01141
2632,2026-08-02,East Region,Pro Plan,1,68.94,mobile,C00071
2633,2026-08-02,East Region,Pro Plan,1,80.99,partner,C02927
2634,2026-08-02,East Region,Standard Plan,1,73.5,mobile,C00951
2635,2026-08-02,East Region,Pro Plan,1,71.26,partner,C01273
2636,2026-08-02,East Region,Pro Plan,1,65.11,web,C02298
2637,2026-08-02,East Region,Standard Plan,2,66.85,partner,C01024
2638,2026-08-02,East Region,Standard Plan,2,65.04,partner,C02962
2639,2026-08-02,East Region,Add-on Pack,1,81.89,mobile,C01033
2640,2026-08-02,East Region,Pro Plan,1,69.67,web,C00150
2641,2026-08-02,East Region,Pro Plan,2,79.94,web,C01099
2642,2026-08-02,East Region,Add-on Pack,2,66.89,partner,C02048
2643,2026-08-02,East Region,Pro Plan,1,87.3,mobile,C01890
2644,2026-08-02,East Region,Add-on Pack,1,74.34,web,C01744
2645,2026-08-02,East Region,Add-on Pack,1,63.31,web,C00664
2646,2026-08-02,East Region,Add-on Pack,1,81.55,web,C01793
2647,2026-08-03,East Region,Standard Plan,2,85.29,web,C02565
2648,2026-08-03,East Region,Add-on Pack,2,74.45,mobile,C00038
2649,2026-08-03,East Region,Pro Plan,1,64.4,partner,C02772
2650,2026-08-03,East Region,Pro Plan,1,75.41,partner,C02664
2651,2026-08-03,East Region,Standard Plan,1,65.05,partner,C02927
2652,2026-08-03,East Region,Pro Plan,1,75.33,mobile,C01896
2653,2026-08-03,East Region,Standard Plan,1,86.66,web,C02148
2654,2026-08-03,East Region,Add-on Pack,1,83.76,mobile,C01706
2655,2026-08-03,East Region,Standard Plan,1,65.29,web,C01278
2656,2026-08-03,East Region,Add-on Pack,1,66.3,partner,C01879
2657,2026-08-03,East Region,Pro Plan,2,63.78,partner,C00641
2658,2026-08-03,East Region,Standard Plan,1,70.73,mobile,C02576
2659,2026-08-03,East Region,Standard Plan,1,86.44,mobile,C01746
2660,2026-08-03,East Region,Add-on Pack,1,81.04,partner,C01652
2661,2026-08-03,East Region,Pro Plan,1,76.46,web,C02428
2662,2026-08-03,East Region,Standard Plan,1,64.0,mobile,C00731
2663,2026-08-03,East Region,Pro Plan,1,76.53,partner,C02406
2664,2026-08-03,East Region,Add-on Pack,1,82.04,partner,C02426
2665,2026-08-03,East Region,Add-on Pack,2,68.74,web,C00689
2666,2026-08-03,East Region,Standard Plan,1,82.51,web,C02519
2667,2026-08-03,East Region,Standard Plan,2,65.1,web,C01325
2668,2026-08-03,East Region,Standard Plan,1,85.57,web,C02096
2669,2026-08-03,East Region,Pro Plan,2,72.77,mobile,C01240
2670,2026-08-03,East Region,Add-on Pack,1,81.87,partner,C01611
2671,2026-08-03,East Region,Pro Plan,2,82.25,mobile,C01277
2672,2026-08-03,East Region,Add-on Pack,1,69.82,partner,C00877
2673,2026-08-03,East Region,Standard Plan,1,86.92,partner,C00586
2674,2026-08-03,East Region,Pro Plan,2,76.45,partner,C01027
2675,2026-08-03,East Region,Add-on Pack,2,64.47,partner,C01427
2676,2026-08-03,East Region,Standard Plan,1,61.89,mobile,C02745
2677,2026-08-03,East Region,Pro Plan,1,81.01,partner,C02293
2678,2026-08-03,East Region,Standard Plan,1,71.6,partner,C00044
2679,2026-08-03,East Region,Standard Plan,1,73.22,web,C02402
2680,2026-08-03,East Region,Pro Plan,1,70.13,mobile,C02060
2681,2026-08-03,East Region,Standard Plan,1,77.7,partner,C01127
2682,2026-08-03,East Region,Add-on Pack,1,74.22,partner,C02885
2683,2026-08-03,East Region,Pro Plan,1,68.66,partner,C00125
2684,2026-08-03,East Region,Add-on Pack,2,86.43,mobile,C00712
2685,2026-08-03,East Region,Pro Plan,1,81.6,web,C01514
2686,2026-08-03,East Region,Standard Plan,1,77.87,partner,C00725
2687,2026-08-04,East Region,Standard Plan,1,72.61,web,C01817
2688,2026-08-04,East Region,Add-on Pack,1,80.53,web,C02229
2689,2026-08-04,East Region,Pro Plan,1,87.95,partner,C02515
2690,2026-08-04,East Region,Add-on Pack,1,61.65,partner,C00694
2691,2026-08-04,East Region,Add-on Pack,1,80.84,partner,C00059
2692,2026-08-04,East Region,Add-on Pack,1,72.17,web,C00791
2693,2026-08-04,East Region,Add-on Pack,1,65.21,web,C00707
2694,2026-08-04,East Region,Pro Plan,1,62.41,partner,C02071
2695,2026-08-04,East Region,Pro Plan,1,65.9,mobile,C01122
2696,2026-08-04,East Region,Add-on Pack,1,70.74,mobile,C02328
2697,2026-08-04,East Region,Add-on Pack,2,63.54,web,C00477
2698,2026-08-04,East Region,Standard Plan,1,66.16,web,C01301
2699,2026-08-04,East Region,Add-on Pack,1,78.24,web,C00043
2700,2026-08-04,East Region,Standard Plan,2,78.55,web,C02967
2701,2026-08-04,East Region,Standard Plan,1,69.57,partner,C00544
2702,2026-08-04,East Region,Pro Plan,1,62.65,web,C01143
2703,2026-08-04,East Region,Standard Plan,2,76.57,web,C00772
2704,2026-08-04,East Region,Pro Plan,1,85.23,mobile,C01063
2705,2026-08-04,East Region,Add-on Pack,1,73.16,mobile,C01455
2706,2026-08-04,East Region,Add-on Pack,2,71.09,partner,C02815
2707,2026-08-04,East Region,Standard Plan,2,62.2,web,C02204
2708,2026-08-04,East Region,Add-on Pack,2,66.93,mobile,C02647
2709,2026-08-04,East Region,Add-on Pack,1,82.86,mobile,C02866
2710,2026-08-04,East Region,Add-on Pack,1,76.2,web,C02103
2711,2026-08-04,East Region,Standard Plan,2,68.22,mobile,C00129
2712,2026-08-04,East Region,Standard Plan,1,75.26,mobile,C00573
2713,2026-08-04,East Region,Pro Plan,1,77.16,partner,C01548
2714,2026-08-04,East Region,Add-on Pack,1,77.2,mobile,C02873
2715,2026-08-04,East Region,Standard Plan,1,78.32,web,C01727
2716,2026-08-04,East Region,Pro Plan,1,70.3,web,C01467
2717,2026-08-04,East Region,Pro Plan,1,65.63,web,C01799
2718,2026-08-04,East Region,Add-on Pack,2,73.62,partner,C01636
2719,2026-08-04,East Region,Pro Plan,1,83.89,partner,C01529
2720,2026-08-04,East Region,Add-on Pack,2,70.39,mobile,C00165
2721,2026-08-04,East Region,Standard Plan,1,81.96,mobile,C01745
2722,2026-08-04,East Region,Pro Plan,2,87.15,partner,C00117
2723,2026-08-04,East Region,Standard Plan,1,75.13,partner,C02858
2724,2026-08-04,East Region,Add-on Pack,1,66.6,web,C02718
2725,2026-08-04,East Region,Pro Plan,1,82.65,web,C01267
2726,2026-08-04,East Region,Standard Plan,2,83.0,mobile,C00678
2727,2026-08-04,East Region,Pro Plan,1,61.22,web,C00705
2728,2026-08-05,East Region,Pro Plan,1,63.39,web,C01789
2729,2026-08-05,East Region,Standard Plan,1,80.9,partner,C02275
2730,2026-08-05,East Region,Pro Plan,1,61.33,mobile,C00410
2731,2026-08-05,East Region,Pro Plan,2,76.16,partner,C00871
2732,2026-08-05,East Region,Pro Plan,2,79.38,partner,C00995
2733,2026-08-05,East Region,Standard Plan,1,71.74,web,C01638
2734,2026-08-05,East Region,Pro Plan,2,85.63,partner,C01614
2735,2026-08-05,East Region,Add-on Pack,2,63.15,partner,C02403
2736,2026-08-05,East Region,Standard Plan,1,67.23,web,C01512
2737,2026-08-05,East Region,Pro Plan,1,70.44,partner,C02455
2738,2026-08-05,East Region,Pro Plan,1,86.08,web,C02048
2739,2026-08-05,East Region,Standard Plan,1,62.4,mobile,C00381
2740,2026-08-05,East Region,Pro Plan,1,71.65,mobile,C00618
2741,2026-08-05,East Region,Pro Plan,2,69.66,web,C01070
2742,2026-08-05,East Region,Pro Plan,2,66.08,partner,C02120
2743,2026-08-05,East Region,Standard Plan,1,73.85,mobile,C02811
2744,2026-08-05,East Region,Add-on Pack,2,63.96,web,C00659
2745,2026-08-05,East Region,Pro Plan,2,64.7,partner,C01863
2746,2026-08-05,East Region,Standard Plan,2,74.42,mobile,C00224
2747,2026-08-05,East Region,Pro Plan,1,72.76,partner,C01845
2748,2026-08-05,East Region,Add-on Pack,2,71.34,partner,C01373
2749,2026-08-05,East Region,Add-on Pack,1,87.63,web,C01737
2750,2026-08-05,East Region,Add-on Pack,1,81.86,web,C00029
2751,2026-08-05,East Region,Pro Plan,1,86.99,web,C02110
2752,2026-08-05,East Region,Add-on Pack,2,80.99,mobile,C00199
2753,2026-08-05,East Region,Pro Plan,1,68.86,mobile,C01886
2754,2026-08-05,East Region,Pro Plan,1,62.56,mobile,C01744
2755,2026-08-05,East Region,Pro Plan,1,79.56,partner,C01095
2756,2026-08-05,East Region,Standard Plan,2,69.18,web,C01830
2757,2026-08-05,East Region,Pro Plan,1,69.3,partner,C00458
2758,2026-08-05,East Region,Pro Plan,2,81.11,web,C00718
2759,2026-08-05,East Region,Standard Plan,1,75.75,partner,C00593
2760,2026-08-05,East Region,Add-on Pack,1,74.62,mobile,C01877
2761,2026-08-05,East Region,Add-on Pack,2,77.99,web,C00314
2762,2026-08-05,East Region,Pro Plan,1,71.34,partner,C02965
2763,2026-08-05,East Region,Add-on Pack,1,83.3,mobile,C02100
2764,2026-08-05,East Region,Add-on Pack,1,63.34,mobile,C01642
2765,2026-08-05,East Region,Standard Plan,1,66.2,partner,C02675
2766,2026-08-05,East Region,Add-on Pack,2,85.22,web,C00785
2767,2026-08-05,East Region,Add-on Pack,1,68.3,partner,C02106
2768,2026-08-05,East Region,Add-on Pack,1,84.44,partner,C00201
2769,2026-08-05,East Region,Pro Plan,1,76.79,mobile,C01126
2770,2026-08-06,East Region,Pro Plan,1,74.84,partner,C01633
2771,2026-08-06,East Region,Standard Plan,1,79.65,web,C01668
2772,2026-08-06,East Region,Standard Plan,2,61.71,partner,C00532
2773,2026-08-06,East Region,Pro Plan,1,68.46,web,C00907
2774,2026-08-06,East Region,Standard Plan,1,61.69,web,C00262
2775,2026-08-06,East Region,Add-on Pack,2,69.03,partner,C01724
2776,2026-08-06,East Region,Add-on Pack,2,77.39,mobile,C02285
2777,2026-08-06,East Region,Standard Plan,1,70.53,mobile,C01821
2778,2026-08-06,East Region,Standard Plan,2,73.76,web,C02181
2779,2026-08-06,East Region,Add-on Pack,2,65.82,mobile,C01651
2780,2026-08-06,East Region,Standard Plan,1,79.17,partner,C01993
2781,2026-08-06,East Region,Add-on Pack,1,87.99,web,C02170
2782,2026-08-06,East Region,Pro Plan,1,69.47,mobile,C02763
2783,2026-08-06,East Region,Pro Plan,1,62.0,partner,C01441
2784,2026-08-06,East Region,Add-on Pack,1,72.94,mobile,C02280
2785,2026-08-06,East Region,Add-on Pack,1,74.55,mobile,C02202
2786,2026-08-06,East Region,Standard Plan,1,71.49,web,C01621
2787,2026-08-06,East Region,Standard Plan,1,66.95,partner,C01186
2788,2026-08-06,East Region,Standard Plan,2,84.73,partner,C01674
2789,2026-08-06,East Region,Pro Plan,2,81.63,partner,C01143
2790,2026-08-06,East Region,Pro Plan,1,82.16,partner,C02814
2791,2026-08-06,East Region,Add-on Pack,1,81.92,partner,C02194
2792,2026-08-06,East Region,Add-on Pack,2,71.87,mobile,C01901
2793,2026-08-06,East Region,Pro Plan,2,83.67,web,C00728
2794,2026-08-06,East Region,Pro Plan,1,69.04,mobile,C02688
2795,2026-08-06,East Region,Standard Plan,1,79.79,mobile,C02377
2796,2026-08-06,East Region,Add-on Pack,2,72.57,mobile,C00774
2797,2026-08-06,East Region,Add-on Pack,1,61.99,web,C02498
2798,2026-08-06,East Region,Add-on Pack,1,74.89,partner,C02338
2799,2026-08-06,East Region,Add-on Pack,1,72.32,mobile,C02498
2800,2026-08-06,East Region,Standard Plan,2,65.73,partner,C00373
2801,2026-08-06,East Region,Pro Plan,2,61.82,partner,C02095
2802,2026-08-06,East Region,Standard Plan,1,84.33,mobile,C01512
2803,2026-08-06,East Region,Add-on Pack,1,84.99,mobile,C02920
2804,2026-08-06,East Region,Standard Plan,1,69.98,web,C00127
2805,2026-08-06,East Region,Standard Plan,2,76.91,web,C02801
2806,2026-08-06,East Region,Add-on Pack,1,73.27,web,C01890
2807,2026-08-06,East Region,Add-on Pack,1,78.65,web,C01003
2808,2026-08-06,East Region,Pro Plan,1,80.84,web,C00133
2809,2026-08-06,East Region,Add-on Pack,2,79.61,mobile,C00289
2810,2026-08-06,East Region,Pro Plan,1,87.25,partner,C02487
2811,2026-08-07,East Region,Add-on Pack,2,61.85,partner,C00245
2812,2026-08-07,East Region,Pro Plan,1,83.28,mobile,C01637
2813,2026-08-07,East Region,Add-on Pack,2,86.43,mobile,C00509
2814,2026-08-07,East Region,Standard Plan,1,65.17,partner,C00458
2815,2026-08-07,East Region,Add-on Pack,2,65.8,partner,C01392
2816,2026-08-07,East Region,Standard Plan,2,86.03,web,C01084
2817,2026-08-07,East Region,Standard Plan,1,70.18,mobile,C02905
2818,2026-08-07,East Region,Pro Plan,1,81.67,mobile,C01210
2819,2026-08-07,East Region,Add-on Pack,2,73.3,partner,C01057
2820,2026-08-07,East Region,Add-on Pack,1,68.69,web,C00607
2821,2026-08-07,East Region,Add-on Pack,1,69.05,mobile,C02309
2822,2026-08-07,East Region,Pro Plan,1,80.62,partner,C00649
2823,2026-08-07,East Region,Add-on Pack,2,78.44,partner,C01802
2824,2026-08-07,East Region,Add-on Pack,1,69.22,web,C02489
2825,2026-08-07,East Region,Pro Plan,1,84.57,partner,C00934
2826,2026-08-07,East Region,Standard Plan,1,84.35,web,C02394
2827,2026-08-07,East Region,Standard Plan,2,68.26,mobile,C02534
2828,2026-08-07,East Region,Standard Plan,1,87.65,partner,C02053
2829,2026-08-07,East Region,Pro Plan,2,75.43,mobile,C02656
2830,2026-08-07,East Region,Standard Plan,2,84.89,web,C01983
2831,2026-08-07,East Region,Pro Plan,1,61.59,mobile,C00921
2832,2026-08-07,East Region,Pro Plan,1,66.81,mobile,C02493
2833,2026-08-07,East Region,Add-on Pack,1,82.67,mobile,C02044
2834,2026-08-07,East Region,Pro Plan,1,76.69,partner,C02147
2835,2026-08-07,East Region,Standard Plan,1,81.37,partner,C00135
2836,2026-08-07,East Region,Pro Plan,1,78.24,partner,C00276
2837,2026-08-07,East Region,Pro Plan,1,76.25,web,C01830
2838,2026-08-07,East Region,Add-on Pack,1,75.42,mobile,C00749
2839,2026-08-07,East Region,Add-on Pack,1,86.67,web,C02825
2840,2026-08-07,East Region,Add-on Pack,1,73.6,partner,C01089
2841,2026-08-07,East Region,Add-on Pack,1,68.75,partner,C00261
2842,2026-08-07,East Region,Standard Plan,1,75.41,web,C00933
2843,2026-08-07,East Region,Standard Plan,2,77.13,mobile,C00403
2844,2026-08-07,East Region,Add-on Pack,1,85.18,mobile,C02597
2845,2026-08-07,East Region,Standard Plan,1,66.54,mobile,C00342
2846,2026-08-07,East Region,Pro Plan,1,66.57,partner,C01996
2847,2026-08-07,East Region,Pro Plan,2,76.69,web,C02950
2848,2026-08-07,East Region,Pro Plan,1,82.35,partner,C02601
2849,2026-08-07,East Region,Add-on Pack,1,81.75,mobile,C01668
2850,2026-08-07,East Region,Add-on Pack,1,68.56,mobile,C02078
2851,2026-08-07,East Region,Pro Plan,1,75.19,mobile,C02180
2852,2026-08-07,East Region,Standard Plan,1,70.48,partner,C01803
2853,2026-08-07,East Region,Standard Plan,1,87.78,mobile,C00027
2854,2026-08-07,East Region,Pro Plan,2,85.5,mobile,C00669
2855,2026-08-08,East Region,Standard Plan,1,81.88,web,C01816
2856,2026-08-08,East Region,Pro Plan,1,78.55,web,C00446
2857,2026-08-08,East Region,Standard Plan,1,67.0,mobile,C02173
2858,2026-08-08,East Region,Pro Plan,1,64.0,partner,C00862
2859,2026-08-08,East Region,Add-on Pack,1,79.48,web,C00787
2860,2026-08-08,East Region,Pro Plan,1,82.57,partner,C02714
2861,2026-08-08,East Region,Standard Plan,2,70.06,partner,C02439
2862,2026-08-08,East Region,Pro Plan,1,82.41,web,C01077
2863,2026-08-08,East Region,Pro Plan,1,86.61,mobile,C00594
2864,2026-08-08,East Region,Pro Plan,1,70.28,partner,C01292
2865,2026-08-08,East Region,Pro Plan,2,69.58,mobile,C00024
2866,2026-08-08,East Region,Pro Plan,2,62.7,mobile,C02646
2867,2026-08-08,East Region,Standard Plan,1,87.72,web,C02885
2868,2026-08-08,East Region,Standard Plan,1,66.87,mobile,C01530
2869,2026-08-08,East Region,Standard Plan,2,69.95,mobile,C02286
2870,2026-08-08,East Region,Add-on Pack,1,81.3,partner,C02061
2871,2026-08-08,East Region,Pro Plan,1,84.49,web,C00996
2872,2026-08-08,East Region,Standard Plan,2,70.05,partner,C02429
2873,2026-08-08,East Region,Pro Plan,1,87.1,partner,C01598
2874,2026-08-08,East Region,Add-on Pack,2,87.3,web,C01148
2875,2026-08-08,East Region,Add-on Pack,1,77.14,web,C00230
2876,2026-08-08,East Region,Add-on Pack,1,70.52,mobile,C01165
2877,2026-08-08,East Region,Standard Plan,1,74.03,mobile,C01695
2878,2026-08-08,East Region,Standard Plan,1,84.97,partner,C00820
2879,2026-08-08,East Region,Add-on Pack,1,63.59,mobile,C02346
2880,2026-08-08,East Region,Add-on Pack,1,81.95,partner,C02176
2881,2026-08-08,East Region,Pro Plan,1,79.96,web,C02865
2882,2026-08-08,East Region,Add-on Pack,1,81.3,mobile,C00880
2883,2026-08-08,East Region,Standard Plan,1,69.94,mobile,C01484
2884,2026-08-08,East Region,Pro Plan,1,66.61,mobile,C02473
2885,2026-08-08,East Region,Add-on Pack,1,86.57,web,C02631
2886,2026-08-08,East Region,Pro Plan,2,72.82,web,C02165
2887,2026-08-08,East Region,Standard Plan,1,86.03,web,C02318
2888,2026-08-08,East Region,Pro Plan,1,88.28,partner,C02016
2889,2026-08-08,East Region,Pro Plan,1,76.83,partner,C00310
2890,2026-08-08,East Region,Add-on Pack,1,63.71,partner,C00649
2891,2026-08-08,East Region,Add-on Pack,1,84.22,partner,C01919
2892,2026-08-08,East Region,Add-on Pack,1,78.88,web,C02802
2893,2026-08-08,East Region,Pro Plan,2,83.44,mobile,C00624
2894,2026-08-08,East Region,Add-on Pack,1,70.19,partner,C02357
2895,2026-08-08,East Region,Pro Plan,2,73.55,web,C01645
2896,2026-08-09,East Region,Pro Plan,2,61.37,web,C00035
2897,2026-08-09,East Region,Standard Plan,1,69.97,mobile,C00913
2898,2026-08-09,East Region,Add-on Pack,1,79.55,partner,C01875
2899,2026-08-09,East Region,Add-on Pack,1,79.3,partner,C02363
2900,2026-08-09,East Region,Standard Plan,1,66.34,web,C01264
2901,2026-08-09,East Region,Standard Plan,1,63.94,web,C02213
2902,2026-08-09,East Region,Pro Plan,1,87.17,mobile,C00943
2903,2026-08-09,East Region,Add-on Pack,1,66.88,web,C01738
2904,2026-08-09,East Region,Pro Plan,1,67.54,mobile,C00112
2905,2026-08-09,East Region,Standard Plan,2,85.07,web,C01537
2906,2026-08-09,East Region,Standard Plan,1,73.28,mobile,C00202
2907,2026-08-09,East Region,Pro Plan,1,73.13,web,C01559
2908,2026-08-09,East Region,Add-on Pack,1,83.35,web,C02076
2909,2026-08-09,East Region,Add-on Pack,1,80.91,web,C00859
2910,2026-08-09,East Region,Standard Plan,1,86.79,partner,C01298
2911,2026-08-09,East Region,Pro Plan,1,66.39,partner,C01474
2912,2026-08-09,East Region,Pro Plan,1,68.14,mobile,C00067
2913,2026-08-09,East Region,Standard Plan,2,71.54,mobile,C00410
2914,2026-08-09,East Region,Pro Plan,1,71.0,web,C01779
2915,2026-08-09,East Region,Add-on Pack,1,69.38,partner,C02637
2916,2026-08-09,East Region,Pro Plan,1,85.03,mobile,C02989
2917,2026-08-09,East Region,Add-on Pack,1,85.61,web,C01020
2918,2026-08-09,East Region,Standard Plan,1,76.56,partner,C00638
2919,2026-08-09,East Region,Standard Plan,1,80.11,web,C02443
2920,2026-08-09,East Region,Standard Plan,1,84.76,mobile,C02530
2921,2026-08-09,East Region,Pro Plan,2,83.59,web,C00716
2922,2026-08-09,East Region,Add-on Pack,1,87.46,mobile,C00449
2923,2026-08-09,East Region,Standard Plan,1,62.02,mobile,C01654
2924,2026-08-09,East Region,Add-on Pack,1,71.35,partner,C01316
2925,2026-08-09,East Region,Standard Plan,1,82.5,web,C01928
2926,2026-08-09,East Region,Standard Plan,1,81.19,mobile,C00191
2927,2026-08-09,East Region,Add-on Pack,1,71.46,web,C00411
2928,2026-08-09,East Region,Standard Plan,1,70.68,web,C01720
2929,2026-08-09,East Region,Standard Plan,2,64.26,mobile,C01701
2930,2026-08-09,East Region,Add-on Pack,1,73.18,mobile,C01951
2931,2026-08-09,East Region,Pro Plan,1,85.67,web,C01323
2932,2026-08-09,East Region,Add-on Pack,1,75.89,mobile,C02019
2933,2026-08-09,East Region,Add-on Pack,1,83.81,web,C00899
2934,2026-08-09,East Region,Add-on Pack,1,64.73,web,C02701
2935,2026-08-09,East Region,Standard Plan,2,81.41,mobile,C02520
2936,2026-08-09,East Region,Standard Plan,1,67.99,web,C02991
2937,2026-08-09,East Region,Add-on Pack,2,69.39,partner,C02420
2938,2026-08-09,East Region,Add-on Pack,1,75.26,web,C01344
2939,2026-08-09,East Region,Pro Plan,1,71.39,partner,C00141
2940,2026-08-10,East Region,Add-on Pack,1,62.51,web,C00059
2941,2026-08-10,East Region,Standard Plan,1,78.46,web,C01626
2942,2026-08-10,East Region,Pro Plan,2,61.52,mobile,C01409
2943,2026-08-10,East Region,Standard Plan,2,78.3,mobile,C00880
2944,2026-08-10,East Region,Pro Plan,2,78.1,web,C01145
2945,2026-08-10,East Region,Add-on Pack,1,82.1,mobile,C00764
2946,2026-08-10,East Region,Pro Plan,2,70.47,partner,C01870
2947,2026-08-10,East Region,Add-on Pack,1,63.82,partner,C01077
2948,2026-08-10,East Region,Standard Plan,2,82.47,partner,C00105
2949,2026-08-10,East Region,Add-on Pack,1,64.63,mobile,C00456
2950,2026-08-10,East Region,Standard Plan,1,76.17,web,C01424
2951,2026-08-10,East Region,Pro Plan,1,73.51,partner,C00748
2952,2026-08-10,East Region,Pro Plan,1,83.5,web,C02788
2953,2026-08-10,East Region,Standard Plan,1,82.3,partner,C01450
2954,2026-08-10,East Region,Add-on Pack,1,77.55,partner,C02174
2955,2026-08-10,East Region,Add-on Pack,1,62.48,partner,C00944
2956,2026-08-10,East Region,Add-on Pack,1,86.96,mobile,C00651
2957,2026-08-10,East Region,Standard Plan,1,79.71,partner,C00623
2958,2026-08-10,East Region,Add-on Pack,2,86.83,web,C01141
2959,2026-08-10,East Region,Standard Plan,2,87.29,mobile,C01597
2960,2026-08-10,East Region,Add-on Pack,2,87.64,mobile,C01319
2961,2026-08-10,East Region,Standard Plan,1,80.83,web,C00307
2962,2026-08-10,East Region,Pro Plan,1,80.47,web,C02512
2963,2026-08-10,East Region,Add-on Pack,1,87.29,mobile,C00575
2964,2026-08-10,East Region,Standard Plan,1,74.28,web,C01603
2965,2026-08-10,East Region,Standard Plan,2,78.77,partner,C00793
2966,2026-08-10,East Region,Standard Plan,1,83.89,web,C01132
2967,2026-08-10,East Region,Standard Plan,1,85.48,partner,C02400
2968,2026-08-10,East Region,Add-on Pack,2,65.33,web,C02754
2969,2026-08-10,East Region,Pro Plan,1,81.89,partner,C00481
2970,2026-08-10,East Region,Add-on Pack,1,69.66,partner,C02452
2971,2026-08-10,East Region,Pro Plan,2,67.52,mobile,C00512
2972,2026-08-10,East Region,Add-on Pack,2,81.41,web,C00289
2973,2026-08-10,East Region,Add-on Pack,1,70.49,web,C01563
2974,2026-08-10,East Region,Pro Plan,2,64.27,mobile,C02397
2975,2026-08-10,East Region,Standard Plan,2,85.03,mobile,C00921
2976,2026-08-10,East Region,Add-on Pack,1,64.0,web,C02724
2977,2026-08-10,East Region,Pro Plan,2,83.96,mobile,C00233
2978,2026-08-10,East Region,Add-on Pack,1,64.06,partner,C01130
2979,2026-08-10,East Region,Pro Plan,1,78.62,mobile,C02732
2980,2026-08-10,East Region,Pro Plan,1,87.94,web,C00415
2981,2026-08-10,East Region,Add-on Pack,1,83.12,partner,C02028
2982,2026-08-10,East Region,Standard Plan,1,77.28,web,C02903
2983,2026-08-11,East Region,Add-on Pack,2,77.7,partner,C02126
2984,2026-08-11,East Region,Add-on Pack,1,71.61,partner,C02633
2985,2026-08-11,East Region,Standard Plan,1,76.86,web,C01478
2986,2026-08-11,East Region,Add-on Pack,2,79.49,mobile,C02943
2987,2026-08-11,East Region,Add-on Pack,2,62.28,mobile,C02349
2988,2026-08-11,East Region,Add-on Pack,2,62.21,partner,C01769
2989,2026-08-11,East Region,Add-on Pack,1,85.9,partner,C00741
2990,2026-08-11,East Region,Standard Plan,1,78.35,web,C01198
2991,2026-08-11,East Region,Pro Plan,2,83.01,mobile,C01469
2992,2026-08-11,East Region,Add-on Pack,1,70.56,mobile,C01827
2993,2026-08-11,East Region,Standard Plan,1,70.03,web,C00858
2994,2026-08-11,East Region,Add-on Pack,1,82.17,partner,C01644
2995,2026-08-11,East Region,Pro Plan,1,82.44,mobile,C00365
2996,2026-08-11,East Region,Pro Plan,1,70.77,mobile,C01253
2997,2026-08-11,East Region,Standard Plan,1,86.07,partner,C01664
2998,2026-08-11,East Region,Pro Plan,1,78.11,mobile,C00829
2999,2026-08-11,East Region,Pro Plan,2,84.48,mobile,C01381
3000,2026-08-11,East Region,Pro Plan,1,85.57,web,C01323
3001,2026-08-11,East Region,Standard Plan,1,64.23,partner,C02869
3002,2026-08-11,East Region,Add-on Pack,1,76.45,mobile,C02534
3003,2026-08-11,East Region,Add-on Pack,1,63.27,web,C02915
3004,2026-08-11,East Region,Add-on Pack,2,86.08,mobile,C00598
3005,2026-08-11,East Region,Add-on Pack,1,70.45,mobile,C00545
3006,2026-08-11,East Region,Pro Plan,1,64.02,partner,C02336
3007,2026-08-11,East Region,Standard Plan,1,70.01,mobile,C00168
3008,2026-08-11,East Region,Standard Plan,1,76.11,web,C02026
3009,2026-08-11,East Region,Standard Plan,1,83.86,web,C00926
3010,2026-08-11,East Region,Pro Plan,1,78.82,web,C00051
3011,2026-08-11,East Region,Pro Plan,1,67.83,partner,C01980
3012,2026-08-11,East Region,Pro Plan,1,72.48,mobile,C00763
3013,2026-08-11,East Region,Add-on Pack,2,77.0,partner,C01072
3014,2026-08-11,East Region,Add-on Pack,1,82.87,mobile,C01767
3015,2026-08-11,East Region,Pro Plan,1,71.11,mobile,C02214
3016,2026-08-11,East Region,Pro Plan,1,63.3,mobile,C02878
3017,2026-08-11,East Region,Standard Plan,1,82.84,web,C02079
3018,2026-08-11,East Region,Add-on Pack,1,74.14,web,C02475
3019,2026-08-12,East Region,Add-on Pack,1,70.67,mobile,C01103
3020,2026-08-12,East Region,Add-on Pack,2,83.96,partner,C01794
3021,2026-08-12,East Region,Pro Plan,1,77.28,web,C00091
3022,2026-08-12,East Region,Add-on Pack,1,73.4,mobile,C01953
3023,2026-08-12,East Region,Add-on Pack,1,65.22,web,C02945
3024,2026-08-12,East Region,Pro Plan,1,76.7,partner,C02449
3025,2026-08-12,East Region,Pro Plan,1,72.92,mobile,C00882
3026,2026-08-12,East Region,Add-on Pack,1,73.5,mobile,C00953
3027,2026-08-12,East Region,Add-on Pack,2,82.92,web,C02211
3028,2026-08-12,East Region,Add-on Pack,1,77.16,partner,C00217
3029,2026-08-12,East Region,Add-on Pack,1,81.72,web,C02515
3030,2026-08-12,East Region,Standard Plan,1,75.61,partner,C00798
3031,2026-08-12,East Region,Standard Plan,1,87.85,web,C00121
3032,2026-08-12,East Region,Add-on Pack,1,86.46,mobile,C00365
3033,2026-08-12,East Region,Standard Plan,2,86.94,mobile,C01562
3034,2026-08-12,East Region,Add-on Pack,1,74.1,web,C00393
3035,2026-08-12,East Region,Pro Plan,2,70.86,mobile,C02047
3036,2026-08-12,East Region,Standard Plan,2,66.22,web,C00929
3037,2026-08-12,East Region,Pro Plan,1,88.01,mobile,C01851
3038,2026-08-12,East Region,Standard Plan,1,75.45,partner,C00250
3039,2026-08-12,East Region,Add-on Pack,1,62.81,web,C00691
3040,2026-08-12,East Region,Standard Plan,1,87.41,web,C01339
3041,2026-08-12,East Region,Pro Plan,1,69.53,web,C00707
3042,2026-08-12,East Region,Standard Plan,2,78.51,web,C02193
3043,2026-08-12,East Region,Standard Plan,1,87.74,partner,C00634
3044,2026-08-12,East Region,Add-on Pack,1,71.38,mobile,C02894
3045,2026-08-12,East Region,Standard Plan,2,75.0,web,C02549
3046,2026-08-12,East Region,Standard Plan,1,86.64,mobile,C01194
3047,2026-08-12,East Region,Standard Plan,1,70.69,partner,C02124
3048,2026-08-12,East Region,Standard Plan,2,85.69,web,C02472
3049,2026-08-12,East Region,Standard Plan,1,88.33,mobile,C02698
3050,2026-08-12,East Region,Add-on Pack,2,83.82,web,C02740
3051,2026-08-12,East Region,Add-on Pack,1,62.98,mobile,C00580
3052,2026-08-12,East Region,Standard Plan,2,87.32,web,C01656
3053,2026-08-12,East Region,Standard Plan,2,70.95,partner,C02899
3054,2026-08-13,East Region,Standard Plan,1,84.26,partner,C02683
3055,2026-08-13,East Region,Pro Plan,2,86.0,partner,C02635
3056,2026-08-13,East Region,Standard Plan,1,68.89,mobile,C00812
3057,2026-08-13,East Region,Pro Plan,2,86.88,mobile,C01783
3058,2026-08-13,East Region,Pro Plan,1,63.44,mobile,C00428
3059,2026-08-13,East Region,Pro Plan,2,76.47,mobile,C02039
3060,2026-08-13,East Region,Pro Plan,1,82.17,partner,C00171
3061,2026-08-13,East Region,Standard Plan,1,86.95,partner,C02340
3062,2026-08-13,East Region,Add-on Pack,1,65.92,partner,C00197
3063,2026-08-13,East Region,Add-on Pack,1,61.96,mobile,C00772
3064,2026-08-13,East Region,Pro Plan,1,87.43,partner,C01777
3065,2026-08-13,East Region,Add-on Pack,1,75.03,partner,C01519
3066,2026-08-13,East Region,Add-on Pack,1,80.22,web,C01873
3067,2026-08-13,East Region,Standard Plan,1,85.47,web,C02925
3068,2026-08-13,East Region,Standard Plan,1,74.67,web,C01563
3069,2026-08-13,East Region,Standard Plan,1,85.69,mobile,C00020
3070,2026-08-13,East Region,Standard Plan,1,79.14,web,C01598
3071,2026-08-13,East Region,Standard Plan,2,71.31,web,C00639
3072,2026-08-13,East Region,Standard Plan,1,77.49,mobile,C02787
3073,2026-08-13,East Region,Add-on Pack,1,80.52,web,C02677
3074,2026-08-13,East Region,Add-on Pack,2,86.05,partner,C00042
3075,2026-08-13,East Region,Pro Plan,2,83.6,mobile,C00777
3076,2026-08-13,East Region,Pro Plan,1,68.09,partner,C02837
3077,2026-08-13,East Region,Pro Plan,2,62.34,web,C02716
3078,2026-08-13,East Region,Add-on Pack,1,67.26,web,C00651
3079,2026-08-13,East Region,Pro Plan,1,63.01,web,C01051
3080,2026-08-13,East Region,Add-on Pack,2,80.65,mobile,C02197
3081,2026-08-13,East Region,Pro Plan,1,68.94,web,C00490
3082,2026-08-13,East Region,Pro Plan,1,83.58,web,C02273
3083,2026-08-13,East Region,Pro Plan,1,66.66,mobile,C01962
3084,2026-08-13,East Region,Standard Plan,1,64.23,mobile,C00756
3085,2026-08-13,East Region,Standard Plan,1,81.94,web,C01786
3086,2026-08-13,East Region,Add-on Pack,1,71.29,mobile,C02446
3087,2026-08-13,East Region,Standard Plan,1,79.23,web,C02970
3088,2026-08-13,East Region,Pro Plan,1,62.39,web,C01399
3089,2026-08-13,East Region,Pro Plan,1,86.27,mobile,C00822
3090,2026-08-13,East Region,Add-on Pack,2,62.73,web,C01196
3091,2026-08-14,East Region,Standard Plan,1,67.33,mobile,C02696
3092,2026-08-14,East Region,Add-on Pack,2,73.14,web,C01007
3093,2026-08-14,East Region,Add-on Pack,1,75.58,web,C02242
3094,2026-08-14,East Region,Pro Plan,1,62.74,mobile,C02122
3095,2026-08-14,East Region,Add-on Pack,1,61.67,partner,C01318
3096,2026-08-14,East Region,Pro Plan,1,62.25,partner,C00958
3097,2026-08-14,East Region,Standard Plan,1,71.57,mobile,C02323
3098,2026-08-14,East Region,Standard Plan,1,84.51,partner,C02235
3099,2026-08-14,East Region,Standard Plan,2,61.74,partner,C02642
3100,2026-08-14,East Region,Pro Plan,2,68.88,mobile,C00974
3101,2026-08-14,East Region,Add-on Pack,1,74.54,mobile,C02608
3102,2026-08-14,East Region,Pro Plan,1,74.23,mobile,C02198
3103,2026-08-14,East Region,Pro Plan,1,67.29,partner,C02995
3104,2026-08-14,East Region,Standard Plan,2,87.39,mobile,C00657
3105,2026-08-14,East Region,Pro Plan,2,81.33,mobile,C00590
3106,2026-08-14,East Region,Standard Plan,1,73.71,mobile,C00513
3107,2026-08-14,East Region,Add-on Pack,2,70.8,mobile,C01712
3108,2026-08-14,East Region,Pro Plan,2,81.15,mobile,C01899
3109,2026-08-14,East Region,Pro Plan,2,70.39,web,C02963
3110,2026-08-14,East Region,Add-on Pack,1,66.8,partner,C00783
3111,2026-08-14,East Region,Add-on Pack,1,66.49,mobile,C02246
3112,2026-08-14,East Region,Pro Plan,1,71.4,web,C01610
3113,2026-08-14,East Region,Standard Plan,2,73.99,mobile,C02555
3114,2026-08-14,East Region,Pro Plan,1,62.58,mobile,C02260
3115,2026-08-14,East Region,Standard Plan,2,79.14,web,C01815
3116,2026-08-14,East Region,Standard Plan,2,80.08,partner,C02733
3117,2026-08-14,East Region,Standard Plan,1,68.63,partner,C01647
3118,2026-08-14,East Region,Add-on Pack,1,82.47,web,C01685
3119,2026-08-14,East Region,Pro Plan,1,73.95,mobile,C01296
3120,2026-08-14,East Region,Add-on Pack,1,86.58,partner,C00398
3121,2026-08-14,East Region,Standard Plan,1,63.53,web,C01358
3122,2026-08-14,East Region,Standard Plan,1,69.72,web,C00617
3123,2026-08-14,East Region,Standard Plan,1,69.57,mobile,C02553
3124,2026-08-14,East Region,Pro Plan,2,77.07,mobile,C01387
3125,2026-08-14,East Region,Add-on Pack,1,65.97,web,C02302
3126,2026-08-14,East Region,Standard Plan,1,85.7,web,C01701
3127,2026-08-14,East Region,Standard Plan,2,75.68,web,C02301
3128,2026-08-15,East Region,Add-on Pack,1,73.97,partner,C01022
3129,2026-08-15,East Region,Standard Plan,1,79.26,mobile,C00398
3130,2026-08-15,East Region,Standard Plan,2,64.89,mobile,C01554
3131,2026-08-15,East Region,Pro Plan,1,65.84,partner,C02819
3132,2026-08-15,East Region,Pro Plan,1,86.52,mobile,C00082
3133,2026-08-15,East Region,Pro Plan,1,86.95,mobile,C00349
3134,2026-08-15,East Region,Pro Plan,1,63.07,partner,C01230
3135,2026-08-15,East Region,Add-on Pack,1,71.91,web,C02740
3136,2026-08-15,East Region,Standard Plan,1,87.35,mobile,C02914
3137,2026-08-15,East Region,Standard Plan,2,70.85,web,C02548
3138,2026-08-15,East Region,Add-on Pack,1,72.56,mobile,C01036
3139,2026-08-15,East Region,Standard Plan,1,75.17,mobile,C01305
3140,2026-08-15,East Region,Standard Plan,1,62.61,partner,C01256
3141,2026-08-15,East Region,Pro Plan,2,73.41,mobile,C00166
3142,2026-08-15,East Region,Pro Plan,2,81.6,partner,C00329
3143,2026-08-15,East Region,Pro Plan,1,76.19,partner,C00044
3144,2026-08-15,East Region,Add-on Pack,1,76.8,mobile,C00818
3145,2026-08-15,East Region,Pro Plan,1,71.54,partner,C02753
3146,2026-08-15,East Region,Pro Plan,1,80.15,mobile,C02100
3147,2026-08-15,East Region,Pro Plan,1,72.28,web,C01419
3148,2026-08-15,East Region,Add-on Pack,1,68.32,mobile,C01154
3149,2026-08-15,East Region,Pro Plan,2,63.47,partner,C00348
3150,2026-08-15,East Region,Add-on Pack,1,86.04,web,C00527
3151,2026-08-15,East Region,Standard Plan,1,67.81,mobile,C00267
3152,2026-08-15,East Region,Standard Plan,1,76.76,web,C00309
3153,2026-08-15,East Region,Standard Plan,1,80.87,partner,C00289
3154,2026-08-15,East Region,Standard Plan,2,77.05,partner,C01356
3155,2026-08-15,East Region,Add-on Pack,1,64.08,web,C02885
3156,2026-08-15,East Region,Standard Plan,1,66.63,web,C00376
3157,2026-08-15,East Region,Add-on Pack,1,87.08,mobile,C02809
3158,2026-08-15,East Region,Standard Plan,1,66.92,mobile,C01313
3159,2026-08-15,East Region,Add-on Pack,2,75.6,web,C02901
3160,2026-08-15,East Region,Pro Plan,1,77.67,mobile,C01180
3161,2026-08-15,East Region,Add-on Pack,1,79.59,mobile,C00758
3162,2026-08-15,East Region,Add-on Pack,1,61.37,web,C01079
3163,2026-08-15,East Region,Standard Plan,1,85.09,partner,C00508
3164,2026-08-15,East Region,Add-on Pack,1,81.92,web,C01317
3165,2026-08-16,East Region,Standard Plan,1,71.93,partner,C01689
3166,2026-08-16,East Region,Add-on Pack,1,78.62,mobile,C01028
3167,2026-08-16,East Region,Pro Plan,1,81.2,partner,C02800
3168,2026-08-16,East Region,Pro Plan,1,68.86,web,C00253
3169,2026-08-16,East Region,Standard Plan,1,74.63,partner,C01762
3170,2026-08-16,East Region,Standard Plan,2,79.53,web,C02763
3171,2026-08-16,East Region,Standard Plan,1,69.86,partner,C02790
3172,2026-08-16,East Region,Add-on Pack,1,79.65,partner,C01075
3173,2026-08-16,East Region,Add-on Pack,2,84.04,mobile,C01968
3174,2026-08-16,East Region,Pro Plan,2,74.79,mobile,C02237
3175,2026-08-16,East Region,Add-on Pack,1,66.38,web,C02830
3176,2026-08-16,East Region,Pro Plan,2,72.34,mobile,C01652
3177,2026-08-16,East Region,Pro Plan,2,84.83,mobile,C00626
3178,2026-08-16,East Region,Standard Plan,2,81.27,mobile,C00101
3179,2026-08-16,East Region,Standard Plan,2,82.64,partner,C00612
3180,2026-08-16,East Region,Pro Plan,2,71.15,partner,C00708
3181,2026-08-16,East Region,Standard Plan,1,77.33,web,C00389
3182,2026-08-16,East Region,Standard Plan,1,71.84,mobile,C01382
3183,2026-08-16,East Region,Standard Plan,2,61.79,web,C01244
3184,2026-08-16,East Region,Add-on Pack,1,68.75,mobile,C02486
3185,2026-08-16,East Region,Add-on Pack,2,74.78,web,C01997
3186,2026-08-16,East Region,Add-on Pack,1,62.83,web,C01325
3187,2026-08-16,East Region,Add-on Pack,1,74.17,web,C00964
3188,2026-08-16,East Region,Add-on Pack,1,86.86,mobile,C02010
3189,2026-08-16,East Region,Standard Plan,1,87.23,mobile,C02583
3190,2026-08-16,East Region,Pro Plan,2,79.81,partner,C00500
3191,2026-08-16,East Region,Add-on Pack,1,64.72,mobile,C02969
3192,2026-08-16,East Region,Pro Plan,1,83.15,mobile,C02316
3193,2026-08-16,East Region,Pro Plan,2,62.92,mobile,C01709
3194,2026-08-16,East Region,Standard Plan,1,66.9,partner,C00957
3195,2026-08-16,East Region,Pro Plan,2,78.44,mobile,C02274
3196,2026-08-16,East Region,Pro Plan,1,76.9,partner,C00797
3197,2026-08-16,East Region,Standard Plan,1,87.46,partner,C02429
3198,2026-08-16,East Region,Add-on Pack,1,67.65,mobile,C02308
3199,2026-08-16,East Region,Pro Plan,1,85.42,partner,C00392
3200,2026-08-17,East Region,Standard Plan,1,78.16,partner,C02011
3201,2026-08-17,East Region,Pro Plan,1,77.59,web,C01842
3202,2026-08-17,East Region,Pro Plan,1,82.35,partner,C00587
3203,2026-08-17,East Region,Pro Plan,1,84.26,mobile,C01011
3204,2026-08-17,East Region,Standard Plan,1,78.42,mobile,C02543
3205,2026-08-17,East Region,Pro Plan,1,76.48,mobile,C01986
3206,2026-08-17,East Region,Pro Plan,1,77.65,partner,C00771
3207,2026-08-17,East Region,Add-on Pack,1,77.66,partner,C00249
3208,2026-08-17,East Region,Add-on Pack,1,85.27,web,C01541
3209,2026-08-17,East Region,Pro Plan,1,80.26,mobile,C01070
3210,2026-08-17,East Region,Standard Plan,1,65.12,web,C02670
3211,2026-08-17,East Region,Add-on Pack,1,81.94,mobile,C01905
3212,2026-08-17,East Region,Standard Plan,2,73.35,partner,C00643
3213,2026-08-17,East Region,Add-on Pack,1,73.28,web,C01121
3214,2026-08-17,East Region,Pro Plan,2,68.71,mobile,C00668
3215,2026-08-17,East Region,Add-on Pack,1,64.7,web,C00215
3216,2026-08-17,East Region,Pro Plan,1,76.23,web,C01292
3217,2026-08-17,East Region,Add-on Pack,1,71.4,partner,C01779
3218,2026-08-17,East Region,Add-on Pack,1,70.01,mobile,C02512
3219,2026-08-17,East Region,Standard Plan,1,78.71,partner,C02329
3220,2026-08-17,East Region,Standard Plan,1,85.22,partner,C02938
3221,2026-08-17,East Region,Add-on Pack,1,64.79,web,C00574
3222,2026-08-17,East Region,Standard Plan,1,63.98,partner,C00963
3223,2026-08-17,East Region,Standard Plan,1,81.73,mobile,C00333
3224,2026-08-17,East Region,Pro Plan,1,70.55,mobile,C01641
3225,2026-08-17,East Region,Add-on Pack,2,62.89,partner,C01622
3226,2026-08-17,East Region,Add-on Pack,1,65.42,web,C01838
3227,2026-08-17,East Region,Standard Plan,1,64.33,web,C00981
3228,2026-08-17,East Region,Standard Plan,1,78.74,web,C02634
3229,2026-08-17,East Region,Add-on Pack,1,67.33,web,C00898
3230,2026-08-17,East Region,Standard Plan,1,87.04,partner,C01309
3231,2026-08-17,East Region,Pro Plan,2,71.74,web,C02090
3232,2026-08-17,East Region,Pro Plan,2,74.59,partner,C00279
3233,2026-08-17,East Region,Standard Plan,1,66.64,web,C00941
3234,2026-08-17,East Region,Add-on Pack,1,74.57,partner,C00331
3235,2026-08-17,East Region,Add-on Pack,1,85.18,mobile,C00872
3236,2026-08-18,East Region,Add-on Pack,1,61.4,mobile,C02279
3237,2026-08-18,East Region,Pro Plan,1,75.1,web,C02489
3238,2026-08-18,East Region,Pro Plan,1,70.3,mobile,C01609
3239,2026-08-18,East Region,Standard Plan,2,78.89,web,C01825
3240,2026-08-18,East Region,Add-on Pack,2,87.52,web,C00758
3241,2026-08-18,East Region,Standard Plan,1,62.33,partner,C00843
3242,2026-08-18,East Region,Standard Plan,1,81.87,partner,C02762
3243,2026-08-18,East Region,Standard Plan,1,85.32,mobile,C01900
3244,2026-08-18,East Region,Standard Plan,1,78.82,partner,C01034
3245,2026-08-18,East Region,Standard Plan,1,75.1,web,C00887
3246,2026-08-18,East Region,Standard Plan,1,84.6,mobile,C02949
3247,2026-08-18,East Region,Pro Plan,2,80.78,mobile,C02466
3248,2026-08-18,East Region,Standard Plan,2,86.25,partner,C02445
3249,2026-08-18,East Region,Pro Plan,1,82.82,web,C02525
3250,2026-08-18,East Region,Standard Plan,1,85.26,partner,C00205
3251,2026-08-18,East Region,Standard Plan,1,86.95,mobile,C01823
3252,2026-08-18,East Region,Pro Plan,1,81.02,web,C00220
3253,2026-08-18,East Region,Pro Plan,1,67.06,mobile,C01528
3254,2026-08-18,East Region,Standard Plan,1,68.82,mobile,C00144
3255,2026-08-18,East Region,Standard Plan,1,69.42,mobile,C00839
3256,2026-08-18,East Region,Standard Plan,1,86.21,mobile,C00716
3257,2026-08-18,East Region,Standard Plan,1,64.26,mobile,C02375
3258,2026-08-18,East Region,Add-on Pack,1,76.36,web,C02879
3259,2026-08-18,East Region,Add-on Pack,1,74.25,web,C00267
3260,2026-08-18,East Region,Pro Plan,1,79.64,web,C02038
3261,2026-08-18,East Region,Pro Plan,2,83.79,web,C00055
3262,2026-08-18,East Region,Add-on Pack,1,85.61,mobile,C02908
3263,2026-08-18,East Region,Pro Plan,1,80.75,mobile,C00100
3264,2026-08-18,East Region,Add-on Pack,1,68.6,web,C02825
3265,2026-08-18,East Region,Pro Plan,1,83.24,partner,C01784
3266,2026-08-18,East Region,Add-on Pack,2,87.1,web,C02931
3267,2026-08-18,East Region,Add-on Pack,1,62.49,web,C02450
3268,2026-08-18,East Region,Pro Plan,2,73.61,partner,C00672
3269,2026-08-18,East Region,Pro Plan,1,79.11,partner,C02257
3270,2026-08-18,East Region,Add-on Pack,1,65.16,mobile,C00713
3271,2026-08-18,East Region,Add-on Pack,2,72.13,mobile,C01198
3272,2026-08-18,East Region,Standard Plan,2,83.35,partner,C02222
3273,2026-08-18,East Region,Pro Plan,2,71.0,web,C02467
3274,2026-08-18,East Region,Pro Plan,1,85.27,mobile,C02644
3275,2026-08-18,East Region,Pro Plan,1,73.46,web,C01407
3276,2026-08-18,East Region,Add-on Pack,1,86.18,partner,C01400
3277,2026-08-19,East Region,Add-on Pack,1,83.83,partner,C00572
3278,2026-08-19,East Region,Standard Plan,2,83.63,web,C01717
3279,2026-08-19,East Region,Standard Plan,1,88.14,partner,C00426
3280,2026-08-19,East Region,Add-on Pack,1,61.31,partner,C00929
3281,2026-08-19,East Region,Add-on Pack,1,80.51,mobile,C00479
3282,2026-08-19,East Region,Pro Plan,1,81.11,partner,C01618
3283,2026-08-19,East Region,Add-on Pack,2,79.07,web,C02364
3284,2026-08-19,East Region,Pro Plan,1,81.6,web,C02624
3285,2026-08-19,East Region,Add-on Pack,1,73.54,partner,C00003
3286,2026-08-19,East Region,Add-on Pack,2,82.96,web,C00296
3287,2026-08-19,East Region,Add-on Pack,1,87.04,mobile,C01241
3288,2026-08-19,East Region,Standard Plan,1,75.94,web,C00097
3289,2026-08-19,East Region,Standard Plan,1,62.05,web,C00761
3290,2026-08-19,East Region,Add-on Pack,1,63.14,mobile,C00488
3291,2026-08-19,East Region,Pro Plan,2,86.9,web,C02859
3292,2026-08-19,East Region,Add-on Pack,2,69.37,mobile,C00854
3293,2026-08-19,East Region,Pro Plan,2,72.86,partner,C02519
3294,2026-08-19,East Region,Add-on Pack,2,62.34,web,C02048
3295,2026-08-19,East Region,Pro Plan,1,70.76,partner,C01940
3296,2026-08-19,East Region,Pro Plan,1,81.68,mobile,C02821
3297,2026-08-19,East Region,Add-on Pack,1,78.07,partner,C02009
3298,2026-08-19,East Region,Standard Plan,2,71.54,web,C01946
3299,2026-08-19,East Region,Pro Plan,1,75.99,web,C02967
3300,2026-08-19,East Region,Add-on Pack,1,78.37,mobile,C01556
3301,2026-08-19,East Region,Add-on Pack,2,70.38,web,C01323
3302,2026-08-19,East Region,Pro Plan,2,76.23,web,C02514
3303,2026-08-19,East Region,Pro Plan,1,63.78,partner,C02766
3304,2026-08-19,East Region,Standard Plan,2,86.65,web,C02057
3305,2026-08-19,East Region,Standard Plan,2,73.8,partner,C02678
3306,2026-08-19,East Region,Add-on Pack,1,62.53,partner,C02117
3307,2026-08-19,East Region,Pro Plan,2,65.93,mobile,C00667
3308,2026-08-19,East Region,Standard Plan,1,69.1,mobile,C00450
3309,2026-08-19,East Region,Add-on Pack,1,65.41,web,C01975
3310,2026-08-19,East Region,Pro Plan,2,67.97,partner,C02679
3311,2026-08-19,East Region,Standard Plan,1,82.21,mobile,C00749
3312,2026-08-19,East Region,Standard Plan,2,70.45,web,C02924
3313,2026-08-19,East Region,Pro Plan,1,83.19,web,C00674
3314,2026-08-19,East Region,Standard Plan,1,64.79,mobile,C02033
3315,2026-08-19,East Region,Pro Plan,2,82.81,web,C02902
3316,2026-08-19,East Region,Add-on Pack,1,85.62,partner,C02227
3317,2026-08-19,East Region,Standard Plan,1,72.59,mobile,C01788
3318,2026-08-19,East Region,Add-on Pack,1,80.3,web,C00358
3319,2026-08-19,East Region,Pro Plan,1,85.08,mobile,C01644
3320,2026-08-19,East Region,Add-on Pack,1,86.2,web,C00099
3321,2026-08-20,East Region,Standard Plan,1,76.72,mobile,C02703
3322,2026-08-20,East Region,Add-on Pack,1,71.35,mobile,C00274
3323,2026-08-20,East Region,Add-on Pack,2,66.25,web,C02293
3324,2026-08-20,East Region,Standard Plan,1,67.52,mobile,C00546
3325,2026-08-20,East Region,Add-on Pack,1,80.28,mobile,C00246
3326,2026-08-20,East Region,Add-on Pack,1,82.64,partner,C02728
3327,2026-08-20,East Region,Pro Plan,1,77.13,mobile,C00562
3328,2026-08-20,East Region,Pro Plan,2,86.24,web,C00773
3329,2026-08-20,East Region,Add-on Pack,2,74.11,web,C00406
3330,2026-08-20,East Region,Standard Plan,1,71.75,web,C02733
3331,2026-08-20,East Region,Standard Plan,1,84.53,web,C01957
3332,2026-08-20,East Region,Add-on Pack,1,88.12,partner,C00675
3333,2026-08-20,East Region,Standard Plan,2,78.25,partner,C01482
3334,2026-08-20,East Region,Standard Plan,2,83.72,web,C01769
3335,2026-08-20,East Region,Standard Plan,2,84.88,web,C00789
3336,2026-08-20,East Region,Add-on Pack,1,80.96,mobile,C01843
3337,2026-08-20,East Region,Add-on Pack,1,83.95,partner,C00522
3338,2026-08-20,East Region,Pro Plan,2,77.93,partner,C02603
3339,2026-08-20,East Region,Standard Plan,1,67.76,mobile,C00308
3340,2026-08-20,East Region,Pro Plan,2,77.52,web,C02301
3341,2026-08-20,East Region,Standard Plan,1,80.36,partner,C00164
3342,2026-08-20,East Region,Pro Plan,1,68.74,mobile,C02664
3343,2026-08-20,East Region,Pro Plan,1,69.46,mobile,C01925
3344,2026-08-20,East Region,Add-on Pack,1,74.47,mobile,C01381
3345,2026-08-20,East Region,Standard Plan,1,80.01,partner,C02118
3346,2026-08-20,East Region,Add-on Pack,1,78.37,partner,C01099
3347,2026-08-20,East Region,Pro Plan,1,84.99,mobile,C01328
3348,2026-08-20,East Region,Standard Plan,1,76.6,mobile,C00786
3349,2026-08-20,East Region,Pro Plan,2,75.28,mobile,C01081
3350,2026-08-20,East Region,Add-on Pack,1,72.73,partner,C00571
3351,2026-08-20,East Region,Add-on Pack,1,69.22,partner,C02224
3352,2026-08-20,East Region,Add-on Pack,2,69.94,partner,C02131
3353,2026-08-20,East Region,Standard Plan,1,64.39,partner,C01012
3354,2026-08-20,East Region,Standard Plan,1,77.47,web,C02653
3355,2026-08-20,East Region,Pro Plan,2,71.4,mobile,C02938
3356,2026-08-20,East Region,Pro Plan,2,86.56,partner,C01399
3357,2026-08-20,East Region,Standard Plan,1,68.13,mobile,C00510
3358,2026-08-20,East Region,Pro Plan,2,83.32,web,C00273
3359,2026-08-20,East Region,Standard Plan,1,83.29,mobile,C01863
3360,2026-08-20,East Region,Add-on Pack,1,77.07,partner,C02325
3361,2026-08-20,East Region,Pro Plan,1,66.62,mobile,C02573
3362,2026-08-21,East Region,Add-on Pack,2,64.14,mobile,C01283
3363,2026-08-21,East Region,Standard Plan,1,65.0,mobile,C00224
3364,2026-08-21,East Region,Standard Plan,1,84.24,web,C02247
3365,2026-08-21,East Region,Add-on Pack,1,68.5,partner,C02813
3366,2026-08-21,East Region,Pro Plan,1,66.77,web,C00457
3367,2026-08-21,East Region,Pro Plan,1,87.77,mobile,C01761
3368,2026-08-21,East Region,Standard Plan,1,67.47,partner,C01449
3369,2026-08-21,East Region,Standard Plan,1,65.33,web,C00704
3370,2026-08-21,East Region,Pro Plan,1,66.73,web,C00374
3371,2026-08-21,East Region,Add-on Pack,1,81.34,mobile,C00511
3372,2026-08-21,East Region,Standard Plan,2,67.9,web,C00992
3373,2026-08-21,East Region,Pro Plan,1,77.78,web,C01145
3374,2026-08-21,East Region,Standard Plan,1,61.29,mobile,C02375
3375,2026-08-21,East Region,Add-on Pack,2,84.31,web,C00952
3376,2026-08-21,East Region,Standard Plan,2,84.25,partner,C01820
3377,2026-08-21,East Region,Pro Plan,2,65.29,partner,C01558
3378,2026-08-21,East Region,Standard Plan,1,75.92,web,C02758
3379,2026-08-21,East Region,Pro Plan,1,73.08,mobile,C00085
3380,2026-08-21,East Region,Pro Plan,2,75.01,mobile,C02485
3381,2026-08-21,East Region,Standard Plan,1,71.34,partner,C02863
3382,2026-08-21,East Region,Add-on Pack,2,71.47,web,C00893
3383,2026-08-21,East Region,Pro Plan,1,70.81,web,C02929
3384,2026-08-21,East Region,Pro Plan,2,85.64,partner,C01924
3385,2026-08-21,East Region,Standard Plan,1,79.87,partner,C02858
3386,2026-08-21,East Region,Standard Plan,1,73.5,mobile,C02342
3387,2026-08-21,East Region,Pro Plan,1,70.98,mobile,C01788
3388,2026-08-21,East Region,Add-on Pack,2,73.31,web,C01792
3389,2026-08-21,East Region,Pro Plan,1,70.67,mobile,C01065
3390,2026-08-21,East Region,Pro Plan,1,65.5,partner,C02642
3391,2026-08-21,East Region,Add-on Pack,1,77.5,web,C01563
3392,2026-08-21,East Region,Pro Plan,1,62.51,web,C02897
3393,2026-08-21,East Region,Standard Plan,1,63.71,mobile,C00325
3394,2026-08-21,East Region,Add-on Pack,2,86.55,web,C01201
3395,2026-08-21,East Region,Standard Plan,1,84.55,web,C00939
3396,2026-08-21,East Region,Pro Plan,1,69.68,web,C00378
3397,2026-08-21,East Region,Add-on Pack,1,62.62,mobile,C02245
3398,2026-08-21,East Region,Pro Plan,1,86.82,web,C00071
3399,2026-08-21,East Region,Standard Plan,1,77.59,web,C00416
3400,2026-08-21,East Region,Pro Plan,1,83.43,partner,C00509
3401,2026-08-21,East Region,Pro Plan,1,76.25,partner,C00733
3402,2026-08-21,East Region,Standard Plan,1,75.72,web,C00036
3403,2026-08-21,East Region,Pro Plan,1,84.47,partner,C00085
3404,2026-08-21,East Region,Add-on Pack,1,74.92,mobile,C00553
3405,2026-08-22,East Region,Standard Plan,1,73.96,web,C02495
3406,2026-08-22,East Region,Pro Plan,1,76.81,mobile,C01007
3407,2026-08-22,East Region,Pro Plan,1,65.96,partner,C01017
3408,2026-08-22,East Region,Standard Plan,1,78.61,web,C01546
3409,2026-08-22,East Region,Standard Plan,2,61.22,partner,C02007
3410,2026-08-22,East Region,Add-on Pack,2,81.72,partner,C01912
3411,2026-08-22,East Region,Add-on Pack,1,86.86,partner,C02366
3412,2026-08-22,East Region,Add-on Pack,2,83.98,mobile,C02145
3413,2026-08-22,East Region,Pro Plan,2,65.74,web,C00150
3414,2026-08-22,East Region,Standard Plan,1,63.2,mobile,C00474
3415,2026-08-22,East Region,Add-on Pack,2,85.79,mobile,C01227
3416,2026-08-22,East Region,Pro Plan,2,61.85,web,C00066
3417,2026-08-22,East Region,Standard Plan,1,73.05,mobile,C02419
3418,2026-08-22,East Region,Add-on Pack,1,65.0,mobile,C01002
3419,2026-08-22,East Region,Standard Plan,1,61.65,mobile,C01036
3420,2026-08-22,East Region,Pro Plan,2,72.06,mobile,C00839
3421,2026-08-22,East Region,Pro Plan,1,64.75,web,C00597
3422,2026-08-22,East Region,Add-on Pack,1,86.3,mobile,C00218
3423,2026-08-22,East Region,Pro Plan,2,73.85,partner,C01776
3424,2026-08-22,East Region,Standard Plan,1,77.47,partner,C02260
3425,2026-08-22,East Region,Pro Plan,2,62.3,web,C01444
3426,2026-08-22,East Region,Pro Plan,1,66.46,web,C00415
3427,2026-08-22,East Region,Standard Plan,1,81.45,web,C00102
3428,2026-08-22,East Region,Add-on Pack,1,67.15,web,C01837
3429,2026-08-22,East Region,Pro Plan,2,70.29,mobile,C02547
3430,2026-08-22,East Region,Pro Plan,1,68.95,partner,C02399
3431,2026-08-22,East Region,Standard Plan,2,85.23,mobile,C02106
3432,2026-08-22,East Region,Standard Plan,1,79.32,web,C01548
3433,2026-08-22,East Region,Pro Plan,2,79.17,partner,C02960
3434,2026-08-22,East Region,Add-on Pack,1,68.47,web,C00382
3435,2026-08-22,East Region,Add-on Pack,2,71.64,web,C00172
3436,2026-08-22,East Region,Standard Plan,1,69.44,web,C01714
3437,2026-08-22,East Region,Add-on Pack,1,66.47,mobile,C02241
3438,2026-08-22,East Region,Add-on Pack,1,68.14,web,C00272
3439,2026-08-22,East Region,Standard Plan,1,84.56,partner,C01977
3440,2026-08-22,East Region,Standard Plan,1,67.16,partner,C02022
3441,2026-08-22,East Region,Standard Plan,2,63.38,mobile,C02527
3442,2026-08-22,East Region,Add-on Pack,2,87.84,mobile,C02364
3443,2026-08-22,East Region,Add-on Pack,1,76.1,partner,C02724
3444,2026-08-22,East Region,Pro Plan,1,75.53,partner,C01005
3445,2026-08-22,East Region,Standard Plan,2,83.37,mobile,C01115
3446,2026-08-23,East Region,Add-on Pack,2,69.38,web,C02424
3447,2026-08-23,East Region,Pro Plan,1,83.01,web,C00607
3448,2026-08-23,East Region,Add-on Pack,1,67.28,web,C01902
3449,2026-08-23,East Region,Standard Plan,1,86.39,mobile,C01638
3450,2026-08-23,East Region,Pro Plan,1,76.61,web,C00994
3451,2026-08-23,East Region,Standard Plan,1,78.15,mobile,C00234
3452,2026-08-23,East Region,Pro Plan,2,72.24,web,C01697
3453,2026-08-23,East Region,Pro Plan,1,87.81,mobile,C00485
3454,2026-08-23,East Region,Pro Plan,2,67.61,mobile,C02411
3455,2026-08-23,East Region,Standard Plan,1,72.22,mobile,C00997
3456,2026-08-23,East Region,Add-on Pack,1,83.08,web,C02450
3457,2026-08-23,East Region,Pro Plan,1,77.34,web,C00337
3458,2026-08-23,East Region,Standard Plan,1,82.86,web,C02214
3459,2026-08-23,East Region,Pro Plan,1,74.6,partner,C02655
3460,2026-08-23,East Region,Standard Plan,1,88.18,mobile,C00728
3461,2026-08-23,East Region,Standard Plan,1,64.83,partner,C02809
3462,2026-08-23,East Region,Add-on Pack,1,70.92,web,C00677
3463,2026-08-23,East Region,Pro Plan,1,70.18,partner,C00338
3464,2026-08-23,East Region,Standard Plan,1,77.91,web,C01601
3465,2026-08-23,East Region,Pro Plan,1,64.13,partner,C02155
3466,2026-08-23,East Region,Standard Plan,1,83.83,web,C00267
3467,2026-08-23,East Region,Pro Plan,1,77.69,web,C02636
3468,2026-08-23,East Region,Add-on Pack,2,75.21,partner,C00917
3469,2026-08-23,East Region,Add-on Pack,2,68.92,mobile,C02724
3470,2026-08-23,East Region,Standard Plan,2,80.1,mobile,C02085
3471,2026-08-23,East Region,Pro Plan,2,69.19,mobile,C00964
3472,2026-08-23,East Region,Pro Plan,1,79.32,web,C01890
3473,2026-08-23,East Region,Standard Plan,1,80.33,web,C00241
3474,2026-08-23,East Region,Add-on Pack,1,85.0,web,C01839
3475,2026-08-23,East Region,Standard Plan,1,65.26,mobile,C01363
3476,2026-08-23,East Region,Add-on Pack,1,69.9,partner,C01973
3477,2026-08-23,East Region,Pro Plan,1,72.35,partner,C00860
3478,2026-08-23,East Region,Pro Plan,1,79.05,web,C01601
3479,2026-08-23,East Region,Standard Plan,1,70.59,web,C01033
3480,2026-08-23,East Region,Pro Plan,2,66.27,mobile,C02697
3481,2026-08-23,East Region,Pro Plan,1,82.52,mobile,C00545
3482,2026-08-23,East Region,Pro Plan,2,81.47,partner,C01290
3483,2026-08-23,East Region,Add-on Pack,1,84.81,web,C00673
3484,2026-08-23,East Region,Pro Plan,2,72.51,mobile,C00607
3485,2026-08-23,East Region,Standard Plan,1,85.25,partner,C02474
3486,2026-08-23,East Region,Pro Plan,1,87.23,partner,C00740
3487,2026-08-23,East Region,Pro Plan,1,62.25,partner,C01478
3488,2026-08-24,East Region,Add-on Pack,1,71.35,web,C01978
3489,2026-08-24,East Region,Add-on Pack,1,66.69,mobile,C02787
3490,2026-08-24,East Region,Add-on Pack,1,84.53,partner,C01601
3491,2026-08-24,East Region,Add-on Pack,1,88.23,mobile,C02996
3492,2026-08-24,East Region,Standard Plan,1,73.57,partner,C01870
3493,2026-08-24,East Region,Standard Plan,1,68.94,mobile,C02414
3494,2026-08-24,East Region,Add-on Pack,1,87.45,mobile,C01710
3495,2026-08-24,East Region,Pro Plan,1,86.06,mobile,C02421
3496,2026-08-24,East Region,Standard Plan,1,73.42,partner,C00159
3497,2026-08-24,East Region,Standard Plan,1,79.38,mobile,C01087
3498,2026-08-24,East Region,Standard Plan,1,75.64,web,C01841
3499,2026-08-24,East Region,Standard Plan,2,72.0,web,C00312
3500,2026-08-24,East Region,Pro Plan,2,75.76,web,C02056
3501,2026-08-24,East Region,Add-on Pack,1,82.81,partner,C02717
3502,2026-08-24,East Region,Standard Plan,1,74.71,partner,C02709
3503,2026-08-24,East Region,Add-on Pack,1,69.02,web,C01594
3504,2026-08-24,East Region,Add-on Pack,1,80.94,partner,C02688
3505,2026-08-24,East Region,Standard Plan,2,61.59,web,C01347
3506,2026-08-24,East Region,Add-on Pack,2,67.88,web,C00408
3507,2026-08-24,East Region,Standard Plan,1,86.53,web,C02693
3508,2026-08-24,East Region,Pro Plan,2,79.47,web,C01747
3509,2026-08-24,East Region,Standard Plan,1,81.03,web,C01183
3510,2026-08-24,East Region,Pro Plan,1,88.34,web,C00638
3511,2026-08-24,East Region,Standard Plan,1,84.4,web,C00271
3512,2026-08-24,East Region,Pro Plan,1,87.45,mobile,C01383
3513,2026-08-24,East Region,Standard Plan,2,74.81,partner,C00501
3514,2026-08-24,East Region,Pro Plan,1,79.37,web,C01460
3515,2026-08-24,East Region,Standard Plan,2,70.81,web,C02234
3516,2026-08-24,East Region,Pro Plan,1,80.93,web,C00665
3517,2026-08-24,East Region,Standard Plan,1,70.51,mobile,C02587
3518,2026-08-24,East Region,Pro Plan,2,62.01,mobile,C00425
3519,2026-08-24,East Region,Add-on Pack,2,82.3,web,C00687
3520,2026-08-24,East Region,Standard Plan,2,78.09,partner,C02857
3521,2026-08-24,East Region,Standard Plan,1,87.75,partner,C02025
3522,2026-08-24,East Region,Add-on Pack,2,82.17,mobile,C02632
3523,2026-08-24,East Region,Pro Plan,1,66.62,web,C01856
3524,2026-08-24,East Region,Standard Plan,1,61.3,web,C02723
3525,2026-08-24,East Region,Pro Plan,2,78.85,partner,C00031
3526,2026-08-24,East Region,Pro Plan,1,84.65,web,C00394
3527,2026-08-24,East Region,Add-on Pack,1,75.36,partner,C00557
3528,2026-08-24,East Region,Pro Plan,1,74.65,web,C02560
3529,2026-08-24,East Region,Standard Plan,1,82.58,web,C01279
3530,2026-06-01,North Region,Pro Plan,1,69.18,web,C01230
3531,2026-06-01,North Region,Add-on Pack,1,87.42,partner,C01058
3532,2026-06-01,North Region,Pro Plan,1,88.38,mobile,C01688
3533,2026-06-01,North Region,Standard Plan,1,87.72,web,C02041
3534,2026-06-01,North Region,Pro Plan,2,81.29,web,C00108
3535,2026-06-01,North Region,Pro Plan,1,70.11,web,C02151
3536,2026-06-01,North Region,Add-on Pack,1,77.51,mobile,C00465
3537,2026-06-01,North Region,Standard Plan,1,87.71,mobile,C00507
3538,2026-06-01,North Region,Standard Plan,1,76.88,web,C00202
3539,2026-06-01,North Region,Pro Plan,1,69.67,partner,C02249
3540,2026-06-01,North Region,Add-on Pack,1,84.87,partner,C02695
3541,2026-06-01,North Region,Pro Plan,2,63.93,web,C01278
3542,2026-06-01,North Region,Pro Plan,1,63.73,mobile,C00214
3543,2026-06-01,North Region,Standard Plan,1,63.07,web,C01954
3544,2026-06-01,North Region,Standard Plan,1,73.96,mobile,C02220
3545,2026-06-01,North Region,Standard Plan,1,68.39,web,C01369
3546,2026-06-01,North Region,Standard Plan,1,66.24,partner,C00069
3547,2026-06-01,North Region,Pro Plan,1,67.14,web,C02796
3548,2026-06-01,North Region,Add-on Pack,2,67.69,web,C02792
3549,2026-06-01,North Region,Add-on Pack,1,85.0,mobile,C02243
3550,2026-06-01,North Region,Standard Plan,1,62.81,partner,C02732
3551,2026-06-01,North Region,Pro Plan,1,66.44,mobile,C00558
3552,2026-06-01,North Region,Pro Plan,2,87.69,partner,C01179
3553,2026-06-01,North Region,Pro Plan,1,67.97,partner,C01722
3554,2026-06-01,North Region,Pro Plan,2,78.83,web,C00470
3555,2026-06-01,North Region,Pro Plan,1,77.27,partner,C00526
3556,2026-06-01,North Region,Add-on Pack,1,66.21,partner,C01020
3557,2026-06-01,North Region,Standard Plan,1,80.54,web,C00191
3558,2026-06-01,North Region,Add-on Pack,2,63.16,web,C00894
3559,2026-06-01,North Region,Pro Plan,1,87.3,partner,C00861
3560,2026-06-01,North Region,Add-on Pack,1,64.21,mobile,C00439
3561,2026-06-01,North Region,Pro Plan,1,66.81,web,C02967
3562,2026-06-01,North Region,Add-on Pack,1,82.57,mobile,C01684
3563,2026-06-01,North Region,Pro Plan,1,79.14,mobile,C02717
3564,2026-06-01,North Region,Standard Plan,1,84.53,web,C01595
3565,2026-06-01,North Region,Pro Plan,1,66.31,mobile,C02003
3566,2026-06-01,North Region,Pro Plan,1,73.1,web,C01775
3567,2026-06-01,North Region,Pro Plan,1,65.51,partner,C01880
3568,2026-06-01,North Region,Add-on Pack,2,69.06,web,C01177
3569,2026-06-01,North Region,Standard Plan,1,68.91,mobile,C00057
3570,2026-06-01,North Region,Pro Plan,1,82.57,partner,C01862
3571,2026-06-01,North Region,Pro Plan,1,69.45,mobile,C00823
3572,2026-06-01,North Region,Add-on Pack,2,84.7,mobile,C01105
3573,2026-06-01,North Region,Standard Plan,2,74.27,web,C00071
3574,2026-06-02,North Region,Add-on Pack,1,74.42,partner,C02088
3575,2026-06-02,North Region,Add-on Pack,1,86.6,mobile,C02955
3576,2026-06-02,North Region,Pro Plan,1,75.4,mobile,C02697
3577,2026-06-02,North Region,Add-on Pack,2,82.95,web,C00258
3578,2026-06-02,North Region,Add-on Pack,1,87.23,web,C01159
3579,2026-06-02,North Region,Pro Plan,1,83.22,partner,C02036
3580,2026-06-02,North Region,Add-on Pack,1,61.29,mobile,C02825
3581,2026-06-02,North Region,Add-on Pack,1,72.62,web,C01971
3582,2026-06-02,North Region,Standard Plan,1,66.3,partner,C01741
3583,2026-06-02,North Region,Pro Plan,1,80.13,partner,C00818
3584,2026-06-02,North Region,Add-on Pack,1,72.13,web,C01557
3585,2026-06-02,North Region,Pro Plan,1,78.19,mobile,C00188
3586,2026-06-02,North Region,Pro Plan,1,70.91,partner,C01366
3587,2026-06-02,North Region,Pro Plan,1,67.39,partner,C00313
3588,2026-06-02,North Region,Standard Plan,1,76.57,web,C01683
3589,2026-06-02,North Region,Standard Plan,2,66.77,partner,C00298
3590,2026-06-02,North Region,Standard Plan,2,79.72,partner,C00556
3591,2026-06-02,North Region,Standard Plan,1,81.27,mobile,C00397
3592,2026-06-02,North Region,Standard Plan,2,68.18,web,C01149
3593,2026-06-02,North Region,Add-on Pack,2,77.21,web,C00383
3594,2026-06-02,North Region,Pro Plan,1,86.32,web,C01026
3595,2026-06-02,North Region,Add-on Pack,1,75.8,web,C01950
3596,2026-06-02,North Region,Add-on Pack,1,68.74,partner,C02851
3597,2026-06-02,North Region,Add-on Pack,2,61.37,web,C01687
3598,2026-06-02,North Region,Pro Plan,1,63.92,partner,C01138
3599,2026-06-02,North Region,Standard Plan,1,72.82,mobile,C01853
3600,2026-06-02,North Region,Add-on Pack,1,80.13,partner,C00400
3601,2026-06-02,North Region,Add-on Pack,1,76.75,web,C00705
3602,2026-06-02,North Region,Standard Plan,1,67.57,partner,C00735
3603,2026-06-02,North Region,Standard Plan,1,83.7,web,C01209
3604,2026-06-02,North Region,Pro Plan,2,62.87,web,C02534
3605,2026-06-02,North Region,Standard Plan,1,62.06,mobile,C02569
3606,2026-06-02,North Region,Pro Plan,2,83.91,web,C02818
3607,2026-06-02,North Region,Standard Plan,1,83.87,mobile,C01549
3608,2026-06-02,North Region,Standard Plan,1,65.86,partner,C00718
3609,2026-06-02,North Region,Add-on Pack,2,84.13,web,C00348
3610,2026-06-02,North Region,Standard Plan,1,66.96,mobile,C00445
3611,2026-06-02,North Region,Pro Plan,1,67.44,mobile,C02924
3612,2026-06-02,North Region,Add-on Pack,1,80.61,mobile,C00645
3613,2026-06-02,North Region,Add-on Pack,1,75.69,mobile,C01741
3614,2026-06-02,North Region,Standard Plan,2,77.82,mobile,C01294
3615,2026-06-03,North Region,Add-on Pack,1,67.02,web,C01663
3616,2026-06-03,North Region,Pro Plan,2,71.41,web,C02382
3617,2026-06-03,North Region,Standard Plan,1,82.87,web,C00942
3618,2026-06-03,North Region,Add-on Pack,1,80.25,partner,C01964
3619,2026-06-03,North Region,Pro Plan,1,85.93,web,C02122
3620,2026-06-03,North Region,Standard Plan,1,75.86,web,C00986
3621,2026-06-03,North Region,Standard Plan,1,75.03,web,C02208
3622,2026-06-03,North Region,Add-on Pack,1,63.47,mobile,C01070
3623,2026-06-03,North Region,Pro Plan,1,76.13,web,C01752
3624,2026-06-03,North Region,Pro Plan,1,84.33,web,C00904
3625,2026-06-03,North Region,Add-on Pack,1,78.51,partner,C01812
3626,2026-06-03,North Region,Standard Plan,1,72.68,partner,C01319
3627,2026-06-03,North Region,Pro Plan,1,65.68,mobile,C00123
3628,2026-06-03,North Region,Standard Plan,1,82.02,partner,C02830
3629,2026-06-03,North Region,Standard Plan,1,84.67,web,C01321
3630,2026-06-03,North Region,Standard Plan,1,81.81,web,C02818
3631,2026-06-03,North Region,Standard Plan,1,74.28,mobile,C02208
3632,2026-06-03,North Region,Add-on Pack,1,71.31,partner,C00614
3633,2026-06-03,North Region,Pro Plan,1,69.71,partner,C02645
3634,2026-06-03,North Region,Pro Plan,1,81.67,web,C00349
3635,2026-06-03,North Region,Add-on Pack,2,83.31,mobile,C02012
3636,2026-06-03,North Region,Add-on Pack,1,85.96,web,C00720
3637,2026-06-03,North Region,Pro Plan,1,74.84,mobile,C01555
3638,2026-06-03,North Region,Pro Plan,2,62.3,mobile,C00108
3639,2026-06-03,North Region,Standard Plan,1,77.5,partner,C01071
3640,2026-06-03,North Region,Standard Plan,1,71.48,web,C01481
3641,2026-06-03,North Region,Add-on Pack,1,75.23,mobile,C01548
3642,2026-06-03,North Region,Add-on Pack,2,64.54,web,C01104
3643,2026-06-03,North Region,Add-on Pack,1,67.4,mobile,C02709
3644,2026-06-03,North Region,Standard Plan,1,71.16,partner,C01538
3645,2026-06-03,North Region,Add-on Pack,1,62.34,partner,C01925
3646,2026-06-03,North Region,Standard Plan,1,72.26,mobile,C02467
3647,2026-06-03,North Region,Add-on Pack,1,76.38,web,C02558
3648,2026-06-03,North Region,Add-on Pack,1,87.12,web,C00265
3649,2026-06-03,North Region,Standard Plan,1,68.48,web,C01605
3650,2026-06-03,North Region,Pro Plan,1,83.91,partner,C02168
3651,2026-06-03,North Region,Add-on Pack,1,61.34,partner,C00727
3652,2026-06-03,North Region,Add-on Pack,2,87.0,web,C02113
3653,2026-06-03,North Region,Standard Plan,1,71.48,partner,C02654
3654,2026-06-03,North Region,Standard Plan,1,72.07,web,C02757
3655,2026-06-03,North Region,Standard Plan,2,65.05,partner,C02777
3656,2026-06-03,North Region,Pro Plan,1,80.95,mobile,C01219
3657,2026-06-04,North Region,Standard Plan,2,67.8,partner,C00535
3658,2026-06-04,North Region,Pro Plan,2,80.85,web,C00427
3659,2026-06-04,North Region,Pro Plan,1,87.33,web,C01893
3660,2026-06-04,North Region,Standard Plan,1,83.56,partner,C01597
3661,2026-06-04,North Region,Standard Plan,1,70.85,mobile,C00174
3662,2026-06-04,North Region,Standard Plan,1,72.17,partner,C02768
3663,2026-06-04,North Region,Pro Plan,1,70.45,mobile,C00786
3664,2026-06-04,North Region,Add-on Pack,1,61.83,mobile,C01546
3665,2026-06-04,North Region,Pro Plan,1,72.38,mobile,C02102
3666,2026-06-04,North Region,Add-on Pack,1,87.31,web,C02994
3667,2026-06-04,North Region,Standard Plan,1,71.22,mobile,C01359
3668,2026-06-04,North Region,Add-on Pack,2,87.65,partner,C02856
3669,2026-06-04,North Region,Standard Plan,1,79.52,web,C01187
3670,2026-06-04,North Region,Add-on Pack,1,78.58,web,C00839
3671,2026-06-04,North Region,Standard Plan,1,66.88,web,C02156
3672,2026-06-04,North Region,Pro Plan,1,77.17,mobile,C02984
3673,2026-06-04,North Region,Standard Plan,1,83.14,web,C00388
3674,2026-06-04,North Region,Add-on Pack,2,77.52,partner,C00507
3675,2026-06-04,North Region,Add-on Pack,1,62.51,web,C02431
3676,2026-06-04,North Region,Standard Plan,1,78.36,mobile,C00888
3677,2026-06-04,North Region,Standard Plan,1,72.22,web,C00161
3678,2026-06-04,North Region,Pro Plan,1,84.45,web,C02507
3679,2026-06-04,North Region,Add-on Pack,1,74.71,mobile,C00391
3680,2026-06-04,North Region,Pro Plan,2,87.33,partner,C02951
3681,2026-06-04,North Region,Add-on Pack,1,85.46,web,C00855
3682,2026-06-04,North Region,Standard Plan,1,88.33,partner,C00438
3683,2026-06-04,North Region,Pro Plan,1,82.38,partner,C00524
3684,2026-06-04,North Region,Add-on Pack,1,75.45,web,C02820
3685,2026-06-04,North Region,Pro Plan,2,70.28,mobile,C02988
3686,2026-06-04,North Region,Pro Plan,1,83.59,partner,C01702
3687,2026-06-04,North Region,Standard Plan,1,85.2,mobile,C01507
3688,2026-06-04,North Region,Add-on Pack,1,82.74,web,C00313
3689,2026-06-04,North Region,Pro Plan,1,77.62,partner,C02619
3690,2026-06-04,North Region,Add-on Pack,1,69.0,web,C00948
3691,2026-06-04,North Region,Pro Plan,1,75.61,web,C02403
3692,2026-06-04,North Region,Standard Plan,2,81.78,web,C00699
3693,2026-06-04,North Region,Add-on Pack,1,65.49,partner,C02466
3694,2026-06-04,North Region,Add-on Pack,1,65.22,mobile,C01127
3695,2026-06-04,North Region,Pro Plan,1,70.39,web,C01046
3696,2026-06-04,North Region,Standard Plan,1,80.12,web,C02129
3697,2026-06-04,North Region,Add-on Pack,1,72.28,mobile,C02583
3698,2026-06-05,North Region,Pro Plan,2,67.66,mobile,C01784
3699,2026-06-05,North Region,Add-on Pack,1,62.46,web,C00528
3700,2026-06-05,North Region,Pro Plan,1,82.42,web,C00791
3701,2026-06-05,North Region,Standard Plan,1,75.35,mobile,C01600
3702,2026-06-05,North Region,Pro Plan,1,85.26,web,C01583
3703,2026-06-05,North Region,Standard Plan,1,79.83,mobile,C00872
3704,2026-06-05,North Region,Standard Plan,1,87.12,mobile,C01395
3705,2026-06-05,North Region,Pro Plan,2,62.62,partner,C02254
3706,2026-06-05,North Region,Standard Plan,1,73.07,mobile,C02566
3707,2026-06-05,North Region,Pro Plan,1,72.75,partner,C00864
3708,2026-06-05,North Region,Add-on Pack,1,83.81,partner,C00166
3709,2026-06-05,North Region,Standard Plan,1,67.79,partner,C01833
3710,2026-06-05,North Region,Standard Plan,1,70.52,mobile,C02733
3711,2026-06-05,North Region,Add-on Pack,1,81.24,mobile,C00189
3712,2026-06-05,North Region,Standard Plan,1,67.56,partner,C02965
3713,2026-06-05,North Region,Standard Plan,1,62.65,mobile,C02831
3714,2026-06-05,North Region,Add-on Pack,1,61.69,partner,C01509
3715,2026-06-05,North Region,Add-on Pack,1,77.0,mobile,C01171
3716,2026-06-05,North Region,Add-on Pack,1,66.14,partner,C01856
3717,2026-06-05,North Region,Pro Plan,1,77.05,mobile,C02449
3718,2026-06-05,North Region,Add-on Pack,2,76.78,partner,C02346
3719,2026-06-05,North Region,Pro Plan,1,84.85,partner,C02629
3720,2026-06-05,North Region,Add-on Pack,2,81.86,web,C02139
3721,2026-06-05,North Region,Pro Plan,1,65.15,partner,C01574
3722,2026-06-05,North Region,Add-on Pack,1,87.09,web,C01354
3723,2026-06-05,North Region,Add-on Pack,1,64.0,partner,C01269
3724,2026-06-05,North Region,Add-on Pack,1,78.03,web,C00780
3725,2026-06-05,North Region,Standard Plan,1,66.23,mobile,C00579
3726,2026-06-05,North Region,Pro Plan,1,72.19,mobile,C02549
3727,2026-06-05,North Region,Add-on Pack,2,61.82,web,C01631
3728,2026-06-05,North Region,Add-on Pack,2,64.4,web,C02630
3729,2026-06-05,North Region,Pro Plan,1,65.93,mobile,C02301
3730,2026-06-05,North Region,Add-on Pack,1,67.4,mobile,C02745
3731,2026-06-05,North Region,Add-on Pack,1,77.59,partner,C01000
3732,2026-06-05,North Region,Add-on Pack,1,64.97,mobile,C00013
3733,2026-06-05,North Region,Pro Plan,1,87.31,web,C02848
3734,2026-06-05,North Region,Add-on Pack,1,77.79,web,C02250
3735,2026-06-05,North Region,Standard Plan,1,72.25,partner,C02772
3736,2026-06-05,North Region,Standard Plan,1,73.01,web,C02256
3737,2026-06-05,North Region,Pro Plan,1,76.78,mobile,C02582
3738,2026-06-06,North Region,Standard Plan,2,61.61,mobile,C00403
3739,2026-06-06,North Region,Add-on Pack,1,83.79,web,C02165
3740,2026-06-06,North Region,Pro Plan,1,76.74,mobile,C00787
3741,2026-06-06,North Region,Pro Plan,1,72.04,web,C02407
3742,2026-06-06,North Region,Pro Plan,1,84.31,partner,C00167
3743,2026-06-06,North Region,Standard Plan,1,83.84,mobile,C00917
3744,2026-06-06,North Region,Standard Plan,2,61.38,partner,C01601
3745,2026-06-06,North Region,Pro Plan,1,62.9,web,C01586
3746,2026-06-06,North Region,Add-on Pack,1,66.7,partner,C00792
3747,2026-06-06,North Region,Add-on Pack,1,70.31,web,C00272
3748,2026-06-06,North Region,Pro Plan,1,75.56,web,C01201
3749,2026-06-06,North Region,Add-on Pack,1,77.7,web,C01857
3750,2026-06-06,North Region,Pro Plan,1,82.24,partner,C01816
3751,2026-06-06,North Region,Add-on Pack,1,72.38,web,C02990
3752,2026-06-06,North Region,Pro Plan,1,67.2,mobile,C00069
3753,2026-06-06,North Region,Pro Plan,1,73.19,mobile,C00665
3754,2026-06-06,North Region,Standard Plan,2,80.63,web,C02974
3755,2026-06-06,North Region,Pro Plan,2,81.95,partner,C00533
3756,2026-06-06,North Region,Add-on Pack,1,64.93,partner,C00378
3757,2026-06-06,North Region,Add-on Pack,2,84.93,mobile,C00196
3758,2026-06-06,North Region,Standard Plan,1,76.58,mobile,C00094
3759,2026-06-06,North Region,Pro Plan,1,86.67,web,C00800
3760,2026-06-06,North Region,Standard Plan,1,66.71,web,C00544
3761,2026-06-06,North Region,Pro Plan,1,70.93,web,C01413
3762,2026-06-06,North Region,Pro Plan,1,64.16,mobile,C00044
3763,2026-06-06,North Region,Standard Plan,1,84.31,partner,C00417
3764,2026-06-06,North Region,Standard Plan,1,77.6,mobile,C00462
3765,2026-06-06,North Region,Standard Plan,1,81.61,partner,C02743
3766,2026-06-06,North Region,Pro Plan,2,64.8,partner,C02349
3767,2026-06-06,North Region,Pro Plan,1,71.43,web,C01833
3768,2026-06-06,North Region,Standard Plan,1,85.45,mobile,C01084
3769,2026-06-06,North Region,Add-on Pack,1,62.54,partner,C01324
3770,2026-06-06,North Region,Standard Plan,2,65.03,mobile,C02091
3771,2026-06-06,North Region,Standard Plan,1,87.67,mobile,C01129
3772,2026-06-06,North Region,Pro Plan,1,88.26,mobile,C00840
3773,2026-06-06,North Region,Add-on Pack,1,68.0,mobile,C01927
3774,2026-06-06,North Region,Add-on Pack,1,64.15,mobile,C02047
3775,2026-06-06,North Region,Add-on Pack,1,75.16,web,C00058
3776,2026-06-06,North Region,Standard Plan,2,78.58,partner,C02197
3777,2026-06-06,North Region,Standard Plan,1,63.98,mobile,C02128
3778,2026-06-07,North Region,Standard Plan,1,76.77,partner,C02013
3779,2026-06-07,North Region,Add-on Pack,2,79.88,web,C01745
3780,2026-06-07,North Region,Standard Plan,1,84.99,web,C02111
3781,2026-06-07,North Region,Standard Plan,1,75.98,mobile,C00120
3782,2026-06-07,North Region,Pro Plan,2,67.43,partner,C00094
3783,2026-06-07,North Region,Pro Plan,2,82.57,mobile,C02789
3784,2026-06-07,North Region,Standard Plan,1,73.54,mobile,C02034
3785,2026-06-07,North Region,Standard Plan,1,85.69,web,C01496
3786,2026-06-07,North Region,Standard Plan,1,71.43,web,C02699
3787,2026-06-07,North Region,Standard Plan,1,66.11,mobile,C02761
3788,2026-06-07,North Region,Standard Plan,2,63.54,partner,C02702
3789,2026-06-07,North Region,Pro Plan,1,61.6,partner,C01833
3790,2026-06-07,North Region,Standard Plan,2,79.88,partner,C00616
3791,2026-06-07,North Region,Add-on Pack,1,63.18,web,C02338
3792,2026-06-07,North Region,Standard Plan,2,70.11,mobile,C02434
3793,2026-06-07,North Region,Standard Plan,1,76.36,web,C01762
3794,2026-06-07,North Region,Add-on Pack,1,77.76,partner,C00067
3795,2026-06-07,North Region,Standard Plan,1,64.65,mobile,C00139
3796,2026-06-07,North Region,Add-on Pack,1,80.02,partner,C02222
3797,2026-06-07,North Region,Pro Plan,1,87.72,partner,C01196
3798,2026-06-07,North Region,Add-on Pack,1,64.74,partner,C02498
3799,2026-06-07,North Region,Add-on Pack,1,76.26,partner,C00345
3800,2026-06-07,North Region,Pro Plan,2,70.63,web,C02848
3801,2026-06-07,North Region,Add-on Pack,1,73.21,web,C00964
3802,2026-06-07,North Region,Add-on Pack,2,72.12,mobile,C00803
3803,2026-06-07,North Region,Add-on Pack,1,82.12,web,C02522
3804,2026-06-07,North Region,Pro Plan,1,68.68,partner,C00261
3805,2026-06-07,North Region,Add-on Pack,2,78.28,mobile,C02501
3806,2026-06-07,North Region,Add-on Pack,1,74.6,partner,C02354
3807,2026-06-07,North Region,Pro Plan,1,74.96,web,C01312
3808,2026-06-07,North Region,Add-on Pack,2,76.89,partner,C00157
3809,2026-06-07,North Region,Add-on Pack,1,75.67,mobile,C02636
3810,2026-06-07,North Region,Standard Plan,1,79.76,mobile,C00213
3811,2026-06-07,North Region,Add-on Pack,1,68.53,partner,C01477
3812,2026-06-07,North Region,Pro Plan,1,71.56,partner,C01871
3813,2026-06-07,North Region,Add-on Pack,1,62.24,web,C01146
3814,2026-06-07,North Region,Add-on Pack,1,65.98,mobile,C01100
3815,2026-06-07,North Region,Pro Plan,2,66.17,mobile,C02432
3816,2026-06-07,North Region,Pro Plan,1,66.53,partner,C01205
3817,2026-06-07,North Region,Standard Plan,1,78.56,partner,C02182
3818,2026-06-07,North Region,Add-on Pack,1,76.87,mobile,C00911
3819,2026-06-07,North Region,Standard Plan,1,76.06,mobile,C01659
3820,2026-06-07,North Region,Standard Plan,1,68.29,web,C02184
3821,2026-06-08,North Region,Add-on Pack,2,88.11,web,C01407
3822,2026-06-08,North Region,Pro Plan,1,65.76,mobile,C02414
3823,2026-06-08,North Region,Standard Plan,1,84.82,mobile,C02170
3824,2026-06-08,North Region,Add-on Pack,1,82.46,web,C00916
3825,2026-06-08,North Region,Add-on Pack,2,64.09,mobile,C01499
3826,2026-06-08,North Region,Standard Plan,2,87.08,partner,C01077
3827,2026-06-08,North Region,Pro Plan,1,87.03,web,C02499
3828,2026-06-08,North Region,Pro Plan,1,81.76,mobile,C00919
3829,2026-06-08,North Region,Standard Plan,1,66.48,partner,C02099
3830,2026-06-08,North Region,Add-on Pack,1,63.23,mobile,C02454
3831,2026-06-08,North Region,Pro Plan,1,65.68,partner,C02887
3832,2026-06-08,North Region,Pro Plan,1,77.03,web,C00353
3833,2026-06-08,North Region,Pro Plan,1,66.92,web,C01333
3834,2026-06-08,North Region,Pro Plan,1,73.54,mobile,C00829
3835,2026-06-08,North Region,Standard Plan,1,67.09,mobile,C02537
3836,2026-06-08,North Region,Standard Plan,2,83.44,partner,C02149
3837,2026-06-08,North Region,Standard Plan,2,67.68,mobile,C01300
3838,2026-06-08,North Region,Standard Plan,1,61.64,web,C02856
3839,2026-06-08,North Region,Add-on Pack,1,83.02,web,C00145
3840,2026-06-08,North Region,Pro Plan,2,66.02,partner,C02168
3841,2026-06-08,North Region,Standard Plan,2,80.13,partner,C00247
3842,2026-06-08,North Region,Add-on Pack,1,81.12,mobile,C00028
3843,2026-06-08,North Region,Pro Plan,1,71.02,partner,C02158
3844,2026-06-08,North Region,Add-on Pack,1,84.5,mobile,C00667
3845,2026-06-08,North Region,Standard Plan,2,86.64,mobile,C00240
3846,2026-06-08,North Region,Pro Plan,2,84.7,mobile,C02208
3847,2026-06-08,North Region,Pro Plan,1,68.8,web,C02019
3848,2026-06-08,North Region,Add-on Pack,1,70.39,partner,C02742
3849,2026-06-08,North Region,Pro Plan,1,75.92,partner,C02410
3850,2026-06-08,North Region,Pro Plan,1,87.44,partner,C02514
3851,2026-06-08,North Region,Pro Plan,1,66.04,mobile,C02517
3852,2026-06-08,North Region,Standard Plan,2,87.52,mobile,C00105
3853,2026-06-08,North Region,Standard Plan,1,86.57,web,C00176
3854,2026-06-08,North Region,Standard Plan,1,83.0,partner,C00941
3855,2026-06-08,North Region,Add-on Pack,1,78.81,web,C00969
3856,2026-06-08,North Region,Standard Plan,1,78.68,mobile,C01300
3857,2026-06-08,North Region,Standard Plan,1,66.87,mobile,C01969
3858,2026-06-08,North Region,Standard Plan,2,75.39,partner,C00747
3859,2026-06-08,North Region,Add-on Pack,1,63.93,mobile,C02130
3860,2026-06-08,North Region,Add-on Pack,2,77.98,partner,C02540
3861,2026-06-08,North Region,Add-on Pack,2,74.55,partner,C00910
3862,2026-06-08,North Region,Pro Plan,2,73.41,partner,C01199
3863,2026-06-09,North Region,Standard Plan,1,81.52,mobile,C02111
3864,2026-06-09,North Region,Add-on Pack,1,80.34,mobile,C00857
3865,2026-06-09,North Region,Standard Plan,1,75.5,partner,C02226
3866,2026-06-09,North Region,Standard Plan,1,81.25,web,C00518
3867,2026-06-09,North Region,Standard Plan,1,77.7,partner,C01249
3868,2026-06-09,North Region,Add-on Pack,2,63.72,partner,C00034
3869,2026-06-09,North Region,Standard Plan,2,75.33,mobile,C02006
3870,2026-06-09,North Region,Standard Plan,2,66.75,mobile,C00100
3871,2026-06-09,North Region,Add-on Pack,2,65.69,mobile,C02125
3872,2026-06-09,North Region,Add-on Pack,2,63.57,web,C00741
3873,2026-06-09,North Region,Pro Plan,1,74.26,mobile,C01488
3874,2026-06-09,North Region,Add-on Pack,2,78.27,web,C01553
3875,2026-06-09,North Region,Standard Plan,1,84.67,mobile,C00584
3876,2026-06-09,North Region,Add-on Pack,2,63.65,mobile,C02694
3877,2026-06-09,North Region,Add-on Pack,1,67.76,mobile,C00218
3878,2026-06-09,North Region,Add-on Pack,2,84.84,web,C02644
3879,2026-06-09,North Region,Pro Plan,2,65.97,partner,C00881
3880,2026-06-09,North Region,Standard Plan,1,73.25,partner,C02685
3881,2026-06-09,North Region,Add-on Pack,1,87.49,mobile,C00745
3882,2026-06-09,North Region,Standard Plan,1,65.42,partner,C01688
3883,2026-06-09,North Region,Standard Plan,2,87.19,mobile,C02693
3884,2026-06-09,North Region,Add-on Pack,1,63.25,web,C02266
3885,2026-06-09,North Region,Add-on Pack,1,65.11,mobile,C02676
3886,2026-06-09,North Region,Pro Plan,1,80.31,partner,C02213
3887,2026-06-09,North Region,Standard Plan,1,69.91,mobile,C01712
3888,2026-06-09,North Region,Standard Plan,2,74.5,partner,C02020
3889,2026-06-09,North Region,Standard Plan,2,65.59,mobile,C01013
3890,2026-06-09,North Region,Standard Plan,1,76.73,mobile,C02366
3891,2026-06-09,North Region,Pro Plan,1,77.82,web,C01831
3892,2026-06-09,North Region,Add-on Pack,2,83.64,web,C00766
3893,2026-06-09,North Region,Add-on Pack,1,65.94,web,C00228
3894,2026-06-09,North Region,Pro Plan,2,67.9,partner,C02039
3895,2026-06-09,North Region,Add-on Pack,2,64.26,partner,C01339
3896,2026-06-09,North Region,Standard Plan,1,76.96,web,C00612
3897,2026-06-09,North Region,Standard Plan,1,83.3,web,C01493
3898,2026-06-09,North Region,Pro Plan,1,81.03,partner,C00772
3899,2026-06-09,North Region,Standard Plan,1,62.22,mobile,C02271
3900,2026-06-09,North Region,Pro Plan,2,77.7,partner,C02063
3901,2026-06-09,North Region,Add-on Pack,2,84.69,mobile,C02801
3902,2026-06-09,North Region,Standard Plan,1,80.06,partner,C02107
3903,2026-06-09,North Region,Pro Plan,2,66.22,web,C00166
3904,2026-06-09,North Region,Standard Plan,1,61.67,web,C01589
3905,2026-06-09,North Region,Add-on Pack,1,63.43,web,C01886
3906,2026-06-10,North Region,Pro Plan,1,83.92,web,C02982
3907,2026-06-10,North Region,Add-on Pack,1,85.64,web,C00612
3908,2026-06-10,North Region,Add-on Pack,1,76.9,partner,C00099
3909,2026-06-10,North Region,Standard Plan,2,69.44,mobile,C02678
3910,2026-06-10,North Region,Add-on Pack,1,75.11,partner,C00805
3911,2026-06-10,North Region,Standard Plan,2,76.88,web,C00862
3912,2026-06-10,North Region,Add-on Pack,1,77.34,partner,C00472
3913,2026-06-10,North Region,Standard Plan,1,72.02,partner,C00622
3914,2026-06-10,North Region,Standard Plan,1,66.84,partner,C02869
3915,2026-06-10,North Region,Pro Plan,1,72.36,web,C00472
3916,2026-06-10,North Region,Add-on Pack,1,82.18,web,C00462
3917,2026-06-10,North Region,Pro Plan,1,72.15,web,C00172
3918,2026-06-10,North Region,Standard Plan,1,78.0,mobile,C00558
3919,2026-06-10,North Region,Add-on Pack,2,70.53,web,C00811
3920,2026-06-10,North Region,Add-on Pack,1,81.51,web,C01203
3921,2026-06-10,North Region,Add-on Pack,2,66.43,mobile,C00854
3922,2026-06-10,North Region,Add-on Pack,1,61.56,mobile,C02665
3923,2026-06-10,North Region,Add-on Pack,1,83.27,web,C01156
3924,2026-06-10,North Region,Standard Plan,1,63.93,web,C02288
3925,2026-06-10,North Region,Add-on Pack,1,71.94,mobile,C00036
3926,2026-06-10,North Region,Add-on Pack,1,79.29,web,C02443
3927,2026-06-10,North Region,Pro Plan,1,71.42,partner,C00794
3928,2026-06-10,North Region,Add-on Pack,1,84.23,partner,C01559
3929,2026-06-10,North Region,Standard Plan,1,83.24,web,C02932
3930,2026-06-10,North Region,Add-on Pack,1,76.67,web,C02845
3931,2026-06-10,North Region,Add-on Pack,1,74.71,web,C00938
3932,2026-06-10,North Region,Pro Plan,1,64.43,web,C01737
3933,2026-06-10,North Region,Pro Plan,1,76.15,mobile,C01258
3934,2026-06-10,North Region,Standard Plan,1,66.97,mobile,C00307
3935,2026-06-10,North Region,Add-on Pack,1,82.38,web,C01974
3936,2026-06-10,North Region,Standard Plan,1,72.69,partner,C00664
3937,2026-06-10,North Region,Pro Plan,2,67.48,mobile,C00248
3938,2026-06-10,North Region,Standard Plan,1,77.49,mobile,C02945
3939,2026-06-10,North Region,Add-on Pack,2,87.42,mobile,C02420
3940,2026-06-10,North Region,Standard Plan,1,72.42,web,C01153
3941,2026-06-10,North Region,Add-on Pack,1,78.88,mobile,C01309
3942,2026-06-10,North Region,Pro Plan,1,87.12,partner,C02588
3943,2026-06-10,North Region,Add-on Pack,1,61.41,web,C01023
3944,2026-06-10,North Region,Standard Plan,1,64.59,mobile,C02034
3945,2026-06-10,North Region,Add-on Pack,2,86.07,mobile,C01734
3946,2026-06-11,North Region,Add-on Pack,2,62.96,partner,C02774
3947,2026-06-11,North Region,Pro Plan,2,71.32,web,C01009
3948,2026-06-11,North Region,Pro Plan,1,74.24,web,C01029
3949,2026-06-11,North Region,Pro Plan,1,73.01,web,C02274
3950,2026-06-11,North Region,Standard Plan,1,82.12,web,C00849
3951,2026-06-11,North Region,Standard Plan,2,83.13,partner,C00942
3952,2026-06-11,North Region,Standard Plan,1,73.42,web,C02003
3953,2026-06-11,North Region,Standard Plan,1,72.73,partner,C00054
3954,2026-06-11,North Region,Add-on Pack,1,63.85,mobile,C00440
3955,2026-06-11,North Region,Standard Plan,1,77.32,mobile,C02885
3956,2026-06-11,North Region,Standard Plan,1,73.81,partner,C00174
3957,2026-06-11,North Region,Pro Plan,1,73.52,web,C01893
3958,2026-06-11,North Region,Add-on Pack,1,67.43,web,C01179
3959,2026-06-11,North Region,Pro Plan,1,87.58,mobile,C01230
3960,2026-06-11,North Region,Standard Plan,1,82.99,web,C02884
3961,2026-06-11,North Region,Standard Plan,2,61.87,web,C01430
3962,2026-06-11,North Region,Add-on Pack,1,84.58,mobile,C01745
3963,2026-06-11,North Region,Add-on Pack,1,72.88,mobile,C00122
3964,2026-06-11,North Region,Standard Plan,1,64.48,mobile,C00815
3965,2026-06-11,North Region,Add-on Pack,1,83.06,partner,C01649
3966,2026-06-11,North Region,Standard Plan,2,83.57,mobile,C01792
3967,2026-06-11,North Region,Pro Plan,1,73.08,web,C01447
3968,2026-06-11,North Region,Add-on Pack,1,62.94,web,C02866
3969,2026-06-11,North Region,Pro Plan,1,61.72,mobile,C01651
3970,2026-06-11,North Region,Pro Plan,1,72.78,mobile,C02568
3971,2026-06-11,North Region,Add-on Pack,1,61.88,web,C00208
3972,2026-06-11,North Region,Pro Plan,2,77.21,web,C01034
3973,2026-06-11,North Region,Standard Plan,1,61.73,partner,C00967
3974,2026-06-11,North Region,Add-on Pack,1,82.1,partner,C02306
3975,2026-06-11,North Region,Add-on Pack,1,84.54,partner,C00013
3976,2026-06-11,North Region,Pro Plan,1,67.98,mobile,C00706
3977,2026-06-11,North Region,Standard Plan,1,68.15,partner,C01220
3978,2026-06-11,North Region,Add-on Pack,2,83.78,mobile,C02483
3979,2026-06-11,North Region,Add-on Pack,1,88.12,partner,C00267
3980,2026-06-11,North Region,Standard Plan,2,73.8,partner,C00493
3981,2026-06-11,North Region,Pro Plan,1,71.6,web,C01683
3982,2026-06-11,North Region,Pro Plan,1,87.19,web,C01987
3983,2026-06-11,North Region,Pro Plan,2,87.11,mobile,C02339
3984,2026-06-11,North Region,Pro Plan,1,67.95,mobile,C01790
3985,2026-06-11,North Region,Standard Plan,1,66.94,partner,C02329
3986,2026-06-11,North Region,Standard Plan,2,88.28,web,C00275
3987,2026-06-11,North Region,Add-on Pack,1,83.57,web,C01765
3988,2026-06-12,North Region,Standard Plan,1,67.03,partner,C01888
3989,2026-06-12,North Region,Add-on Pack,1,84.16,web,C01683
3990,2026-06-12,North Region,Standard Plan,1,84.08,partner,C02706
3991,2026-06-12,North Region,Add-on Pack,1,68.26,web,C01513
3992,2026-06-12,North Region,Add-on Pack,2,80.29,web,C00459
3993,2026-06-12,North Region,Standard Plan,1,87.75,partner,C02202
3994,2026-06-12,North Region,Add-on Pack,1,78.23,partner,C02082
3995,2026-06-12,North Region,Standard Plan,1,83.38,partner,C01635
3996,2026-06-12,North Region,Pro Plan,1,69.47,web,C00493
3997,2026-06-12,North Region,Pro Plan,1,86.95,partner,C02102
3998,2026-06-12,North Region,Add-on Pack,2,86.42,partner,C01532
3999,2026-06-12,North Region,Pro Plan,1,86.56,web,C00106
4000,2026-06-12,North Region,Pro Plan,2,75.89,mobile,C01312
4001,2026-06-12,North Region,Pro Plan,1,79.33,web,C01558
4002,2026-06-12,North Region,Add-on Pack,2,63.52,web,C02655
4003,2026-06-12,North Region,Add-on Pack,1,63.49,partner,C02047
4004,2026-06-12,North Region,Add-on Pack,1,83.43,web,C02458
4005,2026-06-12,North Region,Add-on Pack,1,72.72,mobile,C02975
4006,2026-06-12,North Region,Pro Plan,2,76.94,partner,C02603
4007,2026-06-12,North Region,Standard Plan,1,68.47,web,C02923
4008,2026-06-12,North Region,Standard Plan,1,68.24,partner,C01735
4009,2026-06-12,North Region,Standard Plan,1,70.85,mobile,C02261
4010,2026-06-12,North Region,Add-on Pack,2,67.95,mobile,C02762
4011,2026-06-12,North Region,Add-on Pack,1,76.25,mobile,C02961
4012,2026-06-12,North Region,Pro Plan,2,70.83,partner,C02698
4013,2026-06-12,North Region,Add-on Pack,1,78.64,mobile,C02622
4014,2026-06-12,North Region,Standard Plan,2,85.27,partner,C02621
4015,2026-06-12,North Region,Pro Plan,2,83.91,mobile,C02240
4016,2026-06-12,North Region,Standard Plan,2,80.79,web,C01089
4017,2026-06-12,North Region,Pro Plan,1,75.12,web,C01819
4018,2026-06-12,North Region,Standard Plan,1,65.36,web,C01581
4019,2026-06-12,North Region,Standard Plan,1,65.55,partner,C00996
4020,2026-06-12,North Region,Add-on Pack,1,72.26,web,C02059
4021,2026-06-12,North Region,Add-on Pack,1,87.32,mobile,C02190
4022,2026-06-12,North Region,Pro Plan,1,75.69,partner,C00169
4023,2026-06-12,North Region,Pro Plan,1,64.94,mobile,C01965
4024,2026-06-12,North Region,Standard Plan,2,88.14,partner,C02359
4025,2026-06-12,North Region,Standard Plan,1,72.76,web,C01229
4026,2026-06-12,North Region,Standard Plan,1,67.03,partner,C02969
4027,2026-06-12,North Region,Standard Plan,1,70.93,web,C02928
4028,2026-06-12,North Region,Pro Plan,1,64.14,mobile,C02948
4029,2026-06-13,North Region,Standard Plan,1,70.5,web,C01043
4030,2026-06-13,North Region,Pro Plan,1,76.33,mobile,C01362
4031,2026-06-13,North Region,Add-on Pack,1,61.8,mobile,C01141
4032,2026-06-13,North Region,Pro Plan,1,74.68,web,C02525
4033,2026-06-13,North Region,Standard Plan,1,72.87,web,C02855
4034,2026-06-13,North Region,Pro Plan,2,68.64,mobile,C00259
4035,2026-06-13,North Region,Pro Plan,2,81.75,partner,C00268
4036,2026-06-13,North Region,Add-on Pack,1,64.65,partner,C02205
4037,2026-06-13,North Region,Add-on Pack,1,81.68,partner,C02217
4038,2026-06-13,North Region,Add-on Pack,2,61.28,mobile,C02258
4039,2026-06-13,North Region,Standard Plan,1,63.84,mobile,C01110
4040,2026-06-13,North Region,Pro Plan,1,75.26,web,C01338
4041,2026-06-13,North Region,Add-on Pack,2,66.22,partner,C01543
4042,2026-06-13,North Region,Pro Plan,1,76.05,partner,C02383
4043,2026-06-13,North Region,Pro Plan,2,80.14,mobile,C02076
4044,2026-06-13,North Region,Pro Plan,1,76.63,mobile,C01394
4045,2026-06-13,North Region,Add-on Pack,1,68.31,partner,C00202
4046,2026-06-13,North Region,Standard Plan,1,64.58,partner,C02454
4047,2026-06-13,North Region,Add-on Pack,2,66.11,mobile,C01010
4048,2026-06-13,North Region,Add-on Pack,1,86.46,mobile,C00465
4049,2026-06-13,North Region,Standard Plan,2,74.11,partner,C02983
4050,2026-06-13,North Region,Standard Plan,2,67.38,web,C01726
4051,2026-06-13,North Region,Pro Plan,1,67.96,web,C02109
4052,2026-06-13,North Region,Add-on Pack,1,68.27,partner,C00229
4053,2026-06-13,North Region,Pro Plan,1,74.41,web,C02434
4054,2026-06-13,North Region,Add-on Pack,1,78.92,web,C01224
4055,2026-06-13,North Region,Add-on Pack,1,87.62,web,C00193
4056,2026-06-13,North Region,Pro Plan,2,86.24,partner,C01123
4057,2026-06-13,North Region,Add-on Pack,2,84.63,mobile,C02038
4058,2026-06-13,North Region,Pro Plan,2,62.56,mobile,C00663
4059,2026-06-13,North Region,Standard Plan,1,83.51,mobile,C01736
4060,2026-06-13,North Region,Pro Plan,2,74.53,mobile,C02202
4061,2026-06-13,North Region,Standard Plan,1,76.74,mobile,C00905
4062,2026-06-13,North Region,Standard Plan,1,82.45,mobile,C00536
4063,2026-06-13,North Region,Standard Plan,1,84.51,mobile,C01657
4064,2026-06-13,North Region,Pro Plan,1,82.51,mobile,C01379
4065,2026-06-13,North Region,Add-on Pack,1,69.07,mobile,C02592
4066,2026-06-13,North Region,Pro Plan,1,77.62,web,C00220
4067,2026-06-13,North Region,Standard Plan,2,80.1,web,C00765
4068,2026-06-13,North Region,Standard Plan,1,65.96,web,C01852
4069,2026-06-13,North Region,Pro Plan,2,87.43,partner,C02690
4070,2026-06-13,North Region,Pro Plan,1,69.65,mobile,C02512
4071,2026-06-13,North Region,Standard Plan,1,71.81,web,C00725
4072,2026-06-14,North Region,Add-on Pack,1,87.95,mobile,C02062
4073,2026-06-14,North Region,Pro Plan,2,75.71,web,C00026
4074,2026-06-14,North Region,Add-on Pack,2,61.61,partner,C02115
4075,2026-06-14,North Region,Pro Plan,2,74.29,partner,C00524
4076,2026-06-14,North Region,Standard Plan,1,84.99,partner,C02440
4077,2026-06-14,North Region,Pro Plan,1,73.28,mobile,C01828
4078,2026-06-14,North Region,Standard Plan,2,88.24,mobile,C00673
4079,2026-06-14,North Region,Add-on Pack,1,83.29,web,C02992
4080,2026-06-14,North Region,Standard Plan,1,86.21,web,C02166
4081,2026-06-14,North Region,Pro Plan,2,67.42,mobile,C00934
4082,2026-06-14,North Region,Pro Plan,2,70.6,partner,C00197
4083,2026-06-14,North Region,Pro Plan,1,76.27,mobile,C01085
4084,2026-06-14,North Region,Add-on Pack,1,65.96,web,C02752
4085,2026-06-14,North Region,Add-on Pack,1,80.1,partner,C01329
4086,2026-06-14,North Region,Pro Plan,1,71.05,web,C00129
4087,2026-06-14,North Region,Add-on Pack,1,86.89,mobile,C02674
4088,2026-06-14,North Region,Pro Plan,2,68.96,mobile,C00597
4089,2026-06-14,North Region,Standard Plan,1,84.2,web,C00574
4090,2026-06-14,North Region,Standard Plan,2,65.39,mobile,C02201
4091,2026-06-14,North Region,Add-on Pack,2,82.02,partner,C02543
4092,2026-06-14,North Region,Add-on Pack,1,83.38,mobile,C01796
4093,2026-06-14,North Region,Pro Plan,1,81.99,partner,C01203
4094,2026-06-14,North Region,Add-on Pack,1,78.65,mobile,C00696
4095,2026-06-14,North Region,Standard Plan,2,66.41,partner,C00696
4096,2026-06-14,North Region,Standard Plan,1,85.62,partner,C00052
4097,2026-06-14,North Region,Add-on Pack,1,75.97,partner,C01586
4098,2026-06-14,North Region,Standard Plan,1,83.69,mobile,C02928
4099,2026-06-14,North Region,Add-on Pack,2,66.49,partner,C00941
4100,2026-06-14,North Region,Pro Plan,1,80.76,mobile,C02557
4101,2026-06-14,North Region,Standard Plan,1,70.2,mobile,C00049
4102,2026-06-14,North Region,Standard Plan,1,84.53,partner,C00284
4103,2026-06-14,North Region,Add-on Pack,2,84.93,mobile,C02070
4104,2026-06-14,North Region,Pro Plan,1,75.19,mobile,C01415
4105,2026-06-14,North Region,Standard Plan,1,68.78,partner,C01473
4106,2026-06-14,North Region,Pro Plan,1,68.32,partner,C00862
4107,2026-06-14,North Region,Add-on Pack,1,85.11,mobile,C02469
4108,2026-06-14,North Region,Add-on Pack,1,67.11,web,C02629
4109,2026-06-14,North Region,Add-on Pack,1,78.9,web,C02637
4110,2026-06-14,North Region,Add-on Pack,2,64.55,partner,C02100
4111,2026-06-14,North Region,Add-on Pack,2,68.15,partner,C02327
4112,2026-06-14,North Region,Add-on Pack,1,72.78,partner,C02453
4113,2026-06-14,North Region,Standard Plan,1,69.53,mobile,C02371
4114,2026-06-15,North Region,Pro Plan,2,64.05,partner,C00564
4115,2026-06-15,North Region,Pro Plan,1,71.45,web,C02986
4116,2026-06-15,North Region,Add-on Pack,2,75.9,partner,C01035
4117,2026-06-15,North Region,Standard Plan,1,68.48,partner,C02658
4118,2026-06-15,North Region,Standard Plan,1,77.31,partner,C00965
4119,2026-06-15,North Region,Standard Plan,1,76.65,web,C00462
4120,2026-06-15,North Region,Add-on Pack,2,79.14,web,C01606
4121,2026-06-15,North Region,Standard Plan,1,86.87,web,C02118
4122,2026-06-15,North Region,Add-on Pack,1,86.34,web,C00597
4123,2026-06-15,North Region,Standard Plan,1,62.42,web,C00759
4124,2026-06-15,North Region,Standard Plan,1,65.98,web,C00259
4125,2026-06-15,North Region,Add-on Pack,2,75.4,mobile,C01555
4126,2026-06-15,North Region,Standard Plan,1,62.43,partner,C02587
4127,2026-06-15,North Region,Add-on Pack,2,79.46,partner,C01583
4128,2026-06-15,North Region,Standard Plan,1,61.5,mobile,C00776
4129,2026-06-15,North Region,Pro Plan,1,71.64,mobile,C00253
4130,2026-06-15,North Region,Add-on Pack,1,67.6,mobile,C02662
4131,2026-06-15,North Region,Standard Plan,1,78.64,partner,C02091
4132,2026-06-15,North Region,Standard Plan,1,82.58,mobile,C02255
4133,2026-06-15,North Region,Add-on Pack,1,64.96,mobile,C01674
4134,2026-06-15,North Region,Add-on Pack,1,69.81,web,C00015
4135,2026-06-15,North Region,Standard Plan,1,81.15,mobile,C01656
4136,2026-06-15,North Region,Standard Plan,1,61.3,mobile,C02410
4137,2026-06-15,North Region,Pro Plan,1,73.1,mobile,C00081
4138,2026-06-15,North Region,Add-on Pack,2,62.45,partner,C01598
4139,2026-06-15,North Region,Pro Plan,1,68.51,web,C02652
4140,2026-06-15,North Region,Pro Plan,1,86.12,web,C02904
4141,2026-06-15,North Region,Standard Plan,1,80.35,mobile,C00007
4142,2026-06-15,North Region,Pro Plan,1,75.93,mobile,C02516
4143,2026-06-15,North Region,Add-on Pack,2,68.51,web,C02142
4144,2026-06-15,North Region,Add-on Pack,1,61.61,mobile,C01720
4145,2026-06-15,North Region,Add-on Pack,1,66.7,mobile,C02189
4146,2026-06-15,North Region,Add-on Pack,2,76.64,web,C01591
4147,2026-06-15,North Region,Add-on Pack,1,73.69,partner,C00959
4148,2026-06-15,North Region,Add-on Pack,1,72.99,mobile,C02168
4149,2026-06-15,North Region,Add-on Pack,2,79.16,partner,C00298
4150,2026-06-15,North Region,Pro Plan,2,62.03,web,C01487
4151,2026-06-15,North Region,Pro Plan,2,84.15,mobile,C00096
4152,2026-06-15,North Region,Add-on Pack,1,77.38,web,C00357
4153,2026-06-15,North Region,Standard Plan,1,72.94,mobile,C02585
4154,2026-06-15,North Region,Add-on Pack,1,76.9,mobile,C00061
4155,2026-06-16,North Region,Standard Plan,1,76.25,partner,C01510
4156,2026-06-16,North Region,Standard Plan,2,86.79,mobile,C01375
4157,2026-06-16,North Region,Add-on Pack,1,69.75,mobile,C01994
4158,2026-06-16,North Region,Pro Plan,1,69.11,partner,C00566
4159,2026-06-16,North Region,Pro Plan,1,69.27,web,C00396
4160,2026-06-16,North Region,Add-on Pack,1,79.5,mobile,C00377
4161,2026-06-16,North Region,Add-on Pack,2,80.59,web,C01785
4162,2026-06-16,North Region,Pro Plan,1,66.02,partner,C01956
4163,2026-06-16,North Region,Pro Plan,1,75.13,mobile,C00219
4164,2026-06-16,North Region,Add-on Pack,1,85.18,partner,C02996
4165,2026-06-16,North Region,Pro Plan,1,68.45,web,C02268
4166,2026-06-16,North Region,Pro Plan,1,79.72,mobile,C00186
4167,2026-06-16,North Region,Pro Plan,1,73.04,web,C02368
4168,2026-06-16,North Region,Standard Plan,1,64.64,mobile,C00001
4169,2026-06-16,North Region,Add-on Pack,1,76.83,web,C02590
4170,2026-06-16,North Region,Pro Plan,1,67.17,mobile,C01127
4171,2026-06-16,North Region,Standard Plan,1,73.69,web,C01141
4172,2026-06-16,North Region,Pro Plan,1,88.18,partner,C02503
4173,2026-06-16,North Region,Pro Plan,1,85.34,web,C00240
4174,2026-06-16,North Region,Standard Plan,1,74.4,web,C02822
4175,2026-06-16,North Region,Pro Plan,1,80.7,web,C00559
4176,2026-06-16,North Region,Pro Plan,1,63.17,web,C01973
4177,2026-06-16,North Region,Standard Plan,1,62.8,partner,C02628
4178,2026-06-16,North Region,Add-on Pack,1,81.68,web,C00476
4179,2026-06-16,North Region,Add-on Pack,1,71.31,partner,C00730
4180,2026-06-16,North Region,Pro Plan,1,85.3,partner,C00353
4181,2026-06-16,North Region,Pro Plan,1,66.26,partner,C00179
4182,2026-06-16,North Region,Add-on Pack,2,71.07,web,C02333
4183,2026-06-16,North Region,Standard Plan,1,66.63,mobile,C00291
4184,2026-06-16,North Region,Pro Plan,1,77.35,web,C01982
4185,2026-06-16,North Region,Pro Plan,1,85.84,partner,C02352
4186,2026-06-16,North Region,Pro Plan,1,76.48,partner,C01201
4187,2026-06-16,North Region,Standard Plan,1,83.25,partner,C02138
4188,2026-06-16,North Region,Pro Plan,1,72.44,mobile,C01412
4189,2026-06-16,North Region,Standard Plan,1,77.39,mobile,C00474
4190,2026-06-16,North Region,Pro Plan,1,83.95,partner,C02954
4191,2026-06-16,North Region,Add-on Pack,2,86.38,web,C01274
4192,2026-06-16,North Region,Add-on Pack,1,63.45,web,C01057
4193,2026-06-16,North Region,Pro Plan,1,62.43,partner,C02720
4194,2026-06-16,North Region,Add-on Pack,1,72.17,web,C01919
4195,2026-06-16,North Region,Pro Plan,1,67.0,mobile,C01049
4196,2026-06-16,North Region,Add-on Pack,1,81.98,mobile,C00621
4197,2026-06-17,North Region,Add-on Pack,1,62.84,partner,C01784
4198,2026-06-17,North Region,Standard Plan,2,81.47,web,C02410
4199,2026-06-17,North Region,Add-on Pack,1,67.16,mobile,C02220
4200,2026-06-17,North Region,Add-on Pack,1,66.51,web,C01303
4201,2026-06-17,North Region,Standard Plan,1,71.61,mobile,C00565
4202,2026-06-17,North Region,Add-on Pack,1,62.49,web,C01825
4203,2026-06-17,North Region,Pro Plan,1,86.41,mobile,C01475
4204,2026-06-17,North Region,Pro Plan,1,78.06,web,C01492
4205,2026-06-17,North Region,Pro Plan,1,65.54,partner,C00040
4206,2026-06-17,North Region,Add-on Pack,1,62.13,mobile,C00439
4207,2026-06-17,North Region,Standard Plan,1,74.62,partner,C00113
4208,2026-06-17,North Region,Add-on Pack,1,88.13,web,C00409
4209,2026-06-17,North Region,Standard Plan,2,88.31,partner,C01589
4210,2026-06-17,North Region,Standard Plan,1,77.55,web,C01346
4211,2026-06-17,North Region,Pro Plan,2,80.35,partner,C01594
4212,2026-06-17,North Region,Standard Plan,1,79.88,web,C02597
4213,2026-06-17,North Region,Standard Plan,1,72.25,web,C01291
4214,2026-06-17,North Region,Pro Plan,1,80.2,partner,C00726
4215,2026-06-17,North Region,Standard Plan,1,85.49,web,C01793
4216,2026-06-17,North Region,Pro Plan,1,82.55,web,C00044
4217,2026-06-17,North Region,Standard Plan,1,84.59,web,C01309
4218,2026-06-17,North Region,Standard Plan,1,70.37,mobile,C02682
4219,2026-06-17,North Region,Add-on Pack,1,79.87,mobile,C02596
4220,2026-06-17,North Region,Add-on Pack,2,70.44,mobile,C00180
4221,2026-06-17,North Region,Pro Plan,2,63.92,partner,C00784
4222,2026-06-17,North Region,Standard Plan,1,73.81,mobile,C02902
4223,2026-06-17,North Region,Add-on Pack,1,77.24,partner,C00115
4224,2026-06-17,North Region,Standard Plan,1,79.33,web,C00040
4225,2026-06-17,North Region,Pro Plan,1,69.03,mobile,C02955
4226,2026-06-17,North Region,Standard Plan,1,66.73,web,C01137
4227,2026-06-17,North Region,Pro Plan,1,64.63,web,C01755
4228,2026-06-17,North Region,Standard Plan,1,74.98,web,C00295
4229,2026-06-17,North Region,Add-on Pack,1,69.36,web,C02679
4230,2026-06-17,North Region,Pro Plan,1,85.15,partner,C01472
4231,2026-06-17,North Region,Pro Plan,1,81.87,mobile,C02810
4232,2026-06-17,North Region,Add-on Pack,1,70.46,mobile,C01589
4233,2026-06-17,North Region,Standard Plan,2,62.1,mobile,C02333
4234,2026-06-17,North Region,Add-on Pack,1,61.55,mobile,C02340
4235,2026-06-17,North Region,Pro Plan,1,86.85,web,C02240
4236,2026-06-17,North Region,Pro Plan,2,80.71,mobile,C00181
4237,2026-06-17,North Region,Add-on Pack,2,85.56,partner,C01094
4238,2026-06-17,North Region,Add-on Pack,1,79.7,partner,C00794
4239,2026-06-17,North Region,Add-on Pack,1,84.27,partner,C02863
4240,2026-06-18,North Region,Standard Plan,2,61.76,mobile,C01878
4241,2026-06-18,North Region,Pro Plan,1,81.84,mobile,C01344
4242,2026-06-18,North Region,Standard Plan,1,67.13,web,C00299
4243,2026-06-18,North Region,Pro Plan,2,66.98,mobile,C01045
4244,2026-06-18,North Region,Standard Plan,1,85.65,mobile,C00434
4245,2026-06-18,North Region,Pro Plan,1,75.81,partner,C00251
4246,2026-06-18,North Region,Add-on Pack,1,66.28,web,C00907
4247,2026-06-18,North Region,Pro Plan,1,70.2,web,C00063
4248,2026-06-18,North Region,Add-on Pack,1,82.62,partner,C01728
4249,2026-06-18,North Region,Add-on Pack,1,62.46,web,C02610
4250,2026-06-18,North Region,Add-on Pack,2,76.32,partner,C01038
4251,2026-06-18,North Region,Standard Plan,1,61.58,web,C01573
4252,2026-06-18,North Region,Pro Plan,1,73.28,partner,C00027
4253,2026-06-18,North Region,Pro Plan,1,85.58,mobile,C01369
4254,2026-06-18,North Region,Add-on Pack,2,76.34,mobile,C02317
4255,2026-06-18,North Region,Standard Plan,2,63.59,mobile,C00687
4256,2026-06-18,North Region,Pro Plan,1,62.46,mobile,C02749
4257,2026-06-18,North Region,Standard Plan,1,82.89,mobile,C01516
4258,2026-06-18,North Region,Pro Plan,1,75.36,mobile,C01893
4259,2026-06-18,North Region,Pro Plan,1,85.41,web,C01823
4260,2026-06-18,North Region,Standard Plan,1,63.67,web,C00925
4261,2026-06-18,North Region,Add-on Pack,1,81.65,web,C00775
4262,2026-06-18,North Region,Pro Plan,1,80.25,web,C02651
4263,2026-06-18,North Region,Add-on Pack,1,80.94,web,C01445
4264,2026-06-18,North Region,Add-on Pack,2,82.57,partner,C00018
4265,2026-06-18,North Region,Add-on Pack,1,71.16,mobile,C00436
4266,2026-06-18,North Region,Standard Plan,1,74.89,partner,C01522
4267,2026-06-18,North Region,Pro Plan,1,76.17,partner,C02411
4268,2026-06-18,North Region,Pro Plan,2,76.68,partner,C01927
4269,2026-06-18,North Region,Standard Plan,1,80.35,mobile,C02278
4270,2026-06-18,North Region,Add-on Pack,1,62.41,mobile,C00969
4271,2026-06-18,North Region,Pro Plan,1,75.75,web,C02243
4272,2026-06-18,North Region,Pro Plan,1,77.76,partner,C02384
4273,2026-06-18,North Region,Pro Plan,1,85.66,mobile,C01274
4274,2026-06-18,North Region,Standard Plan,1,79.08,web,C02959
4275,2026-06-18,North Region,Pro Plan,1,65.62,web,C02258
4276,2026-06-18,North Region,Standard Plan,1,77.93,partner,C00937
4277,2026-06-18,North Region,Standard Plan,1,79.22,web,C01033
4278,2026-06-18,North Region,Standard Plan,2,68.75,mobile,C02683
4279,2026-06-18,North Region,Standard Plan,1,81.09,web,C01727
4280,2026-06-18,North Region,Pro Plan,1,76.9,partner,C00042
4281,2026-06-18,North Region,Add-on Pack,1,64.64,web,C00148
4282,2026-06-19,North Region,Standard Plan,1,68.73,web,C00538
4283,2026-06-19,North Region,Standard Plan,2,80.7,mobile,C00521
4284,2026-06-19,North Region,Add-on Pack,1,85.02,mobile,C02941
4285,2026-06-19,North Region,Standard Plan,1,62.33,partner,C00384
4286,2026-06-19,North Region,Pro Plan,1,70.32,mobile,C01039
4287,2026-06-19,North Region,Pro Plan,1,66.56,mobile,C02930
4288,2026-06-19,North Region,Add-on Pack,2,67.48,mobile,C01883
4289,2026-06-19,North Region,Pro Plan,1,72.02,partner,C02201
4290,2026-06-19,North Region,Standard Plan,1,64.79,partner,C00094
4291,2026-06-19,North Region,Add-on Pack,1,65.6,mobile,C02797
4292,2026-06-19,North Region,Add-on Pack,1,87.81,mobile,C01223
4293,2026-06-19,North Region,Pro Plan,1,84.73,web,C02385
4294,2026-06-19,North Region,Add-on Pack,1,87.2,web,C00120
4295,2026-06-19,North Region,Pro Plan,1,67.94,web,C02540
4296,2026-06-19,North Region,Pro Plan,1,71.86,partner,C00333
4297,2026-06-19,North Region,Standard Plan,2,86.74,mobile,C00058
4298,2026-06-19,North Region,Add-on Pack,2,62.72,partner,C01510
4299,2026-06-19,North Region,Pro Plan,2,84.09,mobile,C00167
4300,2026-06-19,North Region,Pro Plan,2,67.56,web,C00345
4301,2026-06-19,North Region,Add-on Pack,2,75.13,mobile,C01482
4302,2026-06-19,North Region,Standard Plan,1,69.45,mobile,C01231
4303,2026-06-19,North Region,Add-on Pack,2,62.18,mobile,C00805
4304,2026-06-19,North Region,Add-on Pack,1,69.53,partner,C00921
4305,2026-06-19,North Region,Add-on Pack,1,72.54,mobile,C02652
4306,2026-06-19,North Region,Add-on Pack,2,71.45,web,C00531
4307,2026-06-19,North Region,Standard Plan,2,71.68,web,C00363
4308,2026-06-19,North Region,Pro Plan,1,87.55,web,C01684
4309,2026-06-19,North Region,Add-on Pack,1,64.94,partner,C02273
4310,2026-06-19,North Region,Add-on Pack,1,69.92,web,C02782
4311,2026-06-19,North Region,Add-on Pack,1,84.32,partner,C02020
4312,2026-06-19,North Region,Add-on Pack,1,87.05,partner,C02551
4313,2026-06-19,North Region,Pro Plan,1,65.21,partner,C01275
4314,2026-06-19,North Region,Add-on Pack,2,63.5,mobile,C00904
4315,2026-06-19,North Region,Standard Plan,1,76.42,web,C02950
4316,2026-06-19,North Region,Pro Plan,1,86.96,mobile,C02731
4317,2026-06-19,North Region,Standard Plan,1,71.12,web,C01006
4318,2026-06-19,North Region,Pro Plan,1,87.02,partner,C00987
4319,2026-06-19,North Region,Standard Plan,1,63.34,partner,C02167
4320,2026-06-19,North Region,Pro Plan,1,72.23,partner,C01094
4321,2026-06-19,North Region,Pro Plan,2,84.69,partner,C02309
4322,2026-06-19,North Region,Add-on Pack,1,68.5,mobile,C01645
4323,2026-06-20,North Region,Add-on Pack,1,85.54,partner,C02604
4324,2026-06-20,North Region,Pro Plan,1,86.96,web,C01789
4325,2026-06-20,North Region,Pro Plan,1,76.55,mobile,C01584
4326,2026-06-20,North Region,Add-on Pack,2,77.37,web,C01765
4327,2026-06-20,North Region,Standard Plan,1,85.84,web,C00726
4328,2026-06-20,North Region,Pro Plan,1,68.97,partner,C02858
4329,2026-06-20,North Region,Standard Plan,1,76.78,partner,C00359
4330,2026-06-20,North Region,Pro Plan,2,66.24,partner,C00585
4331,2026-06-20,North Region,Pro Plan,1,82.59,partner,C01562
4332,2026-06-20,North Region,Pro Plan,2,69.42,web,C00463
4333,2026-06-20,North Region,Standard Plan,1,61.57,web,C00982
4334,2026-06-20,North Region,Pro Plan,1,82.33,mobile,C00744
4335,2026-06-20,North Region,Pro Plan,1,64.53,web,C02735
4336,2026-06-20,North Region,Pro Plan,1,78.9,web,C00645
4337,2026-06-20,North Region,Pro Plan,1,83.41,mobile,C01266
4338,2026-06-20,North Region,Standard Plan,1,80.74,mobile,C02321
4339,2026-06-20,North Region,Pro Plan,2,67.18,web,C00428
4340,2026-06-20,North Region,Add-on Pack,1,85.78,partner,C02645
4341,2026-06-20,North Region,Add-on Pack,2,81.08,partner,C01460
4342,2026-06-20,North Region,Standard Plan,1,65.06,web,C01509
4343,2026-06-20,North Region,Add-on Pack,1,76.13,partner,C01151
4344,2026-06-20,North Region,Pro Plan,1,65.45,partner,C01145
4345,2026-06-20,North Region,Add-on Pack,2,85.58,partner,C01887
4346,2026-06-20,North Region,Pro Plan,2,68.46,web,C00461
4347,2026-06-20,North Region,Pro Plan,1,66.48,partner,C02772
4348,2026-06-20,North Region,Standard Plan,2,80.01,mobile,C00605
4349,2026-06-20,North Region,Standard Plan,2,85.81,mobile,C00541
4350,2026-06-20,North Region,Add-on Pack,1,72.9,mobile,C00772
4351,2026-06-20,North Region,Standard Plan,1,73.93,mobile,C00254
4352,2026-06-20,North Region,Add-on Pack,1,83.71,web,C01800
4353,2026-06-20,North Region,Add-on Pack,1,62.91,mobile,C02659
4354,2026-06-20,North Region,Add-on Pack,1,79.11,web,C00104
4355,2026-06-20,North Region,Standard Plan,1,74.36,partner,C00525
4356,2026-06-20,North Region,Standard Plan,1,69.61,mobile,C02714
4357,2026-06-20,North Region,Standard Plan,1,64.46,partner,C01234
4358,2026-06-20,North Region,Standard Plan,1,87.52,web,C01631
4359,2026-06-20,North Region,Add-on Pack,1,83.13,mobile,C00674
4360,2026-06-20,North Region,Standard Plan,1,66.6,mobile,C02550
4361,2026-06-20,North Region,Pro Plan,1,70.75,partner,C01601
4362,2026-06-20,North Region,Standard Plan,1,85.86,partner,C02642
4363,2026-06-20,North Region,Standard Plan,2,76.86,web,C01409
4364,2026-06-20,North Region,Standard Plan,1,80.76,partner,C02798
4365,2026-06-20,North Region,Standard Plan,1,85.94,web,C00618
4366,2026-06-20,North Region,Add-on Pack,2,80.06,web,C02865
4367,2026-06-21,North Region,Standard Plan,1,85.51,web,C01177
4368,2026-06-21,North Region,Pro Plan,1,84.4,mobile,C00924
4369,2026-06-21,North Region,Standard Plan,2,67.36,web,C02078
4370,2026-06-21,North Region,Pro Plan,2,87.64,mobile,C00376
4371,2026-06-21,North Region,Standard Plan,2,76.19,web,C02095
4372,2026-06-21,North Region,Standard Plan,2,71.78,web,C02072
4373,2026-06-21,North Region,Standard Plan,1,83.77,mobile,C00159
4374,2026-06-21,North Region,Standard Plan,1,61.59,web,C01624
4375,2026-06-21,North Region,Standard Plan,1,70.83,partner,C02777
4376,2026-06-21,North Region,Add-on Pack,1,78.39,partner,C00368
4377,2026-06-21,North Region,Pro Plan,2,79.32,partner,C01074
4378,2026-06-21,North Region,Add-on Pack,2,84.58,mobile,C00821
4379,2026-06-21,North Region,Pro Plan,1,73.24,web,C00595
4380,2026-06-21,North Region,Standard Plan,1,87.85,partner,C00626
4381,2026-06-21,North Region,Standard Plan,1,87.1,partner,C00435
4382,2026-06-21,North Region,Add-on Pack,1,69.14,mobile,C02295
4383,2026-06-21,North Region,Add-on Pack,1,84.54,partner,C02724
4384,2026-06-21,North Region,Add-on Pack,1,78.37,web,C01449
4385,2026-06-21,North Region,Pro Plan,1,62.75,partner,C01383
4386,2026-06-21,North Region,Standard Plan,1,71.31,mobile,C00993
4387,2026-06-21,North Region,Add-on Pack,2,82.7,web,C00274
4388,2026-06-21,North Region,Add-on Pack,1,64.32,mobile,C01626
4389,2026-06-21,North Region,Add-on Pack,1,82.77,web,C00968
4390,2026-06-21,North Region,Standard Plan,1,74.41,web,C02290
4391,2026-06-21,North Region,Pro Plan,1,82.2,web,C00056
4392,2026-06-21,North Region,Add-on Pack,2,63.15,web,C01644
4393,2026-06-21,North Region,Add-on Pack,1,62.76,partner,C01636
4394,2026-06-21,North Region,Standard Plan,2,76.73,partner,C01497
4395,2026-06-21,North Region,Pro Plan,1,62.92,mobile,C00185
4396,2026-06-21,North Region,Pro Plan,1,69.86,web,C02565
4397,2026-06-21,North Region,Add-on Pack,1,63.03,mobile,C02951
4398,2026-06-21,North Region,Pro Plan,1,63.16,mobile,C01755
4399,2026-06-21,North Region,Pro Plan,1,61.66,partner,C02953
4400,2026-06-21,North Region,Pro Plan,1,77.31,partner,C01315
4401,2026-06-21,North Region,Pro Plan,1,76.08,web,C00247
4402,2026-06-21,North Region,Pro Plan,1,83.05,web,C01039
4403,2026-06-21,North Region,Standard Plan,1,73.02,partner,C00062
4404,2026-06-21,North Region,Standard Plan,2,78.14,web,C00557
4405,2026-06-21,North Region,Add-on Pack,1,79.2,mobile,C00301
4406,2026-06-21,North Region,Standard Plan,2,76.75,partner,C01653
4407,2026-06-21,North Region,Pro Plan,2,75.67,mobile,C00149
4408,2026-06-21,North Region,Add-on Pack,2,87.17,web,C00304
4409,2026-06-21,North Region,Standard Plan,2,72.8,web,C00328
4410,2026-06-21,North Region,Add-on Pack,1,87.99,web,C01794
4411,2026-06-22,North Region,Add-on Pack,2,82.0,mobile,C02849
4412,2026-06-22,North Region,Add-on Pack,2,87.42,partner,C02232
4413,2026-06-22,North Region,Pro Plan,1,70.79,partner,C02806
4414,2026-06-22,North Region,Add-on Pack,1,85.68,web,C00473
4415,2026-06-22,North Region,Add-on Pack,2,63.69,mobile,C01265
4416,2026-06-22,North Region,Standard Plan,1,62.04,web,C00956
4417,2026-06-22,North Region,Standard Plan,1,65.14,web,C02401
4418,2026-06-22,North Region,Standard Plan,1,70.77,mobile,C01992
4419,2026-06-22,North Region,Pro Plan,1,68.61,partner,C02622
4420,2026-06-22,North Region,Pro Plan,1,82.95,mobile,C00029
4421,2026-06-22,North Region,Add-on Pack,1,62.56,mobile,C02299
4422,2026-06-22,North Region,Pro Plan,1,71.96,partner,C02726
4423,2026-06-22,North Region,Pro Plan,1,74.7,partner,C01835
4424,2026-06-22,North Region,Add-on Pack,1,73.44,web,C01720
4425,2026-06-22,North Region,Standard Plan,1,71.69,mobile,C02829
4426,2026-06-22,North Region,Standard Plan,1,68.19,web,C00095
4427,2026-06-22,North Region,Pro Plan,1,67.84,partner,C00904
4428,2026-06-22,North Region,Pro Plan,2,66.62,mobile,C02315
4429,2026-06-22,North Region,Pro Plan,2,77.97,mobile,C00324
4430,2026-06-22,North Region,Standard Plan,1,85.21,web,C02332
4431,2026-06-22,North Region,Add-on Pack,1,71.54,web,C00203
4432,2026-06-22,North Region,Add-on Pack,2,71.29,partner,C00033
4433,2026-06-22,North Region,Standard Plan,1,71.21,web,C02167
4434,2026-06-22,North Region,Standard Plan,1,73.78,mobile,C01228
4435,2026-06-22,North Region,Standard Plan,1,88.06,partner,C01188
4436,2026-06-22,North Region,Add-on Pack,1,78.08,partner,C01612
4437,2026-06-22,North Region,Pro Plan,2,86.29,partner,C01781
4438,2026-06-22,North Region,Standard Plan,1,69.32,mobile,C01197
4439,2026-06-22,North Region,Add-on Pack,1,67.22,web,C01251
4440,2026-06-22,North Region,Add-on Pack,1,64.5,partner,C00994
4441,2026-06-22,North Region,Add-on Pack,1,86.9,mobile,C02369
4442,2026-06-22,North Region,Pro Plan,1,68.95,mobile,C01081
4443,2026-06-22,North Region,Standard Plan,1,75.5,web,C00920
4444,2026-06-22,North Region,Standard Plan,2,77.34,web,C02480
4445,2026-06-22,North Region,Add-on Pack,1,74.18,partner,C02741
4446,2026-06-22,North Region,Add-on Pack,1,78.68,web,C01021
4447,2026-06-22,North Region,Standard Plan,1,64.02,partner,C01825
4448,2026-06-22,North Region,Standard Plan,1,62.86,web,C01961
4449,2026-06-22,North Region,Standard Plan,1,74.23,partner,C01425
4450,2026-06-22,North Region,Standard Plan,2,69.01,mobile,C01380
4451,2026-06-22,North Region,Pro Plan,1,82.97,web,C00153
4452,2026-06-22,North Region,Standard Plan,1,61.48,mobile,C02322
4453,2026-06-22,North Region,Pro Plan,2,84.27,web,C00608
4454,2026-06-23,North Region,Standard Plan,1,76.61,web,C01458
4455,2026-06-23,North Region,Standard Plan,1,64.91,web,C01891
4456,2026-06-23,North Region,Pro Plan,1,84.55,partner,C02896
4457,2026-06-23,North Region,Add-on Pack,1,71.85,partner,C01382
4458,2026-06-23,North Region,Add-on Pack,2,79.63,web,C02275
4459,2026-06-23,North Region,Pro Plan,1,87.61,partner,C02497
4460,2026-06-23,North Region,Standard Plan,1,86.89,partner,C01477
4461,2026-06-23,North Region,Add-on Pack,1,69.31,partner,C01341
4462,2026-06-23,North Region,Pro Plan,1,71.75,web,C00913
4463,2026-06-23,North Region,Add-on Pack,1,76.18,web,C01215
4464,2026-06-23,North Region,Standard Plan,2,66.38,web,C02748
4465,2026-06-23,North Region,Add-on Pack,1,64.89,web,C01270
4466,2026-06-23,North Region,Pro Plan,1,69.16,mobile,C00852
4467,2026-06-23,North Region,Add-on Pack,1,64.13,web,C02717
4468,2026-06-23,North Region,Pro Plan,2,80.63,partner,C02840
4469,2026-06-23,North Region,Add-on Pack,2,82.99,partner,C00115
4470,2026-06-23,North Region,Standard Plan,1,76.22,partner,C02900
4471,2026-06-23,North Region,Standard Plan,1,76.68,mobile,C02387
4472,2026-06-23,North Region,Standard Plan,1,65.36,partner,C02715
4473,2026-06-23,North Region,Pro Plan,1,73.12,web,C01908
4474,2026-06-23,North Region,Pro Plan,1,66.32,mobile,C00852
4475,2026-06-23,North Region,Pro Plan,1,62.79,partner,C01502
4476,2026-06-23,North Region,Standard Plan,1,65.64,mobile,C01601
4477,2026-06-23,North Region,Pro Plan,1,66.13,partner,C00654
4478,2026-06-23,North Region,Standard Plan,1,66.67,partner,C00958
4479,2026-06-23,North Region,Standard Plan,1,64.91,mobile,C01644
4480,2026-06-23,North Region,Add-on Pack,1,88.17,web,C00041
4481,2026-06-23,North Region,Standard Plan,1,61.8,mobile,C01673
4482,2026-06-23,North Region,Pro Plan,1,73.19,partner,C01753
4483,2026-06-23,North Region,Pro Plan,1,71.13,mobile,C01749
4484,2026-06-23,North Region,Standard Plan,1,82.3,mobile,C01021
4485,2026-06-23,North Region,Add-on Pack,1,62.74,partner,C01517
4486,2026-06-23,North Region,Standard Plan,1,62.72,web,C02383
4487,2026-06-23,North Region,Add-on Pack,2,82.13,web,C00963
4488,2026-06-23,North Region,Standard Plan,1,67.1,web,C00521
4489,2026-06-23,North Region,Add-on Pack,1,69.25,partner,C00068
4490,2026-06-23,North Region,Standard Plan,1,73.55,web,C02712
4491,2026-06-23,North Region,Standard Plan,1,69.16,web,C01800
4492,2026-06-23,North Region,Add-on Pack,1,72.45,partner,C02239
4493,2026-06-23,North Region,Pro Plan,1,81.05,mobile,C02631
4494,2026-06-23,North Region,Add-on Pack,1,79.99,mobile,C01696
4495,2026-06-23,North Region,Standard Plan,1,78.13,mobile,C00205
4496,2026-06-23,North Region,Pro Plan,1,70.99,partner,C01806
4497,2026-06-23,North Region,Standard Plan,2,82.65,partner,C00608
4498,2026-06-24,North Region,Add-on Pack,1,84.92,web,C00638
4499,2026-06-24,North Region,Pro Plan,1,77.49,mobile,C01615
4500,2026-06-24,North Region,Add-on Pack,1,68.86,partner,C02969
4501,2026-06-24,North Region,Add-on Pack,1,65.21,mobile,C01021
4502,2026-06-24,North Region,Add-on Pack,1,66.3,web,C00409
4503,2026-06-24,North Region,Standard Plan,1,63.5,web,C02175
4504,2026-06-24,North Region,Pro Plan,1,87.48,web,C02855
4505,2026-06-24,North Region,Pro Plan,2,87.92,partner,C02516
4506,2026-06-24,North Region,Standard Plan,1,79.41,mobile,C00203
4507,2026-06-24,North Region,Pro Plan,1,69.12,partner,C00924
4508,2026-06-24,North Region,Add-on Pack,1,65.31,partner,C02538
4509,2026-06-24,North Region,Add-on Pack,1,68.05,web,C02451
4510,2026-06-24,North Region,Pro Plan,1,81.2,mobile,C00418
4511,2026-06-24,North Region,Standard Plan,2,65.97,mobile,C01043
4512,2026-06-24,North Region,Standard Plan,2,67.19,web,C00670
4513,2026-06-24,North Region,Standard Plan,1,71.01,web,C00592
4514,2026-06-24,North Region,Standard Plan,2,71.42,partner,C01313
4515,2026-06-24,North Region,Add-on Pack,2,83.26,web,C00800
4516,2026-06-24,North Region,Add-on Pack,1,81.22,web,C01188
4517,2026-06-24,North Region,Pro Plan,1,69.42,mobile,C02058
4518,2026-06-24,North Region,Add-on Pack,1,74.78,web,C01110
4519,2026-06-24,North Region,Pro Plan,1,61.77,web,C01533
4520,2026-06-24,North Region,Add-on Pack,1,79.78,web,C02508
4521,2026-06-24,North Region,Pro Plan,2,66.35,mobile,C01055
4522,2026-06-24,North Region,Add-on Pack,1,80.29,mobile,C01750
4523,2026-06-24,North Region,Add-on Pack,1,79.1,partner,C01297
4524,2026-06-24,North Region,Pro Plan,1,67.54,mobile,C02040
4525,2026-06-24,North Region,Pro Plan,1,69.87,web,C01470
4526,2026-06-24,North Region,Add-on Pack,2,65.38,web,C01636
4527,2026-06-24,North Region,Pro Plan,1,75.96,partner,C00549
4528,2026-06-24,North Region,Standard Plan,1,78.99,web,C02427
4529,2026-06-24,North Region,Pro Plan,1,64.38,mobile,C00895
4530,2026-06-24,North Region,Standard Plan,1,65.32,mobile,C02724
4531,2026-06-24,North Region,Add-on Pack,1,77.02,mobile,C01001
4532,2026-06-24,North Region,Pro Plan,1,79.38,partner,C01674
4533,2026-06-24,North Region,Standard Plan,1,83.69,partner,C00737
4534,2026-06-24,North Region,Standard Plan,1,72.94,mobile,C02717
4535,2026-06-24,North Region,Pro Plan,1,78.16,partner,C02740
4536,2026-06-24,North Region,Add-on Pack,1,70.44,web,C02965
4537,2026-06-24,North Region,Standard Plan,1,67.27,web,C01117
4538,2026-06-24,North Region,Add-on Pack,1,75.74,partner,C00644
4539,2026-06-24,North Region,Standard Plan,1,83.47,web,C00622
4540,2026-06-25,North Region,Standard Plan,1,82.47,partner,C01213
4541,2026-06-25,North Region,Add-on Pack,1,79.23,partner,C01526
4542,2026-06-25,North Region,Add-on Pack,2,65.38,partner,C01709
4543,2026-06-25,North Region,Add-on Pack,2,74.79,mobile,C00035
4544,2026-06-25,North Region,Standard Plan,1,81.97,partner,C01339
4545,2026-06-25,North Region,Pro Plan,1,76.33,mobile,C01267
4546,2026-06-25,North Region,Pro Plan,1,81.6,web,C01591
4547,2026-06-25,North Region,Standard Plan,2,76.7,mobile,C02615
4548,2026-06-25,North Region,Add-on Pack,1,74.27,partner,C01341
4549,2026-06-25,North Region,Add-on Pack,2,87.31,mobile,C01636
4550,2026-06-25,North Region,Add-on Pack,1,69.65,partner,C01784
4551,2026-06-25,North Region,Add-on Pack,1,64.72,partner,C00739
4552,2026-06-25,North Region,Standard Plan,2,77.81,web,C00734
4553,2026-06-25,North Region,Standard Plan,1,66.46,mobile,C02827
4554,2026-06-25,North Region,Standard Plan,1,62.44,partner,C01037
4555,2026-06-25,North Region,Add-on Pack,1,67.1,mobile,C01990
4556,2026-06-25,North Region,Add-on Pack,1,86.14,web,C01930
4557,2026-06-25,North Region,Add-on Pack,2,73.35,partner,C02497
4558,2026-06-25,North Region,Add-on Pack,1,87.77,partner,C02829
4559,2026-06-25,North Region,Add-on Pack,1,63.83,partner,C02861
4560,2026-06-25,North Region,Standard Plan,1,64.22,web,C00899
4561,2026-06-25,North Region,Pro Plan,1,72.69,partner,C02819
4562,2026-06-25,North Region,Add-on Pack,1,65.77,web,C00023
4563,2026-06-25,North Region,Pro Plan,1,86.67,partner,C01379
4564,2026-06-25,North Region,Standard Plan,1,76.0,web,C00016
4565,2026-06-25,North Region,Pro Plan,1,78.39,web,C01107
4566,2026-06-25,North Region,Standard Plan,1,85.31,partner,C02908
4567,2026-06-25,North Region,Standard Plan,1,86.64,mobile,C02523
4568,2026-06-25,North Region,Standard Plan,1,79.15,web,C01848
4569,2026-06-25,North Region,Pro Plan,2,75.72,web,C01874
4570,2026-06-25,North Region,Pro Plan,1,86.59,web,C02277
4571,2026-06-25,North Region,Standard Plan,2,85.19,partner,C00835
4572,2026-06-25,North Region,Standard Plan,2,83.36,partner,C00342
4573,2026-06-25,North Region,Add-on Pack,1,70.35,partner,C02222
4574,2026-06-25,North Region,Pro Plan,2,66.02,web,C01016
4575,2026-06-25,North Region,Pro Plan,1,76.22,web,C00305
4576,2026-06-25,North Region,Standard Plan,1,65.42,web,C00925
4577,2026-06-25,North Region,Add-on Pack,1,77.76,partner,C02215
4578,2026-06-25,North Region,Add-on Pack,1,81.09,mobile,C00766
4579,2026-06-25,North Region,Pro Plan,1,81.25,partner,C01954
4580,2026-06-26,North Region,Add-on Pack,1,86.71,mobile,C01976
4581,2026-06-26,North Region,Pro Plan,1,71.69,mobile,C02577
4582,2026-06-26,North Region,Add-on Pack,1,71.27,web,C02601
4583,2026-06-26,North Region,Add-on Pack,1,75.42,web,C00308
4584,2026-06-26,North Region,Add-on Pack,2,64.67,mobile,C00479
4585,2026-06-26,North Region,Pro Plan,1,86.18,mobile,C02431
4586,2026-06-26,North Region,Pro Plan,1,76.96,partner,C02838
4587,2026-06-26,North Region,Pro Plan,2,70.72,web,C02768
4588,2026-06-26,North Region,Standard Plan,1,88.15,partner,C01601
4589,2026-06-26,North Region,Pro Plan,2,71.23,partner,C01575
4590,2026-06-26,North Region,Standard Plan,1,77.84,partner,C00386
4591,2026-06-26,North Region,Standard Plan,1,70.0,mobile,C02527
4592,2026-06-26,North Region,Add-on Pack,1,77.33,mobile,C01336
4593,2026-06-26,North Region,Standard Plan,2,77.58,partner,C02607
4594,2026-06-26,North Region,Standard Plan,1,81.98,web,C02373
4595,2026-06-26,North Region,Add-on Pack,1,61.81,partner,C01947
4596,2026-06-26,North Region,Standard Plan,2,82.0,mobile,C02418
4597,2026-06-26,North Region,Pro Plan,2,62.91,partner,C02535
4598,2026-06-26,North Region,Pro Plan,1,74.38,partner,C02439
4599,2026-06-26,North Region,Pro Plan,2,69.55,mobile,C02291
4600,2026-06-26,North Region,Pro Plan,1,79.85,mobile,C01130
4601,2026-06-26,North Region,Standard Plan,1,87.14,partner,C02065
4602,2026-06-26,North Region,Pro Plan,2,64.26,web,C01184
4603,2026-06-26,North Region,Pro Plan,1,75.32,web,C01633
4604,2026-06-26,North Region,Add-on Pack,1,77.02,mobile,C01200
4605,2026-06-26,North Region,Add-on Pack,1,75.72,mobile,C01295
4606,2026-06-26,North Region,Standard Plan,1,82.75,partner,C02622
4607,2026-06-26,North Region,Add-on Pack,1,83.13,mobile,C00701
4608,2026-06-26,North Region,Standard Plan,1,83.93,web,C01633
4609,2026-06-26,North Region,Standard Plan,1,87.34,mobile,C01640
4610,2026-06-26,North Region,Pro Plan,1,76.24,web,C02230
4611,2026-06-26,North Region,Standard Plan,1,68.56,mobile,C02131
4612,2026-06-26,North Region,Standard Plan,1,82.15,partner,C02211
4613,2026-06-26,North Region,Add-on Pack,1,76.31,mobile,C01977
4614,2026-06-26,North Region,Pro Plan,1,79.34,partner,C02438
4615,2026-06-26,North Region,Add-on Pack,1,74.09,partner,C01424
4616,2026-06-26,North Region,Pro Plan,1,87.97,web,C00612
4617,2026-06-26,North Region,Pro Plan,1,82.64,web,C00003
4618,2026-06-26,North Region,Standard Plan,1,62.45,partner,C01599
4619,2026-06-26,North Region,Add-on Pack,1,72.17,partner,C00833
4620,2026-06-26,North Region,Standard Plan,1,85.98,mobile,C01200
4621,2026-06-26,North Region,Standard Plan,1,76.38,mobile,C02218
4622,2026-06-27,North Region,Pro Plan,1,73.41,partner,C01966
4623,2026-06-27,North Region,Add-on Pack,1,86.01,partner,C01934
4624,2026-06-27,North Region,Standard Plan,1,72.47,web,C00463
4625,2026-06-27,North Region,Add-on Pack,2,81.6,mobile,C02818
4626,2026-06-27,North Region,Standard Plan,1,62.49,mobile,C01242
4627,2026-06-27,North Region,Pro Plan,1,64.78,mobile,C01983
4628,2026-06-27,North Region,Pro Plan,2,79.3,partner,C01642
4629,2026-06-27,North Region,Pro Plan,1,65.68,mobile,C00581
4630,2026-06-27,North Region,Standard Plan,1,64.38,partner,C02447
4631,2026-06-27,North Region,Pro Plan,1,84.93,mobile,C01743
4632,2026-06-27,North Region,Standard Plan,1,66.21,web,C02495
4633,2026-06-27,North Region,Standard Plan,1,70.22,partner,C02653
4634,2026-06-27,North Region,Add-on Pack,1,69.22,mobile,C02044
4635,2026-06-27,North Region,Pro Plan,2,74.27,mobile,C02217
4636,2026-06-27,North Region,Pro Plan,1,79.82,mobile,C02447
4637,2026-06-27,North Region,Standard Plan,1,77.54,web,C00395
4638,2026-06-27,North Region,Standard Plan,1,75.74,web,C02004
4639,2026-06-27,North Region,Standard Plan,1,87.57,mobile,C02985
4640,2026-06-27,North Region,Pro Plan,1,67.13,partner,C02441
4641,2026-06-27,North Region,Standard Plan,1,61.29,mobile,C00524
4642,2026-06-27,North Region,Add-on Pack,1,66.23,web,C02938
4643,2026-06-27,North Region,Pro Plan,1,67.64,partner,C01898
4644,2026-06-27,North Region,Pro Plan,1,65.47,partner,C02632
4645,2026-06-27,North Region,Add-on Pack,1,81.1,partner,C01315
4646,2026-06-27,North Region,Add-on Pack,1,79.56,web,C00742
4647,2026-06-27,North Region,Add-on Pack,1,79.39,partner,C01419
4648,2026-06-27,North Region,Standard Plan,1,80.59,web,C01664
4649,2026-06-27,North Region,Standard Plan,1,87.79,mobile,C01509
4650,2026-06-27,North Region,Add-on Pack,1,63.49,web,C01377
4651,2026-06-27,North Region,Standard Plan,1,75.59,mobile,C01264
4652,2026-06-27,North Region,Add-on Pack,2,63.72,mobile,C01259
4653,2026-06-27,North Region,Pro Plan,1,74.03,partner,C00880
4654,2026-06-27,North Region,Pro Plan,1,82.21,mobile,C02167
4655,2026-06-27,North Region,Add-on Pack,1,81.42,web,C01890
4656,2026-06-27,North Region,Standard Plan,1,70.89,partner,C02340
4657,2026-06-27,North Region,Pro Plan,1,66.62,partner,C00833
4658,2026-06-27,North Region,Standard Plan,2,70.27,partner,C02189
4659,2026-06-27,North Region,Standard Plan,1,67.25,partner,C00892
4660,2026-06-27,North Region,Pro Plan,1,63.46,partner,C00824
4661,2026-06-27,North Region,Standard Plan,1,83.65,mobile,C00154
4662,2026-06-27,North Region,Add-on Pack,1,74.1,partner,C00280
4663,2026-06-27,North Region,Pro Plan,2,82.81,partner,C01947
4664,2026-06-28,North Region,Standard Plan,2,68.96,web,C01295
4665,2026-06-28,North Region,Add-on Pack,1,62.9,web,C01824
4666,2026-06-28,North Region,Add-on Pack,1,69.52,partner,C00872
4667,2026-06-28,North Region,Pro Plan,2,81.03,partner,C00205
4668,2026-06-28,North Region,Standard Plan,1,75.12,mobile,C01741
4669,2026-06-28,North Region,Add-on Pack,1,74.21,mobile,C01563
4670,2026-06-28,North Region,Pro Plan,2,63.58,mobile,C01552
4671,2026-06-28,North Region,Standard Plan,2,77.32,partner,C00268
4672,2026-06-28,North Region,Pro Plan,2,67.31,web,C02408
4673,2026-06-28,North Region,Add-on Pack,2,76.86,partner,C01762
4674,2026-06-28,North Region,Pro Plan,1,87.63,web,C02497
4675,2026-06-28,North Region,Add-on Pack,1,76.84,partner,C00152
4676,2026-06-28,North Region,Standard Plan,1,62.51,mobile,C00934
4677,2026-06-28,North Region,Add-on Pack,1,61.66,partner,C02904
4678,2026-06-28,North Region,Pro Plan,1,65.65,partner,C02435
4679,2026-06-28,North Region,Pro Plan,1,79.25,mobile,C00698
4680,2026-06-28,North Region,Add-on Pack,1,69.22,partner,C02108
4681,2026-06-28,North Region,Add-on Pack,2,69.29,partner,C01519
4682,2026-06-28,North Region,Pro Plan,1,65.84,mobile,C01346
4683,2026-06-28,North Region,Add-on Pack,1,80.51,partner,C00518
4684,2026-06-28,North Region,Add-on Pack,1,81.38,web,C00588
4685,2026-06-28,North Region,Standard Plan,2,73.2,partner,C02207
4686,2026-06-28,North Region,Add-on Pack,1,79.16,web,C01226
4687,2026-06-28,North Region,Add-on Pack,2,75.9,web,C01893
4688,2026-06-28,North Region,Standard Plan,1,86.39,mobile,C01347
4689,2026-06-28,North Region,Standard Plan,1,82.69,mobile,C02034
4690,2026-06-28,North Region,Standard Plan,2,75.43,partner,C00430
4691,2026-06-28,North Region,Standard Plan,1,66.16,partner,C00122
4692,2026-06-28,North Region,Standard Plan,1,75.57,mobile,C02197
4693,2026-06-28,North Region,Standard Plan,1,82.29,partner,C02014
4694,2026-06-28,North Region,Add-on Pack,1,63.37,partner,C00047
4695,2026-06-28,North Region,Standard Plan,1,81.27,web,C01824
4696,2026-06-28,North Region,Pro Plan,1,76.9,mobile,C00606
4697,2026-06-28,North Region,Add-on Pack,2,84.63,partner,C00851
4698,2026-06-28,North Region,Standard Plan,1,83.59,web,C02573
4699,2026-06-28,North Region,Add-on Pack,1,69.72,partner,C01904
4700,2026-06-28,North Region,Add-on Pack,1,61.52,web,C00519
4701,2026-06-28,North Region,Add-on Pack,1,71.93,web,C02358
4702,2026-06-28,North Region,Standard Plan,1,82.61,web,C01019
4703,2026-06-28,North Region,Add-on Pack,2,64.62,mobile,C00551
4704,2026-06-28,North Region,Add-on Pack,1,84.76,web,C00997
4705,2026-06-29,North Region,Standard Plan,1,76.81,partner,C00414
4706,2026-06-29,North Region,Add-on Pack,1,80.71,mobile,C01343
4707,2026-06-29,North Region,Standard Plan,1,85.12,web,C02928
4708,2026-06-29,North Region,Pro Plan,1,66.82,mobile,C02856
4709,2026-06-29,North Region,Add-on Pack,2,74.7,mobile,C00573
4710,2026-06-29,North Region,Pro Plan,1,63.35,partner,C02952
4711,2026-06-29,North Region,Add-on Pack,1,72.11,web,C01447
4712,2026-06-29,North Region,Standard Plan,1,82.92,partner,C00030
4713,2026-06-29,North Region,Add-on Pack,1,70.28,mobile,C00371
4714,2026-06-29,North Region,Pro Plan,1,78.41,mobile,C02727
4715,2026-06-29,North Region,Standard Plan,1,63.54,mobile,C01539
4716,2026-06-29,North Region,Standard Plan,1,77.11,mobile,C01421
4717,2026-06-29,North Region,Standard Plan,1,63.95,web,C01610
4718,2026-06-29,North Region,Add-on Pack,1,77.89,partner,C00983
4719,2026-06-29,North Region,Pro Plan,2,74.42,web,C00649
4720,2026-06-29,North Region,Add-on Pack,2,77.37,mobile,C00020
4721,2026-06-29,North Region,Pro Plan,1,86.06,web,C02135
4722,2026-06-29,North Region,Standard Plan,1,71.47,mobile,C00282
4723,2026-06-29,North Region,Add-on Pack,1,79.78,web,C00430
4724,2026-06-29,North Region,Add-on Pack,2,88.38,mobile,C02600
4725,2026-06-29,North Region,Standard Plan,1,70.31,mobile,C01088
4726,2026-06-29,North Region,Standard Plan,1,87.73,web,C00774
4727,2026-06-29,North Region,Add-on Pack,1,76.44,web,C02009
4728,2026-06-29,North Region,Standard Plan,1,61.43,mobile,C01720
4729,2026-06-29,North Region,Standard Plan,1,72.68,mobile,C02596
4730,2026-06-29,North Region,Pro Plan,2,79.6,web,C02167
4731,2026-06-29,North Region,Add-on Pack,1,67.45,web,C00089
4732,2026-06-29,North Region,Add-on Pack,1,72.4,mobile,C02029
4733,2026-06-29,North Region,Pro Plan,1,68.28,partner,C00712
4734,2026-06-29,North Region,Standard Plan,1,74.95,partner,C02086
4735,2026-06-29,North Region,Pro Plan,1,82.02,mobile,C00459
4736,2026-06-29,North Region,Add-on Pack,1,67.65,partner,C01859
4737,2026-06-29,North Region,Standard Plan,1,84.21,mobile,C01090
4738,2026-06-29,North Region,Standard Plan,2,61.78,partner,C02294
4739,2026-06-29,North Region,Standard Plan,2,82.66,mobile,C02953
4740,2026-06-29,North Region,Standard Plan,1,66.72,partner,C02064
4741,2026-06-29,North Region,Add-on Pack,2,85.71,web,C02247
4742,2026-06-29,North Region,Pro Plan,1,73.25,partner,C00912
4743,2026-06-29,North Region,Add-on Pack,2,67.57,mobile,C01946
4744,2026-06-29,North Region,Pro Plan,1,61.58,web,C00953
4745,2026-06-29,North Region,Add-on Pack,1,61.43,partner,C00462
4746,2026-06-29,North Region,Pro Plan,2,66.45,web,C00764
4747,2026-06-29,North Region,Add-on Pack,1,64.67,mobile,C01084
4748,2026-06-30,North Region,Standard Plan,1,86.33,partner,C00698
4749,2026-06-30,North Region,Standard Plan,1,85.53,partner,C02673
4750,2026-06-30,North Region,Pro Plan,1,73.45,web,C01100
4751,2026-06-30,North Region,Pro Plan,1,63.0,partner,C02827
4752,2026-06-30,North Region,Pro Plan,1,79.95,web,C02315
4753,2026-06-30,North Region,Standard Plan,1,65.54,web,C02257
4754,2026-06-30,North Region,Add-on Pack,2,63.25,partner,C02524
4755,2026-06-30,North Region,Pro Plan,1,63.89,web,C01135
4756,2026-06-30,North Region,Add-on Pack,1,87.1,partner,C02991
4757,2026-06-30,North Region,Add-on Pack,1,76.38,partner,C01597
4758,2026-06-30,North Region,Pro Plan,2,84.74,web,C00751
4759,2026-06-30,North Region,Standard Plan,2,71.35,mobile,C00591
4760,2026-06-30,North Region,Standard Plan,1,69.08,partner,C02645
4761,2026-06-30,North Region,Add-on Pack,2,67.02,web,C00442
4762,2026-06-30,North Region,Add-on Pack,1,83.73,web,C00789
4763,2026-06-30,North Region,Pro Plan,2,71.61,web,C02817
4764,2026-06-30,North Region,Pro Plan,2,67.05,web,C00612
4765,2026-06-30,North Region,Add-on Pack,1,72.06,web,C00621
4766,2026-06-30,North Region,Standard Plan,1,62.06,web,C01602
4767,2026-06-30,North Region,Pro Plan,1,80.82,partner,C01477
4768,2026-06-30,North Region,Standard Plan,1,72.33,web,C01389
4769,2026-06-30,North Region,Pro Plan,1,74.14,web,C00246
4770,2026-06-30,North Region,Standard Plan,1,74.66,mobile,C02307
4771,2026-06-30,North Region,Standard Plan,2,61.91,web,C02521
4772,2026-06-30,North Region,Pro Plan,1,63.63,partner,C01850
4773,2026-06-30,North Region,Standard Plan,1,65.56,web,C02215
4774,2026-06-30,North Region,Pro Plan,2,76.61,web,C02684
4775,2026-06-30,North Region,Pro Plan,1,74.68,web,C00103
4776,2026-06-30,North Region,Pro Plan,1,69.8,partner,C01670
4777,2026-06-30,North Region,Standard Plan,1,88.37,partner,C00685
4778,2026-06-30,North Region,Add-on Pack,1,83.17,mobile,C00026
4779,2026-06-30,North Region,Pro Plan,1,68.19,mobile,C00221
4780,2026-06-30,North Region,Standard Plan,1,83.64,mobile,C00540
4781,2026-06-30,North Region,Standard Plan,1,71.01,partner,C01628
4782,2026-06-30,North Region,Standard Plan,1,65.12,web,C02408
4783,2026-06-30,North Region,Pro Plan,1,81.74,partner,C02722
4784,2026-06-30,North Region,Add-on Pack,1,61.66,mobile,C01828
4785,2026-06-30,North Region,Pro Plan,2,85.23,partner,C00093
4786,2026-06-30,North Region,Standard Plan,2,79.54,partner,C02563
4787,2026-06-30,North Region,Pro Plan,1,69.79,web,C01927
4788,2026-06-30,North Region,Pro Plan,2,63.35,partner,C01230
4789,2026-07-01,North Region,Standard Plan,1,87.6,mobile,C01413
4790,2026-07-01,North Region,Add-on Pack,1,70.97,web,C01566
4791,2026-07-01,North Region,Standard Plan,1,64.77,partner,C02734
4792,2026-07-01,North Region,Standard Plan,1,69.9,web,C01761
4793,2026-07-01,North Region,Add-on Pack,1,85.16,partner,C02485
4794,2026-07-01,North Region,Add-on Pack,1,85.27,mobile,C02278
4795,2026-07-01,North Region,Pro Plan,2,82.72,web,C00877
4796,2026-07-01,North Region,Pro Plan,1,71.52,web,C02049
4797,2026-07-01,North Region,Add-on Pack,2,68.52,mobile,C00097
4798,2026-07-01,North Region,Add-on Pack,2,81.58,partner,C02284
4799,2026-07-01,North Region,Standard Plan,1,87.77,partner,C00134
4800,2026-07-01,North Region,Pro Plan,1,69.13,web,C01791
4801,2026-07-01,North Region,Pro Plan,2,62.39,partner,C02975
4802,2026-07-01,North Region,Add-on Pack,1,86.59,mobile,C02491
4803,2026-07-01,North Region,Add-on Pack,1,78.21,mobile,C00944
4804,2026-07-01,North Region,Pro Plan,2,75.9,mobile,C01840
4805,2026-07-01,North Region,Standard Plan,1,74.91,web,C02352
4806,2026-07-01,North Region,Add-on Pack,1,72.36,mobile,C00768
4807,2026-07-01,North Region,Standard Plan,1,80.63,web,C00271
4808,2026-07-01,North Region,Standard Plan,2,66.62,partner,C00608
4809,2026-07-01,North Region,Standard Plan,1,70.97,web,C00853
4810,2026-07-01,North Region,Standard Plan,1,61.25,web,C02247
4811,2026-07-01,North Region,Add-on Pack,1,71.45,partner,C02926
4812,2026-07-01,North Region,Pro Plan,1,73.53,partner,C00020
4813,2026-07-01,North Region,Standard Plan,1,75.24,web,C01033
4814,2026-07-01,North Region,Standard Plan,1,72.25,web,C02375
4815,2026-07-01,North Region,Standard Plan,1,71.66,web,C00569
4816,2026-07-01,North Region,Add-on Pack,2,74.65,partner,C02384
4817,2026-07-01,North Region,Add-on Pack,2,75.67,partner,C02935
4818,2026-07-01,North Region,Add-on Pack,1,62.42,partner,C01380
4819,2026-07-01,North Region,Pro Plan,1,75.98,partner,C01742
4820,2026-07-01,North Region,Pro Plan,2,88.4,web,C00167
4821,2026-07-01,North Region,Standard Plan,1,61.83,partner,C00898
4822,2026-07-01,North Region,Standard Plan,1,73.02,partner,C01001
4823,2026-07-01,North Region,Pro Plan,1,63.44,partner,C00349
4824,2026-07-01,North Region,Pro Plan,1,63.72,partner,C01062
4825,2026-07-01,North Region,Pro Plan,1,74.83,web,C00075
4826,2026-07-01,North Region,Standard Plan,1,78.5,web,C01487
4827,2026-07-01,North Region,Standard Plan,1,70.01,mobile,C01692
4828,2026-07-01,North Region,Pro Plan,1,62.02,mobile,C02355
4829,2026-07-01,North Region,Add-on Pack,1,77.44,partner,C02884
4830,2026-07-01,North Region,Pro Plan,2,84.68,mobile,C00608
4831,2026-07-01,North Region,Add-on Pack,1,62.66,partner,C00566
4832,2026-07-01,North Region,Pro Plan,1,85.17,web,C02894
4833,2026-07-02,North Region,Standard Plan,1,79.93,web,C02674
4834,2026-07-02,North Region,Standard Plan,1,75.16,web,C00612
4835,2026-07-02,North Region,Pro Plan,1,65.03,partner,C00287
4836,2026-07-02,North Region,Pro Plan,1,68.33,web,C01916
4837,2026-07-02,North Region,Standard Plan,1,82.68,partner,C00790
4838,2026-07-02,North Region,Pro Plan,1,69.67,mobile,C01862
4839,2026-07-02,North Region,Standard Plan,1,61.43,web,C02539
4840,2026-07-02,North Region,Standard Plan,1,88.2,partner,C02873
4841,2026-07-02,North Region,Pro Plan,1,64.12,partner,C01715
4842,2026-07-02,North Region,Standard Plan,1,78.29,mobile,C02313
4843,2026-07-02,North Region,Standard Plan,2,69.0,web,C00130
4844,2026-07-02,North Region,Standard Plan,1,73.84,web,C00227
4845,2026-07-02,North Region,Pro Plan,1,72.8,web,C00350
4846,2026-07-02,North Region,Standard Plan,1,76.47,mobile,C00355
4847,2026-07-02,North Region,Standard Plan,1,63.64,web,C00521
4848,2026-07-02,North Region,Add-on Pack,2,81.19,web,C01438
4849,2026-07-02,North Region,Standard Plan,1,64.6,partner,C02930
4850,2026-07-02,North Region,Pro Plan,2,61.51,mobile,C01332
4851,2026-07-02,North Region,Standard Plan,1,87.2,mobile,C01564
4852,2026-07-02,North Region,Add-on Pack,1,62.45,partner,C00728
4853,2026-07-02,North Region,Standard Plan,2,87.81,web,C02597
4854,2026-07-02,North Region,Pro Plan,1,71.61,web,C02548
4855,2026-07-02,North Region,Standard Plan,1,70.25,mobile,C02045
4856,2026-07-02,North Region,Add-on Pack,1,81.42,partner,C01267
4857,2026-07-02,North Region,Pro Plan,1,84.19,web,C01433
4858,2026-07-02,North Region,Add-on Pack,1,87.34,mobile,C01679
4859,2026-07-02,North Region,Add-on Pack,1,65.8,web,C02783
4860,2026-07-02,North Region,Standard Plan,1,83.67,mobile,C01856
4861,2026-07-02,North Region,Standard Plan,2,75.06,partner,C01587
4862,2026-07-02,North Region,Pro Plan,2,86.55,web,C00533
4863,2026-07-02,North Region,Pro Plan,2,87.95,mobile,C02236
4864,2026-07-02,North Region,Pro Plan,1,75.09,partner,C01202
4865,2026-07-02,North Region,Pro Plan,1,73.9,partner,C00654
4866,2026-07-02,North Region,Add-on Pack,1,62.83,mobile,C00062
4867,2026-07-02,North Region,Standard Plan,1,72.43,partner,C01243
4868,2026-07-02,North Region,Add-on Pack,1,76.59,web,C00515
4869,2026-07-02,North Region,Standard Plan,1,69.72,web,C01260
4870,2026-07-02,North Region,Standard Plan,2,69.56,partner,C01550
4871,2026-07-02,North Region,Add-on Pack,1,65.34,web,C00356
4872,2026-07-02,North Region,Pro Plan,2,82.71,mobile,C02477
4873,2026-07-02,North Region,Add-on Pack,1,81.63,mobile,C01052
4874,2026-07-02,North Region,Add-on Pack,1,82.57,mobile,C02704
4875,2026-07-02,North Region,Add-on Pack,1,68.72,partner,C00361
4876,2026-07-02,North Region,Standard Plan,2,63.95,web,C02240
4877,2026-07-03,North Region,Standard Plan,2,75.65,web,C00011
4878,2026-07-03,North Region,Add-on Pack,1,72.87,web,C01382
4879,2026-07-03,North Region,Add-on Pack,1,77.16,partner,C02060
4880,2026-07-03,North Region,Standard Plan,1,80.89,partner,C01720
4881,2026-07-03,North Region,Add-on Pack,2,61.83,mobile,C01064
4882,2026-07-03,North Region,Standard Plan,1,70.65,web,C00180
4883,2026-07-03,North Region,Standard Plan,1,63.68,mobile,C00804
4884,2026-07-03,North Region,Add-on Pack,1,81.59,partner,C00764
4885,2026-07-03,North Region,Standard Plan,1,84.68,partner,C01645
4886,2026-07-03,North Region,Standard Plan,2,69.66,web,C00982
4887,2026-07-03,North Region,Pro Plan,2,65.07,web,C00240
4888,2026-07-03,North Region,Standard Plan,1,65.64,web,C02436
4889,2026-07-03,North Region,Pro Plan,1,76.18,web,C00367
4890,2026-07-03,North Region,Pro Plan,1,62.08,web,C01220
4891,2026-07-03,North Region,Pro Plan,1,83.32,web,C02826
4892,2026-07-03,North Region,Pro Plan,2,81.53,partner,C02273
4893,2026-07-03,North Region,Pro Plan,1,62.44,partner,C01590
4894,2026-07-03,North Region,Standard Plan,1,81.89,partner,C02930
4895,2026-07-03,North Region,Add-on Pack,1,87.8,partner,C02079
4896,2026-07-03,North Region,Pro Plan,1,63.88,partner,C01912
4897,2026-07-03,North Region,Add-on Pack,1,70.14,web,C02576
4898,2026-07-03,North Region,Standard Plan,2,63.3,mobile,C00916
4899,2026-07-03,North Region,Pro Plan,1,75.62,web,C01936
4900,2026-07-03,North Region,Standard Plan,2,76.38,partner,C00015
4901,2026-07-03,North Region,Pro Plan,2,64.94,partner,C00231
4902,2026-07-03,North Region,Add-on Pack,1,67.37,mobile,C00434
4903,2026-07-03,North Region,Pro Plan,1,61.95,partner,C01926
4904,2026-07-03,North Region,Standard Plan,1,64.73,partner,C02441
4905,2026-07-03,North Region,Add-on Pack,2,78.44,mobile,C01971
4906,2026-07-03,North Region,Pro Plan,1,82.28,mobile,C01388
4907,2026-07-03,North Region,Standard Plan,2,62.3,partner,C00435
4908,2026-07-03,North Region,Standard Plan,1,66.15,partner,C00062
4909,2026-07-03,North Region,Add-on Pack,1,80.86,mobile,C01907
4910,2026-07-03,North Region,Add-on Pack,1,62.06,partner,C01053
4911,2026-07-03,North Region,Add-on Pack,1,84.81,web,C00874
4912,2026-07-03,North Region,Pro Plan,1,87.42,web,C01601
4913,2026-07-03,North Region,Add-on Pack,2,62.23,partner,C02740
4914,2026-07-03,North Region,Pro Plan,2,76.2,mobile,C01632
4915,2026-07-03,North Region,Add-on Pack,2,74.04,mobile,C02795
4916,2026-07-03,North Region,Add-on Pack,2,70.9,partner,C02827
4917,2026-07-03,North Region,Standard Plan,1,67.89,partner,C00582
4918,2026-07-03,North Region,Standard Plan,1,69.95,mobile,C01222
4919,2026-07-03,North Region,Standard Plan,1,71.76,mobile,C00040
4920,2026-07-03,North Region,Standard Plan,1,66.58,partner,C02141
4921,2026-07-04,North Region,Standard Plan,1,68.87,partner,C02847
4922,2026-07-04,North Region,Standard Plan,1,78.06,partner,C00561
4923,2026-07-04,North Region,Pro Plan,1,75.94,partner,C00271
4924,2026-07-04,North Region,Standard Plan,1,61.84,web,C01742
4925,2026-07-04,North Region,Add-on Pack,1,83.21,web,C01296
4926,2026-07-04,North Region,Standard Plan,1,62.47,mobile,C00292
4927,2026-07-04,North Region,Pro Plan,1,74.15,partner,C02254
4928,2026-07-04,North Region,Pro Plan,2,80.19,partner,C01004
4929,2026-07-04,North Region,Standard Plan,1,79.36,web,C01270
4930,2026-07-04,North Region,Add-on Pack,1,63.67,mobile,C00070
4931,2026-07-04,North Region,Standard Plan,1,85.15,mobile,C01723
4932,2026-07-04,North Region,Pro Plan,1,82.11,mobile,C02071
4933,2026-07-04,North Region,Add-on Pack,1,82.61,mobile,C01936
4934,2026-07-04,North Region,Standard Plan,1,76.21,partner,C00456
4935,2026-07-04,North Region,Standard Plan,1,76.05,mobile,C02019
4936,2026-07-04,North Region,Pro Plan,1,83.16,web,C02426
4937,2026-07-04,North Region,Pro Plan,2,82.01,partner,C00404
4938,2026-07-04,North Region,Pro Plan,1,71.05,mobile,C02620
4939,2026-07-04,North Region,Standard Plan,2,81.94,web,C00931
4940,2026-07-04,North Region,Add-on Pack,1,71.63,mobile,C01199
4941,2026-07-04,North Region,Pro Plan,1,81.83,mobile,C01732
4942,2026-07-04,North Region,Pro Plan,1,73.94,mobile,C00265
4943,2026-07-04,North Region,Pro Plan,2,63.97,web,C00251
4944,2026-07-04,North Region,Add-on Pack,1,73.82,mobile,C01080
4945,2026-07-04,North Region,Add-on Pack,1,74.27,mobile,C02723
4946,2026-07-04,North Region,Add-on Pack,1,62.86,mobile,C01303
4947,2026-07-04,North Region,Pro Plan,1,87.82,web,C01812
4948,2026-07-04,North Region,Pro Plan,1,83.54,partner,C01329
4949,2026-07-04,North Region,Add-on Pack,1,73.69,mobile,C00205
4950,2026-07-04,North Region,Standard Plan,1,76.5,mobile,C01616
4951,2026-07-04,North Region,Add-on Pack,1,75.56,mobile,C00762
4952,2026-07-04,North Region,Add-on Pack,1,75.24,web,C01838
4953,2026-07-04,North Region,Pro Plan,1,72.86,web,C01825
4954,2026-07-04,North Region,Add-on Pack,1,85.47,web,C01959
4955,2026-07-04,North Region,Standard Plan,1,84.58,mobile,C00853
4956,2026-07-04,North Region,Add-on Pack,2,76.12,mobile,C01711
4957,2026-07-04,North Region,Add-on Pack,1,64.96,web,C02167
4958,2026-07-04,North Region,Pro Plan,2,80.84,partner,C00214
4959,2026-07-04,North Region,Pro Plan,1,85.57,mobile,C02118
4960,2026-07-04,North Region,Add-on Pack,1,88.23,web,C00236
4961,2026-07-04,North Region,Add-on Pack,1,70.3,web,C01064
4962,2026-07-04,North Region,Standard Plan,1,70.63,partner,C02150
4963,2026-07-05,North Region,Standard Plan,2,74.1,partner,C00344
4964,2026-07-05,North Region,Pro Plan,2,77.42,mobile,C01055
4965,2026-07-05,North Region,Standard Plan,1,69.75,mobile,C01845
4966,2026-07-05,North Region,Standard Plan,2,81.24,mobile,C02911
4967,2026-07-05,North Region,Pro Plan,1,70.56,mobile,C00316
4968,2026-07-05,North Region,Add-on Pack,1,80.36,web,C02159
4969,2026-07-05,North Region,Pro Plan,1,65.2,mobile,C00861
4970,2026-07-05,North Region,Pro Plan,1,81.59,mobile,C02985
4971,2026-07-05,North Region,Standard Plan,1,66.1,web,C02636
4972,2026-07-05,North Region,Standard Plan,1,74.31,web,C01904
4973,2026-07-05,North Region,Pro Plan,2,78.91,mobile,C02486
4974,2026-07-05,North Region,Standard Plan,1,87.55,mobile,C00674
4975,2026-07-05,North Region,Standard Plan,1,82.4,partner,C02225
4976,2026-07-05,North Region,Pro Plan,1,64.3,partner,C01656
4977,2026-07-05,North Region,Add-on Pack,1,76.25,mobile,C00720
4978,2026-07-05,North Region,Standard Plan,1,83.93,web,C02395
4979,2026-07-05,North Region,Standard Plan,1,66.29,partner,C01693
4980,2026-07-05,North Region,Add-on Pack,1,82.82,web,C01091
4981,2026-07-05,North Region,Standard Plan,1,79.66,mobile,C00318
4982,2026-07-05,North Region,Standard Plan,1,72.69,web,C01846
4983,2026-07-05,North Region,Pro Plan,1,85.23,web,C00330
4984,2026-07-05,North Region,Pro Plan,2,86.33,web,C01403
4985,2026-07-05,North Region,Add-on Pack,1,61.49,mobile,C02390
4986,2026-07-05,North Region,Standard Plan,2,66.88,mobile,C00752
4987,2026-07-05,North Region,Pro Plan,2,86.14,partner,C00917
4988,2026-07-05,North Region,Standard Plan,2,84.67,web,C02307
4989,2026-07-05,North Region,Pro Plan,2,82.48,web,C02275
4990,2026-07-05,North Region,Standard Plan,1,75.89,partner,C01629
4991,2026-07-05,North Region,Pro Plan,1,68.27,mobile,C02523
4992,2026-07-05,North Region,Add-on Pack,1,77.87,web,C02863
4993,2026-07-05,North Region,Add-on Pack,1,67.16,web,C01893
4994,2026-07-05,North Region,Add-on Pack,2,65.5,web,C02216
4995,2026-07-05,North Region,Standard Plan,1,65.55,mobile,C00911
4996,2026-07-05,North Region,Pro Plan,1,78.94,partner,C01759
4997,2026-07-05,North Region,Standard Plan,2,64.61,partner,C01720
4998,2026-07-05,North Region,Pro Plan,1,71.95,web,C01859
4999,2026-07-05,North Region,Standard Plan,1,76.24,mobile,C00842
5000,2026-07-05,North Region,Add-on Pack,1,74.51,web,C01855
5001,2026-07-05,North Region,Add-on Pack,2,61.22,mobile,C00012
5002,2026-07-05,North Region,Pro Plan,1,81.55,mobile,C00089
5003,2026-07-05,North Region,Standard Plan,1,62.41,partner,C02929
5004,2026-07-05,North Region,Standard Plan,1,76.57,partner,C00191
5005,2026-07-05,North Region,Standard Plan,1,66.26,mobile,C01226
5006,2026-07-05,North Region,Standard Plan,1,78.06,mobile,C02221
5007,2026-07-06,North Region,Standard Plan,1,77.11,web,C01428
5008,2026-07-06,North Region,Standard Plan,1,67.93,web,C00688
5009,2026-07-06,North Region,Standard Plan,1,70.92,web,C01533
5010,2026-07-06,North Region,Add-on Pack,1,83.11,web,C00465
5011,2026-07-06,North Region,Add-on Pack,1,85.26,mobile,C01162
5012,2026-07-06,North Region,Pro Plan,1,82.86,web,C01659
5013,2026-07-06,North Region,Add-on Pack,1,74.92,partner,C00853
5014,2026-07-06,North Region,Add-on Pack,1,66.47,web,C00665
5015,2026-07-06,North Region,Pro Plan,2,84.31,web,C02426
5016,2026-07-06,North Region,Pro Plan,1,64.8,mobile,C02312
5017,2026-07-06,North Region,Add-on Pack,1,81.34,web,C00518
5018,2026-07-06,North Region,Pro Plan,1,81.67,web,C02375
5019,2026-07-06,North Region,Standard Plan,1,73.29,partner,C01609
5020,2026-07-06,North Region,Pro Plan,1,85.89,web,C00483
5021,2026-07-06,North Region,Standard Plan,2,67.8,mobile,C00812
5022,2026-07-06,North Region,Standard Plan,1,74.29,partner,C01523
5023,2026-07-06,North Region,Pro Plan,1,65.55,mobile,C00747
5024,2026-07-06,North Region,Add-on Pack,1,82.28,partner,C00381
5025,2026-07-06,North Region,Add-on Pack,2,66.73,mobile,C02549
5026,2026-07-06,North Region,Standard Plan,1,77.14,mobile,C01829
5027,2026-07-06,North Region,Standard Plan,1,80.32,mobile,C01526
5028,2026-07-06,North Region,Standard Plan,1,80.85,mobile,C01123
5029,2026-07-06,North Region,Pro Plan,2,69.86,mobile,C01570
5030,2026-07-06,North Region,Standard Plan,1,85.61,partner,C00105
5031,2026-07-06,North Region,Add-on Pack,2,72.78,web,C00109
5032,2026-07-06,North Region,Standard Plan,1,76.73,partner,C02184
5033,2026-07-06,North Region,Pro Plan,1,69.78,mobile,C00251
5034,2026-07-06,North Region,Standard Plan,1,65.72,web,C01450
5035,2026-07-06,North Region,Add-on Pack,1,67.46,mobile,C00041
5036,2026-07-06,North Region,Pro Plan,1,63.76,partner,C00572
5037,2026-07-06,North Region,Standard Plan,1,77.03,mobile,C00974
5038,2026-07-06,North Region,Add-on Pack,2,84.08,mobile,C02422
5039,2026-07-06,North Region,Pro Plan,1,78.55,mobile,C02480
5040,2026-07-06,North Region,Standard Plan,1,71.38,web,C00629
5041,2026-07-06,North Region,Standard Plan,1,74.85,partner,C01042
5042,2026-07-06,North Region,Add-on Pack,1,82.9,partner,C02211
5043,2026-07-06,North Region,Standard Plan,1,77.27,mobile,C02224
5044,2026-07-06,North Region,Pro Plan,2,74.6,mobile,C02598
5045,2026-07-06,North Region,Pro Plan,1,83.76,web,C00961
5046,2026-07-06,North Region,Standard Plan,2,77.22,mobile,C00391
5047,2026-07-06,North Region,Pro Plan,1,84.93,web,C01394
5048,2026-07-06,North Region,Pro Plan,1,80.69,mobile,C01127
5049,2026-07-06,North Region,Standard Plan,1,85.23,partner,C02063
5050,2026-07-06,North Region,Pro Plan,1,81.2,partner,C02218
5051,2026-07-07,North Region,Pro Plan,2,80.23,web,C01657
5052,2026-07-07,North Region,Standard Plan,1,61.69,mobile,C01976
5053,2026-07-07,North Region,Standard Plan,1,79.11,mobile,C01250
5054,2026-07-07,North Region,Standard Plan,1,84.65,partner,C01529
5055,2026-07-07,North Region,Standard Plan,2,82.57,web,C02276
5056,2026-07-07,North Region,Standard Plan,1,65.9,web,C00436
5057,2026-07-07,North Region,Add-on Pack,2,66.19,web,C01229
5058,2026-07-07,North Region,Pro Plan,2,65.88,web,C02413
5059,2026-07-07,North Region,Pro Plan,1,85.16,web,C00695
5060,2026-07-07,North Region,Standard Plan,1,67.88,web,C01178
5061,2026-07-07,North Region,Add-on Pack,1,76.8,web,C02481
5062,2026-07-07,North Region,Add-on Pack,2,79.02,web,C02842
5063,2026-07-07,North Region,Pro Plan,2,62.28,mobile,C00002
5064,2026-07-07,North Region,Pro Plan,1,86.18,web,C02379
5065,2026-07-07,North Region,Pro Plan,1,72.9,web,C01955
5066,2026-07-07,North Region,Pro Plan,1,78.8,partner,C00949
5067,2026-07-07,North Region,Add-on Pack,1,63.24,partner,C00900
5068,2026-07-07,North Region,Standard Plan,1,71.28,partner,C02537
5069,2026-07-07,North Region,Standard Plan,1,64.86,mobile,C00384
5070,2026-07-07,North Region,Standard Plan,1,87.03,mobile,C00024
5071,2026-07-07,North Region,Add-on Pack,1,62.47,partner,C00589
5072,2026-07-07,North Region,Pro Plan,1,74.42,mobile,C01639
5073,2026-07-07,North Region,Pro Plan,2,72.09,web,C01942
5074,2026-07-07,North Region,Pro Plan,2,84.87,mobile,C00895
5075,2026-07-07,North Region,Add-on Pack,1,75.5,web,C00061
5076,2026-07-07,North Region,Add-on Pack,2,70.06,web,C00819
5077,2026-07-07,North Region,Pro Plan,2,72.72,mobile,C02700
5078,2026-07-07,North Region,Standard Plan,1,84.52,web,C00812
5079,2026-07-07,North Region,Pro Plan,1,64.32,mobile,C02919
5080,2026-07-07,North Region,Standard Plan,1,87.45,web,C00820
5081,2026-07-07,North Region,Add-on Pack,1,63.9,mobile,C01179
5082,2026-07-07,North Region,Standard Plan,1,86.1,mobile,C00732
5083,2026-07-07,North Region,Pro Plan,2,73.98,partner,C01483
5084,2026-07-07,North Region,Pro Plan,1,87.07,mobile,C02837
5085,2026-07-07,North Region,Standard Plan,1,82.69,web,C02555
5086,2026-07-07,North Region,Standard Plan,2,83.47,web,C01939
5087,2026-07-07,North Region,Pro Plan,1,84.55,partner,C02255
5088,2026-07-07,North Region,Pro Plan,1,61.74,mobile,C02539
5089,2026-07-07,North Region,Add-on Pack,1,76.56,mobile,C02857
5090,2026-07-07,North Region,Standard Plan,1,62.32,mobile,C02296
5091,2026-07-07,North Region,Standard Plan,1,73.31,mobile,C00319
5092,2026-07-08,North Region,Standard Plan,1,67.16,mobile,C01374
5093,2026-07-08,North Region,Standard Plan,2,74.83,partner,C01047
5094,2026-07-08,North Region,Pro Plan,1,76.71,web,C01471
5095,2026-07-08,North Region,Pro Plan,1,82.22,partner,C00924
5096,2026-07-08,North Region,Pro Plan,1,84.1,mobile,C02292
5097,2026-07-08,North Region,Add-on Pack,2,62.33,web,C00811
5098,2026-07-08,North Region,Add-on Pack,1,73.0,web,C02675
5099,2026-07-08,North Region,Standard Plan,1,87.84,partner,C01389
5100,2026-07-08,North Region,Standard Plan,1,74.82,partner,C01282
5101,2026-07-08,North Region,Pro Plan,1,81.38,web,C00375
5102,2026-07-08,North Region,Pro Plan,1,80.95,mobile,C02417
5103,2026-07-08,North Region,Add-on Pack,1,61.64,partner,C00903
5104,2026-07-08,North Region,Pro Plan,1,75.71,partner,C01751
5105,2026-07-08,North Region,Standard Plan,2,69.49,partner,C00385
5106,2026-07-08,North Region,Pro Plan,1,67.24,mobile,C00870
5107,2026-07-08,North Region,Pro Plan,2,62.59,web,C02221
5108,2026-07-08,North Region,Pro Plan,1,84.14,mobile,C01051
5109,2026-07-08,North Region,Pro Plan,1,84.29,partner,C01589
5110,2026-07-08,North Region,Standard Plan,1,72.19,mobile,C02700
5111,2026-07-08,North Region,Pro Plan,1,85.2,partner,C01527
5112,2026-07-08,North Region,Add-on Pack,1,81.51,web,C00611
5113,2026-07-08,North Region,Pro Plan,1,74.13,partner,C00451
5114,2026-07-08,North Region,Standard Plan,1,82.34,mobile,C00168
5115,2026-07-08,North Region,Add-on Pack,2,73.56,web,C01189
5116,2026-07-08,North Region,Standard Plan,2,71.08,web,C01383
5117,2026-07-08,North Region,Standard Plan,1,67.4,mobile,C01094
5118,2026-07-08,North Region,Pro Plan,1,77.31,web,C00111
5119,2026-07-08,North Region,Pro Plan,2,74.34,partner,C00865
5120,2026-07-08,North Region,Standard Plan,2,83.43,partner,C00493
5121,2026-07-08,North Region,Add-on Pack,1,86.58,partner,C00752
5122,2026-07-08,North Region,Pro Plan,2,72.36,partner,C02632
5123,2026-07-08,North Region,Pro Plan,1,82.31,partner,C01852
5124,2026-07-08,North Region,Add-on Pack,2,78.8,mobile,C00894
5125,2026-07-08,North Region,Add-on Pack,1,81.87,mobile,C01929
5126,2026-07-08,North Region,Standard Plan,1,76.78,mobile,C02785
5127,2026-07-08,North Region,Standard Plan,2,80.14,mobile,C00099
5128,2026-07-08,North Region,Add-on Pack,1,84.15,web,C02748
5129,2026-07-08,North Region,Add-on Pack,1,69.43,web,C00484
5130,2026-07-08,North Region,Add-on Pack,1,73.59,partner,C02298
5131,2026-07-08,North Region,Pro Plan,1,82.01,partner,C01645
5132,2026-07-08,North Region,Add-on Pack,1,80.87,mobile,C01601
5133,2026-07-08,North Region,Standard Plan,1,66.28,web,C01648
5134,2026-07-08,North Region,Standard Plan,1,76.92,mobile,C00786
5135,2026-07-09,North Region,Add-on Pack,1,66.02,partner,C02321
5136,2026-07-09,North Region,Add-on Pack,2,86.51,web,C02302
5137,2026-07-09,North Region,Standard Plan,1,72.59,web,C00956
5138,2026-07-09,North Region,Pro Plan,1,63.66,partner,C01733
5139,2026-07-09,North Region,Pro Plan,1,77.81,mobile,C02406
5140,2026-07-09,North Region,Pro Plan,1,65.49,partner,C02849
5141,2026-07-09,North Region,Add-on Pack,1,75.77,web,C02764
5142,2026-07-09,North Region,Standard Plan,1,87.25,partner,C02621
5143,2026-07-09,North Region,Add-on Pack,1,80.03,mobile,C01470
5144,2026-07-09,North Region,Add-on Pack,2,77.81,mobile,C00110
5145,2026-07-09,North Region,Pro Plan,1,77.49,partner,C01393
5146,2026-07-09,North Region,Add-on Pack,1,73.15,mobile,C01059
5147,2026-07-09,North Region,Add-on Pack,1,75.63,web,C02300
5148,2026-07-09,North Region,Add-on Pack,1,81.4,partner,C01005
5149,2026-07-09,North Region,Standard Plan,1,80.17,mobile,C02969
5150,2026-07-09,North Region,Add-on Pack,2,64.24,partner,C00023
5151,2026-07-09,North Region,Pro Plan,1,78.45,partner,C00909
5152,2026-07-09,North Region,Add-on Pack,1,64.3,web,C01555
5153,2026-07-09,North Region,Add-on Pack,1,84.34,partner,C02094
5154,2026-07-09,North Region,Standard Plan,1,70.14,mobile,C00190
5155,2026-07-09,North Region,Standard Plan,1,74.15,mobile,C02584
5156,2026-07-09,North Region,Pro Plan,1,62.36,web,C00128
5157,2026-07-09,North Region,Add-on Pack,1,78.31,partner,C02624
5158,2026-07-09,North Region,Standard Plan,2,73.56,web,C02166
5159,2026-07-09,North Region,Standard Plan,2,77.54,partner,C00713
5160,2026-07-09,North Region,Add-on Pack,1,84.87,mobile,C02157
5161,2026-07-09,North Region,Pro Plan,1,81.66,partner,C00079
5162,2026-07-09,North Region,Pro Plan,1,65.21,partner,C00754
5163,2026-07-09,North Region,Add-on Pack,1,78.79,web,C00309
5164,2026-07-09,North Region,Pro Plan,2,75.88,partner,C02808
5165,2026-07-09,North Region,Standard Plan,2,80.76,web,C00703
5166,2026-07-09,North Region,Pro Plan,1,72.25,web,C02284
5167,2026-07-09,North Region,Standard Plan,1,75.63,web,C02560
5168,2026-07-09,North Region,Standard Plan,1,73.61,mobile,C00798
5169,2026-07-09,North Region,Add-on Pack,1,85.72,mobile,C01104
5170,2026-07-09,North Region,Standard Plan,2,70.07,partner,C02667
5171,2026-07-09,North Region,Standard Plan,1,78.66,partner,C02788
5172,2026-07-09,North Region,Pro Plan,1,85.68,web,C00045
5173,2026-07-09,North Region,Add-on Pack,1,81.5,mobile,C00665
5174,2026-07-09,North Region,Add-on Pack,1,85.05,mobile,C02444
5175,2026-07-09,North Region,Standard Plan,1,77.13,web,C01879
5176,2026-07-09,North Region,Pro Plan,1,67.96,partner,C01091
5177,2026-07-09,North Region,Add-on Pack,1,73.48,web,C02499
5178,2026-07-09,North Region,Pro Plan,2,78.85,web,C00541
5179,2026-07-10,North Region,Standard Plan,1,71.41,partner,C01263
5180,2026-07-10,North Region,Standard Plan,1,70.77,partner,C01741
5181,2026-07-10,North Region,Pro Plan,1,74.83,partner,C02183
5182,2026-07-10,North Region,Pro Plan,1,82.68,partner,C00067
5183,2026-07-10,North Region,Standard Plan,1,84.96,partner,C02240
5184,2026-07-10,North Region,Standard Plan,2,64.43,mobile,C01019
5185,2026-07-10,North Region,Add-on Pack,2,71.25,mobile,C00624
5186,2026-07-10,North Region,Standard Plan,1,87.33,mobile,C00158
5187,2026-07-10,North Region,Pro Plan,2,72.17,partner,C02560
5188,2026-07-10,North Region,Add-on Pack,1,72.29,web,C01528
5189,2026-07-10,North Region,Add-on Pack,2,69.64,partner,C00714
5190,2026-07-10,North Region,Standard Plan,1,81.56,web,C02478
5191,2026-07-10,North Region,Add-on Pack,1,71.73,mobile,C02309
5192,2026-07-10,North Region,Add-on Pack,2,64.7,mobile,C01631
5193,2026-07-10,North Region,Standard Plan,2,87.49,web,C00775
5194,2026-07-10,North Region,Pro Plan,1,71.45,partner,C02471
5195,2026-07-10,North Region,Add-on Pack,1,76.11,mobile,C02265
5196,2026-07-10,North Region,Add-on Pack,2,74.19,partner,C02109
5197,2026-07-10,North Region,Pro Plan,2,80.52,partner,C00768
5198,2026-07-10,North Region,Pro Plan,2,86.13,web,C01234
5199,2026-07-10,North Region,Standard Plan,1,67.92,web,C02144
5200,2026-07-10,North Region,Pro Plan,1,85.55,web,C01341
5201,2026-07-10,North Region,Standard Plan,1,77.6,partner,C00347
5202,2026-07-10,North Region,Standard Plan,2,88.16,web,C00121
5203,2026-07-10,North Region,Standard Plan,1,85.59,mobile,C00204
5204,2026-07-10,North Region,Add-on Pack,2,87.83,mobile,C00602
5205,2026-07-10,North Region,Add-on Pack,1,80.9,mobile,C02671
5206,2026-07-10,North Region,Add-on Pack,1,67.37,mobile,C02995
5207,2026-07-10,North Region,Add-on Pack,1,63.12,web,C00069
5208,2026-07-10,North Region,Standard Plan,2,75.25,mobile,C00624
5209,2026-07-10,North Region,Add-on Pack,2,84.15,web,C00136
5210,2026-07-10,North Region,Add-on Pack,2,77.87,partner,C01341
5211,2026-07-10,North Region,Add-on Pack,1,71.64,partner,C02733
5212,2026-07-10,North Region,Add-on Pack,1,64.88,mobile,C02544
5213,2026-07-10,North Region,Add-on Pack,1,78.85,partner,C00749
5214,2026-07-10,North Region,Standard Plan,1,70.36,web,C02336
5215,2026-07-10,North Region,Pro Plan,2,88.22,partner,C00420
5216,2026-07-10,North Region,Add-on Pack,2,86.86,web,C02329
5217,2026-07-10,North Region,Add-on Pack,1,86.26,partner,C01516
5218,2026-07-10,North Region,Pro Plan,1,75.72,web,C01941
5219,2026-07-10,North Region,Add-on Pack,1,71.11,mobile,C02522
5220,2026-07-10,North Region,Pro Plan,2,72.33,partner,C01365
5221,2026-07-11,North Region,Standard Plan,1,81.81,web,C01269
5222,2026-07-11,North Region,Standard Plan,1,82.83,mobile,C01056
5223,2026-07-11,North Region,Standard Plan,1,80.53,web,C00298
5224,2026-07-11,North Region,Add-on Pack,1,66.48,mobile,C00398
5225,2026-07-11,North Region,Standard Plan,2,62.61,mobile,C00805
5226,2026-07-11,North Region,Add-on Pack,2,65.81,mobile,C00255
5227,2026-07-11,North Region,Standard Plan,1,72.6,web,C00601
5228,2026-07-11,North Region,Add-on Pack,1,70.27,partner,C00813
5229,2026-07-11,North Region,Add-on Pack,1,74.37,mobile,C00166
5230,2026-07-11,North Region,Standard Plan,1,69.31,mobile,C01272
5231,2026-07-11,North Region,Pro Plan,1,84.23,partner,C02495
5232,2026-07-11,North Region,Standard Plan,2,82.41,mobile,C00106
5233,2026-07-11,North Region,Pro Plan,2,81.59,web,C00924
5234,2026-07-11,North Region,Pro Plan,1,88.03,partner,C01927
5235,2026-07-11,North Region,Pro Plan,1,69.94,mobile,C02580
5236,2026-07-11,North Region,Standard Plan,1,87.79,web,C01980
5237,2026-07-11,North Region,Add-on Pack,1,67.7,partner,C02430
5238,2026-07-11,North Region,Pro Plan,1,63.33,mobile,C00789
5239,2026-07-11,North Region,Pro Plan,1,62.21,partner,C01451
5240,2026-07-11,North Region,Add-on Pack,1,61.24,partner,C00324
5241,2026-07-11,North Region,Add-on Pack,1,81.24,mobile,C01851
5242,2026-07-11,North Region,Pro Plan,2,68.58,partner,C01499
5243,2026-07-11,North Region,Standard Plan,1,77.58,mobile,C00193
5244,2026-07-11,North Region,Add-on Pack,2,74.58,web,C00208
5245,2026-07-11,North Region,Pro Plan,1,61.51,web,C02937
5246,2026-07-11,North Region,Pro Plan,1,69.87,web,C02211
5247,2026-07-11,North Region,Pro Plan,1,87.98,partner,C02916
5248,2026-07-11,North Region,Add-on Pack,1,65.27,partner,C00099
5249,2026-07-11,North Region,Add-on Pack,2,66.88,mobile,C00657
5250,2026-07-11,North Region,Add-on Pack,1,81.09,partner,C01523
5251,2026-07-11,North Region,Add-on Pack,1,76.29,partner,C02841
5252,2026-07-11,North Region,Add-on Pack,2,61.77,partner,C02214
5253,2026-07-11,North Region,Standard Plan,1,65.32,web,C02491
5254,2026-07-11,North Region,Add-on Pack,2,70.39,mobile,C02835
5255,2026-07-11,North Region,Pro Plan,1,80.49,web,C02959
5256,2026-07-11,North Region,Standard Plan,2,70.52,web,C00820
5257,2026-07-11,North Region,Standard Plan,2,86.57,mobile,C01080
5258,2026-07-11,North Region,Standard Plan,1,74.89,mobile,C01997
5259,2026-07-11,North Region,Standard Plan,2,74.95,web,C02444
5260,2026-07-11,North Region,Standard Plan,1,62.32,partner,C02865
5261,2026-07-11,North Region,Add-on Pack,1,63.72,web,C00324
5262,2026-07-11,North Region,Standard Plan,1,66.63,mobile,C01551
5263,2026-07-11,North Region,Standard Plan,1,63.82,partner,C01387
5264,2026-07-12,North Region,Standard Plan,2,70.53,web,C00764
5265,2026-07-12,North Region,Add-on Pack,2,64.45,web,C01210
5266,2026-07-12,North Region,Pro Plan,1,82.93,web,C00075
5267,2026-07-12,North Region,Pro Plan,2,67.34,partner,C00029
5268,2026-07-12,North Region,Pro Plan,1,74.19,mobile,C02913
5269,2026-07-12,North Region,Pro Plan,1,69.26,partner,C02781
5270,2026-07-12,North Region,Add-on Pack,1,82.21,web,C01818
5271,2026-07-12,North Region,Standard Plan,1,69.07,partner,C02345
5272,2026-07-12,North Region,Pro Plan,1,81.03,mobile,C01991
5273,2026-07-12,North Region,Pro Plan,1,88.34,mobile,C00737
5274,2026-07-12,North Region,Standard Plan,2,70.09,web,C01489
5275,2026-07-12,North Region,Standard Plan,1,87.75,partner,C01575
5276,2026-07-12,North Region,Standard Plan,1,81.32,web,C00532
5277,2026-07-12,North Region,Pro Plan,2,74.42,web,C00886
5278,2026-07-12,North Region,Pro Plan,1,75.26,mobile,C00213
5279,2026-07-12,North Region,Pro Plan,2,67.63,mobile,C00978
5280,2026-07-12,North Region,Pro Plan,1,83.76,web,C00530
5281,2026-07-12,North Region,Add-on Pack,1,75.64,partner,C02594
5282,2026-07-12,North Region,Pro Plan,1,68.43,partner,C02233
5283,2026-07-12,North Region,Add-on Pack,1,64.48,partner,C00180
5284,2026-07-12,North Region,Add-on Pack,1,64.42,web,C00972
5285,2026-07-12,North Region,Add-on Pack,1,61.98,web,C00096
5286,2026-07-12,North Region,Add-on Pack,1,68.33,partner,C00820
5287,2026-07-12,North Region,Pro Plan,2,81.79,partner,C02448
5288,2026-07-12,North Region,Pro Plan,1,67.49,partner,C02660
5289,2026-07-12,North Region,Standard Plan,1,87.56,web,C02553
5290,2026-07-12,North Region,Add-on Pack,1,75.71,web,C01899
5291,2026-07-12,North Region,Pro Plan,2,86.15,mobile,C02710
5292,2026-07-12,North Region,Pro Plan,1,68.21,partner,C02419
5293,2026-07-12,North Region,Standard Plan,1,62.39,partner,C02281
5294,2026-07-12,North Region,Add-on Pack,1,68.86,mobile,C00923
5295,2026-07-12,North Region,Add-on Pack,1,63.66,partner,C02299
5296,2026-07-12,North Region,Standard Plan,2,80.74,mobile,C02578
5297,2026-07-12,North Region,Pro Plan,1,75.6,mobile,C01353
5298,2026-07-12,North Region,Pro Plan,1,87.87,web,C02446
5299,2026-07-12,North Region,Add-on Pack,1,71.29,mobile,C02526
5300,2026-07-12,North Region,Pro Plan,2,62.62,mobile,C00050
5301,2026-07-12,North Region,Standard Plan,2,87.57,web,C01721
5302,2026-07-12,North Region,Standard Plan,2,69.62,web,C01834
5303,2026-07-12,North Region,Standard Plan,1,69.26,mobile,C01664
5304,2026-07-12,North Region,Standard Plan,1,64.77,web,C01500
5305,2026-07-12,North Region,Add-on Pack,1,71.13,mobile,C00816
5306,2026-07-12,North Region,Add-on Pack,2,61.32,web,C02783
5307,2026-07-12,North Region,Add-on Pack,1,78.47,mobile,C02036
5308,2026-07-13,North Region,Pro Plan,1,72.71,partner,C01803
5309,2026-07-13,North Region,Add-on Pack,1,62.88,web,C01048
5310,2026-07-13,North Region,Pro Plan,1,63.24,partner,C01337
5311,2026-07-13,North Region,Pro Plan,1,73.23,web,C02907
5312,2026-07-13,North Region,Pro Plan,1,87.55,web,C00398
5313,2026-07-13,North Region,Add-on Pack,2,83.28,partner,C00223
5314,2026-07-13,North Region,Pro Plan,1,80.86,partner,C00328
5315,2026-07-13,North Region,Add-on Pack,2,86.56,mobile,C01231
5316,2026-07-13,North Region,Add-on Pack,1,72.21,mobile,C01353
5317,2026-07-13,North Region,Pro Plan,1,85.28,web,C01321
5318,2026-07-13,North Region,Add-on Pack,1,77.72,partner,C02747
5319,2026-07-13,North Region,Add-on Pack,1,73.71,mobile,C02813
5320,2026-07-13,North Region,Pro Plan,1,62.54,web,C02843
5321,2026-07-13,North Region,Pro Plan,1,84.25,partner,C01087
5322,2026-07-13,North Region,Standard Plan,1,84.47,partner,C00761
5323,2026-07-13,North Region,Standard Plan,1,61.89,mobile,C02003
5324,2026-07-13,North Region,Standard Plan,1,67.1,partner,C02894
5325,2026-07-13,North Region,Add-on Pack,1,80.2,partner,C00546
5326,2026-07-13,North Region,Standard Plan,2,76.58,mobile,C01062
5327,2026-07-13,North Region,Standard Plan,1,66.26,mobile,C00984
5328,2026-07-13,North Region,Standard Plan,2,83.38,mobile,C02529
5329,2026-07-13,North Region,Add-on Pack,1,78.95,web,C01800
5330,2026-07-13,North Region,Pro Plan,1,86.18,web,C02953
5331,2026-07-13,North Region,Add-on Pack,1,84.8,web,C00560
5332,2026-07-13,North Region,Standard Plan,1,79.86,partner,C00385
5333,2026-07-13,North Region,Pro Plan,1,79.93,web,C01734
5334,2026-07-13,North Region,Add-on Pack,1,66.34,partner,C01143
5335,2026-07-13,North Region,Pro Plan,1,64.96,mobile,C02703
5336,2026-07-13,North Region,Standard Plan,1,77.65,partner,C00038
5337,2026-07-13,North Region,Add-on Pack,1,74.34,web,C01345
5338,2026-07-13,North Region,Pro Plan,1,79.97,mobile,C00236
5339,2026-07-13,North Region,Pro Plan,1,70.0,web,C02258
5340,2026-07-13,North Region,Standard Plan,1,64.58,partner,C01612
5341,2026-07-13,North Region,Pro Plan,1,87.98,partner,C00634
5342,2026-07-13,North Region,Standard Plan,2,82.24,partner,C02969
5343,2026-07-13,North Region,Standard Plan,2,86.05,mobile,C01915
5344,2026-07-13,North Region,Pro Plan,1,67.14,mobile,C02974
5345,2026-07-13,North Region,Add-on Pack,1,80.24,mobile,C01646
5346,2026-07-13,North Region,Pro Plan,1,81.06,mobile,C00015
5347,2026-07-13,North Region,Standard Plan,1,76.39,web,C01551
5348,2026-07-14,North Region,Pro Plan,1,77.91,partner,C02063
5349,2026-07-14,North Region,Pro Plan,1,64.88,web,C02982
5350,2026-07-14,North Region,Standard Plan,1,78.62,partner,C00220
5351,2026-07-14,North Region,Standard Plan,1,85.62,web,C02767
5352,2026-07-14,North Region,Add-on Pack,2,84.82,mobile,C02074
5353,2026-07-14,North Region,Standard Plan,2,72.84,web,C01521
5354,2026-07-14,North Region,Add-on Pack,2,86.39,web,C00057
5355,2026-07-14,North Region,Standard Plan,2,67.87,web,C02083
5356,2026-07-14,North Region,Add-on Pack,2,87.91,mobile,C01687
5357,2026-07-14,North Region,Add-on Pack,2,63.13,mobile,C01291
5358,2026-07-14,North Region,Add-on Pack,1,74.41,web,C02142
5359,2026-07-14,North Region,Standard Plan,2,87.88,partner,C02353
5360,2026-07-14,North Region,Add-on Pack,1,80.46,mobile,C02453
5361,2026-07-14,North Region,Add-on Pack,1,74.97,partner,C02541
5362,2026-07-14,North Region,Pro Plan,1,83.34,mobile,C02447
5363,2026-07-14,North Region,Add-on Pack,1,82.97,web,C01708
5364,2026-07-14,North Region,Pro Plan,1,69.27,web,C00912
5365,2026-07-14,North Region,Add-on Pack,2,68.2,web,C00536
5366,2026-07-14,North Region,Standard Plan,1,65.47,partner,C00428
5367,2026-07-14,North Region,Pro Plan,1,77.95,web,C01031
5368,2026-07-14,North Region,Standard Plan,1,61.31,web,C02806
5369,2026-07-14,North Region,Pro Plan,1,73.08,web,C00791
5370,2026-07-14,North Region,Add-on Pack,1,87.64,mobile,C01230
5371,2026-07-14,North Region,Standard Plan,1,83.69,mobile,C01629
5372,2026-07-14,North Region,Add-on Pack,2,73.74,web,C02103
5373,2026-07-14,North Region,Add-on Pack,1,75.52,web,C01845
5374,2026-07-14,North Region,Add-on Pack,2,78.69,web,C01351
5375,2026-07-14,North Region,Add-on Pack,1,76.07,web,C01589
5376,2026-07-14,North Region,Add-on Pack,1,62.55,partner,C00819
5377,2026-07-14,North Region,Add-on Pack,1,80.87,mobile,C01254
5378,2026-07-14,North Region,Pro Plan,1,81.53,mobile,C00101
5379,2026-07-14,North Region,Add-on Pack,2,70.03,partner,C01818
5380,2026-07-14,North Region,Add-on Pack,2,68.53,web,C02779
5381,2026-07-14,North Region,Add-on Pack,1,67.77,partner,C01822
5382,2026-07-14,North Region,Standard Plan,1,66.68,web,C02225
5383,2026-07-14,North Region,Standard Plan,1,76.81,mobile,C00343
5384,2026-07-14,North Region,Pro Plan,1,72.1,web,C01715
5385,2026-07-14,North Region,Pro Plan,1,70.89,partner,C01842
5386,2026-07-14,North Region,Add-on Pack,1,74.98,mobile,C02045
5387,2026-07-14,North Region,Add-on Pack,2,86.41,mobile,C01343
5388,2026-07-15,North Region,Pro Plan,1,70.78,mobile,C01927
5389,2026-07-15,North Region,Pro Plan,1,68.67,web,C01583
5390,2026-07-15,North Region,Add-on Pack,2,73.34,partner,C00544
5391,2026-07-15,North Region,Pro Plan,1,79.79,web,C01699
5392,2026-07-15,North Region,Pro Plan,1,70.8,web,C00631
5393,2026-07-15,North Region,Standard Plan,1,85.46,mobile,C00282
5394,2026-07-15,North Region,Add-on Pack,2,77.21,mobile,C00021
5395,2026-07-15,North Region,Standard Plan,1,83.01,web,C02168
5396,2026-07-15,North Region,Pro Plan,2,86.01,web,C02100
5397,2026-07-15,North Region,Standard Plan,2,83.95,web,C02991
5398,2026-07-15,North Region,Standard Plan,1,73.51,mobile,C00795
5399,2026-07-15,North Region,Standard Plan,1,85.19,mobile,C00631
5400,2026-07-15,North Region,Standard Plan,2,75.15,web,C00711
5401,2026-07-15,North Region,Standard Plan,1,82.89,partner,C00199
5402,2026-07-15,North Region,Add-on Pack,1,77.83,web,C02494
5403,2026-07-15,North Region,Pro Plan,1,81.51,mobile,C02737
5404,2026-07-15,North Region,Add-on Pack,2,61.53,partner,C00272
5405,2026-07-15,North Region,Add-on Pack,2,74.14,partner,C01995
5406,2026-07-15,North Region,Standard Plan,1,84.07,web,C02275
5407,2026-07-15,North Region,Pro Plan,1,64.18,mobile,C02497
5408,2026-07-15,North Region,Pro Plan,1,75.52,mobile,C00174
5409,2026-07-15,North Region,Pro Plan,2,66.77,partner,C02016
5410,2026-07-15,North Region,Pro Plan,1,88.07,partner,C01319
5411,2026-07-15,North Region,Pro Plan,1,78.61,partner,C01029
5412,2026-07-15,North Region,Add-on Pack,1,61.71,partner,C02573
5413,2026-07-15,North Region,Add-on Pack,2,62.43,web,C00691
5414,2026-07-15,North Region,Add-on Pack,1,77.98,web,C02666
5415,2026-07-15,North Region,Standard Plan,1,83.0,mobile,C02173
5416,2026-07-15,North Region,Add-on Pack,1,87.72,mobile,C02133
5417,2026-07-15,North Region,Pro Plan,1,77.81,mobile,C00784
5418,2026-07-15,North Region,Pro Plan,1,65.38,web,C02309
5419,2026-07-15,North Region,Add-on Pack,2,73.17,mobile,C01171
5420,2026-07-15,North Region,Add-on Pack,1,73.08,partner,C01497
5421,2026-07-15,North Region,Standard Plan,1,79.05,partner,C01743
5422,2026-07-15,North Region,Add-on Pack,1,68.47,web,C00016
5423,2026-07-15,North Region,Add-on Pack,1,75.4,partner,C01311
5424,2026-07-15,North Region,Add-on Pack,2,75.34,partner,C02107
5425,2026-07-15,North Region,Pro Plan,2,64.08,web,C01003
5426,2026-07-15,North Region,Add-on Pack,1,82.05,mobile,C00128
5427,2026-07-15,North Region,Add-on Pack,2,78.68,partner,C02551
5428,2026-07-15,North Region,Pro Plan,2,65.71,mobile,C01199
5429,2026-07-15,North Region,Add-on Pack,2,66.91,web,C02867
5430,2026-07-16,North Region,Pro Plan,1,72.16,partner,C02631
5431,2026-07-16,North Region,Add-on Pack,1,63.55,partner,C00370
5432,2026-07-16,North Region,Pro Plan,1,75.91,mobile,C00601
5433,2026-07-16,North Region,Pro Plan,1,83.59,partner,C01280
5434,2026-07-16,North Region,Pro Plan,1,78.14,mobile,C00626
5435,2026-07-16,North Region,Standard Plan,1,64.83,web,C02678
5436,2026-07-16,North Region,Pro Plan,1,64.44,web,C00702
5437,2026-07-16,North Region,Standard Plan,1,74.03,web,C02902
5438,2026-07-16,North Region,Pro Plan,1,69.8,partner,C02221
5439,2026-07-16,North Region,Add-on Pack,1,78.55,partner,C02262
5440,2026-07-16,North Region,Pro Plan,2,83.23,partner,C01323
5441,2026-07-16,North Region,Add-on Pack,2,68.26,mobile,C02034
5442,2026-07-16,North Region,Pro Plan,1,69.74,partner,C02216
5443,2026-07-16,North Region,Add-on Pack,2,79.85,partner,C00861
5444,2026-07-16,North Region,Pro Plan,1,75.19,partner,C00266
5445,2026-07-16,North Region,Pro Plan,1,74.64,partner,C02380
5446,2026-07-16,North Region,Pro Plan,2,71.25,web,C01659
5447,2026-07-16,North Region,Add-on Pack,1,66.91,partner,C02097
5448,2026-07-16,North Region,Pro Plan,1,72.38,web,C00070
5449,2026-07-16,North Region,Add-on Pack,1,74.23,web,C00975
5450,2026-07-16,North Region,Add-on Pack,1,72.06,web,C00470
5451,2026-07-16,North Region,Add-on Pack,1,82.59,partner,C01367
5452,2026-07-16,North Region,Add-on Pack,1,63.6,web,C02323
5453,2026-07-16,North Region,Add-on Pack,2,82.66,partner,C00403
5454,2026-07-16,North Region,Add-on Pack,1,82.06,partner,C02001
5455,2026-07-16,North Region,Standard Plan,2,86.1,partner,C02442
5456,2026-07-16,North Region,Standard Plan,1,84.95,mobile,C02401
5457,2026-07-16,North Region,Standard Plan,1,67.17,partner,C02273
5458,2026-07-16,North Region,Standard Plan,1,71.74,web,C01126
5459,2026-07-16,North Region,Add-on Pack,2,75.11,partner,C01245
5460,2026-07-16,North Region,Add-on Pack,1,85.74,web,C02924
5461,2026-07-16,North Region,Pro Plan,2,62.4,mobile,C01886
5462,2026-07-16,North Region,Add-on Pack,1,77.91,web,C01386
5463,2026-07-16,North Region,Pro Plan,1,79.98,mobile,C01812
5464,2026-07-16,North Region,Standard Plan,1,81.32,partner,C00894
5465,2026-07-16,North Region,Standard Plan,1,69.98,partner,C00175
5466,2026-07-16,North Region,Add-on Pack,1,84.16,mobile,C02770
5467,2026-07-16,North Region,Standard Plan,1,70.92,partner,C01960
5468,2026-07-16,North Region,Add-on Pack,1,77.62,partner,C01122
5469,2026-07-16,North Region,Add-on Pack,1,83.56,web,C01275
5470,2026-07-17,North Region,Add-on Pack,1,75.82,web,C01276
5471,2026-07-17,North Region,Standard Plan,2,69.59,web,C02669
5472,2026-07-17,North Region,Add-on Pack,1,63.99,web,C02655
5473,2026-07-17,North Region,Pro Plan,1,84.34,mobile,C02195
5474,2026-07-17,North Region,Pro Plan,2,64.3,partner,C02465
5475,2026-07-17,North Region,Standard Plan,2,81.43,mobile,C02531
5476,2026-07-17,North Region,Pro Plan,1,75.83,web,C02617
5477,2026-07-17,North Region,Pro Plan,1,83.08,mobile,C01747
5478,2026-07-17,North Region,Add-on Pack,2,69.14,mobile,C02354
5479,2026-07-17,North Region,Pro Plan,1,61.87,mobile,C02973
5480,2026-07-17,North Region,Pro Plan,1,87.14,web,C01770
5481,2026-07-17,North Region,Standard Plan,1,86.7,mobile,C00896
5482,2026-07-17,North Region,Pro Plan,1,74.96,web,C01455
5483,2026-07-17,North Region,Add-on Pack,1,86.9,mobile,C02894
5484,2026-07-17,North Region,Standard Plan,1,77.56,partner,C01799
5485,2026-07-17,North Region,Standard Plan,2,64.04,partner,C00854
5486,2026-07-17,North Region,Add-on Pack,1,62.23,mobile,C02291
5487,2026-07-17,North Region,Pro Plan,1,86.27,partner,C00671
5488,2026-07-17,North Region,Standard Plan,1,67.36,web,C01540
5489,2026-07-17,North Region,Add-on Pack,1,71.34,partner,C01042
5490,2026-07-17,North Region,Add-on Pack,2,67.93,mobile,C00099
5491,2026-07-17,North Region,Pro Plan,1,85.96,mobile,C01575
5492,2026-07-17,North Region,Pro Plan,2,80.49,web,C02979
5493,2026-07-17,North Region,Standard Plan,1,70.59,partner,C01161
5494,2026-07-17,North Region,Add-on Pack,2,63.44,mobile,C02498
5495,2026-07-17,North Region,Standard Plan,2,72.75,web,C01380
5496,2026-07-17,North Region,Standard Plan,1,86.99,web,C02104
5497,2026-07-17,North Region,Add-on Pack,1,63.76,partner,C01175
5498,2026-07-17,North Region,Standard Plan,1,67.4,mobile,C02735
5499,2026-07-17,North Region,Pro Plan,1,71.72,partner,C02420
5500,2026-07-17,North Region,Pro Plan,1,83.43,partner,C01995
5501,2026-07-17,North Region,Pro Plan,1,69.03,partner,C02945
5502,2026-07-17,North Region,Standard Plan,1,75.78,partner,C02609
5503,2026-07-17,North Region,Standard Plan,1,87.61,web,C01740
5504,2026-07-17,North Region,Add-on Pack,1,70.66,partner,C02974
5505,2026-07-17,North Region,Add-on Pack,1,77.12,web,C02285
5506,2026-07-17,North Region,Standard Plan,2,72.5,mobile,C00505
5507,2026-07-17,North Region,Add-on Pack,2,81.5,mobile,C01784
5508,2026-07-17,North Region,Standard Plan,1,61.24,partner,C01615
5509,2026-07-17,North Region,Standard Plan,1,68.76,web,C00525
5510,2026-07-17,North Region,Standard Plan,1,79.7,mobile,C02514
5511,2026-07-17,North Region,Add-on Pack,1,76.0,web,C02971
5512,2026-07-18,North Region,Pro Plan,2,76.26,mobile,C01467
5513,2026-07-18,North Region,Add-on Pack,1,81.34,mobile,C01853
5514,2026-07-18,North Region,Add-on Pack,1,63.16,partner,C01247
5515,2026-07-18,North Region,Pro Plan,1,83.35,mobile,C01204
5516,2026-07-18,North Region,Standard Plan,1,77.98,web,C01436
5517,2026-07-18,North Region,Standard Plan,2,73.66,mobile,C01779
5518,2026-07-18,North Region,Pro Plan,2,65.01,web,C00451
5519,2026-07-18,North Region,Add-on Pack,2,71.64,web,C01555
5520,2026-07-18,North Region,Standard Plan,1,63.01,partner,C02634
5521,2026-07-18,North Region,Pro Plan,1,85.51,mobile,C02387
5522,2026-07-18,North Region,Standard Plan,2,78.59,partner,C01797
5523,2026-07-18,North Region,Pro Plan,1,84.34,web,C01224
5524,2026-07-18,North Region,Add-on Pack,1,62.42,partner,C01325
5525,2026-07-18,North Region,Standard Plan,1,87.66,mobile,C00261
5526,2026-07-18,North Region,Add-on Pack,1,80.84,mobile,C01182
5527,2026-07-18,North Region,Add-on Pack,2,68.16,mobile,C00577
5528,2026-07-18,North Region,Standard Plan,1,75.71,partner,C00004
5529,2026-07-18,North Region,Pro Plan,1,73.95,web,C00271
5530,2026-07-18,North Region,Pro Plan,1,86.36,mobile,C02996
5531,2026-07-18,North Region,Add-on Pack,1,80.12,partner,C01976
5532,2026-07-18,North Region,Pro Plan,1,76.98,web,C01465
5533,2026-07-18,North Region,Standard Plan,2,64.31,partner,C02118
5534,2026-07-18,North Region,Pro Plan,1,77.24,web,C00261
5535,2026-07-18,North Region,Standard Plan,1,85.0,mobile,C00058
5536,2026-07-18,North Region,Add-on Pack,1,69.96,mobile,C02030
5537,2026-07-18,North Region,Add-on Pack,1,73.04,partner,C00796
5538,2026-07-18,North Region,Standard Plan,1,80.2,partner,C00212
5539,2026-07-18,North Region,Standard Plan,2,63.92,web,C00352
5540,2026-07-18,North Region,Pro Plan,1,66.81,mobile,C00378
5541,2026-07-18,North Region,Standard Plan,2,68.0,mobile,C02191
5542,2026-07-18,North Region,Pro Plan,1,65.85,web,C01991
5543,2026-07-18,North Region,Add-on Pack,2,63.31,web,C00186
5544,2026-07-18,North Region,Add-on Pack,1,79.46,mobile,C01234
5545,2026-07-18,North Region,Standard Plan,2,70.19,web,C01666
5546,2026-07-18,North Region,Add-on Pack,1,76.1,web,C01753
5547,2026-07-18,North Region,Add-on Pack,1,79.06,partner,C00296
5548,2026-07-18,North Region,Pro Plan,1,86.82,partner,C00804
5549,2026-07-18,North Region,Standard Plan,1,72.2,web,C00800
5550,2026-07-18,North Region,Standard Plan,2,66.23,mobile,C02651
5551,2026-07-18,North Region,Add-on Pack,1,86.83,partner,C01338
5552,2026-07-18,North Region,Standard Plan,1,65.78,web,C01185
5553,2026-07-18,North Region,Standard Plan,2,61.94,mobile,C00151
5554,2026-07-18,North Region,Standard Plan,1,69.77,mobile,C02412
5555,2026-07-19,North Region,Standard Plan,2,61.72,mobile,C01024
5556,2026-07-19,North Region,Standard Plan,1,84.29,web,C00556
5557,2026-07-19,North Region,Standard Plan,1,68.76,mobile,C00951
5558,2026-07-19,North Region,Add-on Pack,1,64.75,web,C01526
5559,2026-07-19,North Region,Pro Plan,1,65.0,web,C02717
5560,2026-07-19,North Region,Add-on Pack,1,77.9,web,C00467
5561,2026-07-19,North Region,Standard Plan,1,68.16,web,C00916
5562,2026-07-19,North Region,Add-on Pack,1,63.95,partner,C00714
5563,2026-07-19,North Region,Pro Plan,2,66.14,web,C00880
5564,2026-07-19,North Region,Standard Plan,1,67.82,mobile,C01687
5565,2026-07-19,North Region,Add-on Pack,1,68.91,web,C01247
5566,2026-07-19,North Region,Standard Plan,1,74.82,mobile,C02497
5567,2026-07-19,North Region,Pro Plan,1,72.85,web,C01081
5568,2026-07-19,North Region,Add-on Pack,2,75.13,web,C01097
5569,2026-07-19,North Region,Standard Plan,1,81.48,web,C01792
5570,2026-07-19,North Region,Pro Plan,2,78.52,partner,C00994
5571,2026-07-19,North Region,Pro Plan,1,79.2,web,C02548
5572,2026-07-19,North Region,Pro Plan,1,83.79,mobile,C00378
5573,2026-07-19,North Region,Pro Plan,2,79.92,mobile,C01520
5574,2026-07-19,North Region,Pro Plan,1,76.51,mobile,C01999
5575,2026-07-19,North Region,Pro Plan,1,87.32,web,C02620
5576,2026-07-19,North Region,Add-on Pack,2,62.85,mobile,C01230
5577,2026-07-19,North Region,Standard Plan,1,68.45,web,C01021
5578,2026-07-19,North Region,Pro Plan,1,84.29,web,C01182
5579,2026-07-19,North Region,Pro Plan,1,82.35,mobile,C01779
5580,2026-07-19,North Region,Add-on Pack,1,69.84,mobile,C00854
5581,2026-07-19,North Region,Add-on Pack,2,76.99,web,C02597
5582,2026-07-19,North Region,Add-on Pack,1,76.2,partner,C01024
5583,2026-07-19,North Region,Standard Plan,2,69.08,mobile,C02427
5584,2026-07-19,North Region,Standard Plan,1,69.3,mobile,C00336
5585,2026-07-19,North Region,Standard Plan,2,78.63,web,C02562
5586,2026-07-19,North Region,Add-on Pack,1,86.53,mobile,C00871
5587,2026-07-19,North Region,Add-on Pack,1,69.0,partner,C01758
5588,2026-07-19,North Region,Standard Plan,1,79.39,mobile,C00415
5589,2026-07-19,North Region,Pro Plan,1,81.08,mobile,C02317
5590,2026-07-19,North Region,Pro Plan,1,77.25,partner,C02493
5591,2026-07-19,North Region,Add-on Pack,1,82.62,mobile,C00394
5592,2026-07-19,North Region,Pro Plan,1,84.6,web,C01613
5593,2026-07-19,North Region,Add-on Pack,2,79.04,web,C00120
5594,2026-07-19,North Region,Standard Plan,1,61.83,mobile,C00536
5595,2026-07-19,North Region,Pro Plan,1,62.8,web,C00391
5596,2026-07-19,North Region,Pro Plan,2,75.79,mobile,C02269
5597,2026-07-19,North Region,Add-on Pack,1,61.72,mobile,C02998
5598,2026-07-19,North Region,Pro Plan,1,76.81,web,C00502
5599,2026-07-20,North Region,Pro Plan,1,82.52,mobile,C01626
5600,2026-07-20,North Region,Standard Plan,1,69.99,web,C02369
5601,2026-07-20,North Region,Add-on Pack,1,65.67,mobile,C01661
5602,2026-07-20,North Region,Standard Plan,1,86.15,partner,C00446
5603,2026-07-20,North Region,Pro Plan,1,64.97,web,C00882
5604,2026-07-20,North Region,Pro Plan,1,83.52,partner,C02724
5605,2026-07-20,North Region,Standard Plan,1,88.22,web,C02630
5606,2026-07-20,North Region,Pro Plan,2,80.31,partner,C01197
5607,2026-07-20,North Region,Add-on Pack,2,73.72,mobile,C02754
5608,2026-07-20,North Region,Standard Plan,1,72.4,web,C01347
5609,2026-07-20,North Region,Standard Plan,1,77.52,web,C01596
5610,2026-07-20,North Region,Standard Plan,1,65.82,web,C01644
5611,2026-07-20,North Region,Add-on Pack,1,67.92,partner,C02397
5612,2026-07-20,North Region,Standard Plan,1,81.91,web,C00928
5613,2026-07-20,North Region,Standard Plan,1,68.6,web,C01951
5614,2026-07-20,North Region,Add-on Pack,2,72.6,partner,C00841
5615,2026-07-20,North Region,Add-on Pack,1,68.64,mobile,C00187
5616,2026-07-20,North Region,Add-on Pack,1,76.04,web,C02984
5617,2026-07-20,North Region,Standard Plan,2,87.18,mobile,C02460
5618,2026-07-20,North Region,Standard Plan,1,62.23,partner,C00374
5619,2026-07-20,North Region,Standard Plan,1,72.09,partner,C02681
5620,2026-07-20,North Region,Add-on Pack,1,77.26,web,C00195
5621,2026-07-20,North Region,Pro Plan,1,79.05,web,C00617
5622,2026-07-20,North Region,Add-on Pack,2,76.48,mobile,C00488
5623,2026-07-20,North Region,Pro Plan,1,86.11,partner,C00297
5624,2026-07-20,North Region,Add-on Pack,1,77.58,mobile,C00592
5625,2026-07-20,North Region,Standard Plan,1,87.17,mobile,C02056
5626,2026-07-20,North Region,Add-on Pack,1,86.62,partner,C01070
5627,2026-07-20,North Region,Standard Plan,1,88.3,mobile,C00809
5628,2026-07-20,North Region,Standard Plan,2,72.77,partner,C02750
5629,2026-07-20,North Region,Standard Plan,1,74.41,web,C02227
5630,2026-07-20,North Region,Pro Plan,1,62.8,mobile,C00406
5631,2026-07-20,North Region,Add-on Pack,2,85.24,web,C00833
5632,2026-07-20,North Region,Standard Plan,1,82.49,partner,C02793
5633,2026-07-20,North Region,Pro Plan,1,86.39,web,C01243
5634,2026-07-20,North Region,Pro Plan,1,79.4,web,C02134
5635,2026-07-20,North Region,Add-on Pack,1,83.04,mobile,C00377
5636,2026-07-20,North Region,Standard Plan,2,64.8,partner,C01226
5637,2026-07-20,North Region,Pro Plan,2,64.92,partner,C00308
5638,2026-07-20,North Region,Add-on Pack,2,67.0,mobile,C02090
5639,2026-07-20,North Region,Pro Plan,1,74.55,mobile,C00769
5640,2026-07-20,North Region,Add-on Pack,1,63.15,web,C02610
5641,2026-07-21,North Region,Pro Plan,1,77.92,partner,C01553
5642,2026-07-21,North Region,Standard Plan,1,82.48,web,C01022
5643,2026-07-21,North Region,Add-on Pack,1,65.33,mobile,C00197
5644,2026-07-21,North Region,Standard Plan,1,80.51,mobile,C00893
5645,2026-07-21,North Region,Pro Plan,2,62.6,partner,C00760
5646,2026-07-21,North Region,Pro Plan,1,63.01,mobile,C01381
5647,2026-07-21,North Region,Standard Plan,1,88.35,partner,C02036
5648,2026-07-21,North Region,Add-on Pack,1,69.68,web,C00570
5649,2026-07-21,North Region,Add-on Pack,2,71.08,partner,C00267
5650,2026-07-21,North Region,Add-on Pack,1,73.89,partner,C02154
5651,2026-07-21,North Region,Pro Plan,1,72.78,partner,C02336
5652,2026-07-21,North Region,Add-on Pack,1,67.21,web,C01513
5653,2026-07-21,North Region,Standard Plan,1,77.27,mobile,C01850
5654,2026-07-21,North Region,Pro Plan,2,86.74,web,C01498
5655,2026-07-21,North Region,Pro Plan,1,82.37,web,C00755
5656,2026-07-21,North Region,Pro Plan,1,78.56,mobile,C00640
5657,2026-07-21,North Region,Pro Plan,1,72.19,mobile,C01504
5658,2026-07-21,North Region,Standard Plan,1,68.24,mobile,C00093
5659,2026-07-21,North Region,Add-on Pack,1,62.37,partner,C01125
5660,2026-07-21,North Region,Standard Plan,1,84.02,mobile,C02086
5661,2026-07-21,North Region,Add-on Pack,2,87.2,web,C01068
5662,2026-07-21,North Region,Standard Plan,2,82.62,web,C00022
5663,2026-07-21,North Region,Standard Plan,2,87.54,mobile,C02218
5664,2026-07-21,North Region,Add-on Pack,1,62.8,web,C01991
5665,2026-07-21,North Region,Standard Plan,1,75.79,mobile,C01670
5666,2026-07-21,North Region,Standard Plan,1,66.43,web,C01439
5667,2026-07-21,North Region,Add-on Pack,1,65.59,web,C02262
5668,2026-07-21,North Region,Standard Plan,1,66.12,mobile,C00054
5669,2026-07-21,North Region,Add-on Pack,1,68.75,web,C02155
5670,2026-07-21,North Region,Standard Plan,1,70.94,web,C00006
5671,2026-07-21,North Region,Pro Plan,1,63.71,mobile,C02480
5672,2026-07-21,North Region,Standard Plan,1,67.41,partner,C00473
5673,2026-07-21,North Region,Standard Plan,1,70.64,mobile,C00796
5674,2026-07-21,North Region,Pro Plan,2,87.51,web,C00675
5675,2026-07-21,North Region,Add-on Pack,1,75.63,web,C01789
5676,2026-07-21,North Region,Pro Plan,1,64.4,mobile,C02280
5677,2026-07-21,North Region,Standard Plan,2,77.49,partner,C00985
5678,2026-07-21,North Region,Standard Plan,1,64.67,web,C00098
5679,2026-07-21,North Region,Pro Plan,1,63.98,partner,C01350
5680,2026-07-21,North Region,Standard Plan,1,69.39,web,C02092
5681,2026-07-21,North Region,Standard Plan,1,86.49,mobile,C01924
5682,2026-07-21,North Region,Add-on Pack,2,72.35,mobile,C02576
5683,2026-07-21,North Region,Standard Plan,1,76.18,web,C02628
5684,2026-07-22,North Region,Add-on Pack,1,76.31,web,C01580
5685,2026-07-22,North Region,Standard Plan,2,81.76,partner,C02632
5686,2026-07-22,North Region,Add-on Pack,1,87.53,mobile,C02287
5687,2026-07-22,North Region,Add-on Pack,1,82.23,web,C00909
5688,2026-07-22,North Region,Add-on Pack,2,78.08,mobile,C00982
5689,2026-07-22,North Region,Add-on Pack,1,72.15,mobile,C01360
5690,2026-07-22,North Region,Add-on Pack,1,69.99,mobile,C01525
5691,2026-07-22,North Region,Add-on Pack,1,76.76,partner,C01140
5692,2026-07-22,North Region,Standard Plan,1,76.86,mobile,C02469
5693,2026-07-22,North Region,Pro Plan,1,76.61,partner,C01221
5694,2026-07-22,North Region,Pro Plan,2,85.51,web,C01546
5695,2026-07-22,North Region,Standard Plan,2,81.0,mobile,C01722
5696,2026-07-22,North Region,Pro Plan,2,67.74,mobile,C01521
5697,2026-07-22,North Region,Pro Plan,1,85.51,mobile,C01304
5698,2026-07-22,North Region,Standard Plan,1,73.28,web,C01714
5699,2026-07-22,North Region,Add-on Pack,1,76.44,partner,C02261
5700,2026-07-22,North Region,Standard Plan,1,65.01,partner,C00084
5701,2026-07-22,North Region,Add-on Pack,2,68.83,partner,C01633
5702,2026-07-22,North Region,Add-on Pack,2,77.89,mobile,C01104
5703,2026-07-22,North Region,Pro Plan,2,73.71,web,C01324
5704,2026-07-22,North Region,Standard Plan,1,75.66,web,C00577
5705,2026-07-22,North Region,Pro Plan,1,65.94,partner,C00020
5706,2026-07-22,North Region,Standard Plan,2,68.65,partner,C00517
5707,2026-07-22,North Region,Pro Plan,1,64.21,mobile,C01011
5708,2026-07-22,North Region,Pro Plan,1,77.53,partner,C01385
5709,2026-07-22,North Region,Pro Plan,1,73.67,mobile,C00714
5710,2026-07-22,North Region,Pro Plan,2,76.52,web,C00665
5711,2026-07-22,North Region,Pro Plan,2,65.68,web,C00980
5712,2026-07-22,North Region,Standard Plan,1,67.23,partner,C01385
5713,2026-07-22,North Region,Add-on Pack,1,77.51,web,C00911
5714,2026-07-22,North Region,Standard Plan,1,69.96,partner,C01585
5715,2026-07-22,North Region,Standard Plan,1,62.45,web,C02479
5716,2026-07-22,North Region,Pro Plan,1,71.87,mobile,C00647
5717,2026-07-22,North Region,Standard Plan,1,74.4,partner,C00569
5718,2026-07-22,North Region,Standard Plan,1,61.92,mobile,C01901
5719,2026-07-22,North Region,Add-on Pack,1,86.43,web,C01472
5720,2026-07-22,North Region,Add-on Pack,1,67.75,mobile,C01567
5721,2026-07-22,North Region,Add-on Pack,1,66.91,mobile,C00907
5722,2026-07-22,North Region,Standard Plan,1,83.49,web,C00497
5723,2026-07-22,North Region,Standard Plan,1,77.15,mobile,C02178
5724,2026-07-22,North Region,Pro Plan,1,61.41,web,C01713
5725,2026-07-22,North Region,Standard Plan,1,79.46,web,C02362
5726,2026-07-22,North Region,Standard Plan,1,78.69,mobile,C02536
5727,2026-07-22,North Region,Standard Plan,2,74.51,web,C02473
5728,2026-07-23,North Region,Standard Plan,1,62.78,web,C02903
5729,2026-07-23,North Region,Add-on Pack,2,78.83,web,C01544
5730,2026-07-23,North Region,Standard Plan,1,66.21,mobile,C02931
5731,2026-07-23,North Region,Add-on Pack,2,79.61,web,C02106
5732,2026-07-23,North Region,Add-on Pack,1,71.22,web,C02979
5733,2026-07-23,North Region,Pro Plan,1,76.96,web,C00002
5734,2026-07-23,North Region,Pro Plan,1,82.79,partner,C00890
5735,2026-07-23,North Region,Standard Plan,1,81.41,mobile,C02667
5736,2026-07-23,North Region,Add-on Pack,1,73.95,mobile,C01358
5737,2026-07-23,North Region,Pro Plan,1,69.08,web,C01819
5738,2026-07-23,North Region,Standard Plan,1,82.48,partner,C01212
5739,2026-07-23,North Region,Pro Plan,1,66.53,web,C02745
5740,2026-07-23,North Region,Pro Plan,2,87.69,mobile,C02915
5741,2026-07-23,North Region,Pro Plan,1,70.45,web,C02699
5742,2026-07-23,North Region,Pro Plan,2,78.83,web,C00513
5743,2026-07-23,North Region,Standard Plan,1,82.52,partner,C00355
5744,2026-07-23,North Region,Add-on Pack,2,78.83,partner,C00226
5745,2026-07-23,North Region,Pro Plan,1,79.21,web,C00541
5746,2026-07-23,North Region,Standard Plan,1,63.08,mobile,C01960
5747,2026-07-23,North Region,Add-on Pack,2,76.08,web,C01583
5748,2026-07-23,North Region,Add-on Pack,2,83.66,web,C01374
5749,2026-07-23,North Region,Standard Plan,1,64.89,partner,C01992
5750,2026-07-23,North Region,Standard Plan,1,75.86,web,C00566
5751,2026-07-23,North Region,Pro Plan,1,83.47,partner,C02100
5752,2026-07-23,North Region,Pro Plan,2,72.46,web,C00341
5753,2026-07-23,North Region,Pro Plan,1,84.21,web,C00089
5754,2026-07-23,North Region,Standard Plan,1,61.99,mobile,C01379
5755,2026-07-23,North Region,Standard Plan,1,76.7,web,C02880
5756,2026-07-23,North Region,Add-on Pack,1,63.19,mobile,C01792
5757,2026-07-23,North Region,Pro Plan,2,77.5,mobile,C02510
5758,2026-07-23,North Region,Standard Plan,2,64.65,partner,C02923
5759,2026-07-23,North Region,Pro Plan,1,64.01,partner,C02036
5760,2026-07-23,North Region,Pro Plan,1,70.52,mobile,C00862
5761,2026-07-23,North Region,Add-on Pack,1,64.99,web,C01126
5762,2026-07-23,North Region,Add-on Pack,2,84.89,mobile,C00671
5763,2026-07-23,North Region,Add-on Pack,1,72.84,web,C01766
5764,2026-07-23,North Region,Pro Plan,1,84.75,mobile,C00261
5765,2026-07-23,North Region,Standard Plan,1,74.47,mobile,C01415
5766,2026-07-23,North Region,Standard Plan,1,87.37,mobile,C01497
5767,2026-07-23,North Region,Add-on Pack,2,71.87,partner,C01923
5768,2026-07-24,North Region,Pro Plan,1,75.59,partner,C01745
5769,2026-07-24,North Region,Standard Plan,1,65.68,partner,C01506
5770,2026-07-24,North Region,Standard Plan,2,61.79,partner,C00566
5771,2026-07-24,North Region,Pro Plan,2,61.36,partner,C00531
5772,2026-07-24,North Region,Add-on Pack,2,72.59,partner,C01368
5773,2026-07-24,North Region,Standard Plan,1,65.09,mobile,C00518
5774,2026-07-24,North Region,Pro Plan,2,85.02,web,C02447
5775,2026-07-24,North Region,Standard Plan,1,81.32,partner,C01806
5776,2026-07-24,North Region,Add-on Pack,1,82.35,partner,C01104
5777,2026-07-24,North Region,Standard Plan,1,63.18,mobile,C01791
5778,2026-07-24,North Region,Add-on Pack,1,71.3,web,C00604
5779,2026-07-24,North Region,Standard Plan,2,69.16,mobile,C02254
5780,2026-07-24,North Region,Add-on Pack,1,86.63,mobile,C01413
5781,2026-07-24,North Region,Pro Plan,2,80.87,web,C01531
5782,2026-07-24,North Region,Standard Plan,1,84.7,partner,C02685
5783,2026-07-24,North Region,Standard Plan,1,73.68,web,C02662
5784,2026-07-24,North Region,Add-on Pack,1,75.61,mobile,C01855
5785,2026-07-24,North Region,Add-on Pack,1,79.71,web,C00791
5786,2026-07-24,North Region,Pro Plan,1,78.75,partner,C00230
5787,2026-07-24,North Region,Add-on Pack,1,80.21,mobile,C00263
5788,2026-07-24,North Region,Add-on Pack,2,86.29,mobile,C02990
5789,2026-07-24,North Region,Pro Plan,1,61.52,mobile,C02582
5790,2026-07-24,North Region,Standard Plan,2,79.45,web,C00018
5791,2026-07-24,North Region,Standard Plan,1,63.03,web,C00111
5792,2026-07-24,North Region,Standard Plan,1,85.44,partner,C01100
5793,2026-07-24,North Region,Standard Plan,1,71.75,partner,C00834
5794,2026-07-24,North Region,Standard Plan,1,88.21,mobile,C01849
5795,2026-07-24,North Region,Add-on Pack,1,76.87,partner,C00682
5796,2026-07-24,North Region,Add-on Pack,2,75.89,mobile,C02965
5797,2026-07-24,North Region,Add-on Pack,1,78.56,mobile,C00036
5798,2026-07-24,North Region,Pro Plan,1,78.61,partner,C01172
5799,2026-07-24,North Region,Pro Plan,1,85.05,web,C02304
5800,2026-07-24,North Region,Pro Plan,1,86.15,partner,C02930
5801,2026-07-24,North Region,Standard Plan,1,64.29,web,C01072
5802,2026-07-24,North Region,Add-on Pack,1,71.25,partner,C00882
5803,2026-07-24,North Region,Pro Plan,1,62.56,web,C00444
5804,2026-07-24,North Region,Pro Plan,1,69.14,mobile,C01414
5805,2026-07-24,North Region,Add-on Pack,1,80.66,partner,C00200
5806,2026-07-24,North Region,Standard Plan,1,87.09,mobile,C01046
5807,2026-07-24,North Region,Add-on Pack,1,63.05,web,C01114
5808,2026-07-24,North Region,Standard Plan,2,62.94,mobile,C02085
5809,2026-07-24,North Region,Pro Plan,1,63.26,mobile,C00783
5810,2026-07-24,North Region,Add-on Pack,1,78.45,mobile,C02110
5811,2026-07-25,North Region,Pro Plan,1,69.64,mobile,C02072
5812,2026-07-25,North Region,Standard Plan,1,66.56,web,C01652
5813,2026-07-25,North Region,Add-on Pack,2,86.53,mobile,C01833
5814,2026-07-25,North Region,Standard Plan,2,74.45,partner,C01075
5815,2026-07-25,North Region,Standard Plan,1,63.68,web,C01895
5816,2026-07-25,North Region,Add-on Pack,1,63.99,mobile,C02875
5817,2026-07-25,North Region,Standard Plan,1,73.06,mobile,C02114
5818,2026-07-25,North Region,Pro Plan,2,72.74,web,C00349
5819,2026-07-25,North Region,Add-on Pack,2,76.74,mobile,C01460
5820,2026-07-25,North Region,Add-on Pack,1,81.21,partner,C00816
5821,2026-07-25,North Region,Standard Plan,2,72.46,web,C02947
5822,2026-07-25,North Region,Pro Plan,1,84.72,partner,C00850
5823,2026-07-25,North Region,Pro Plan,1,66.36,partner,C02209
5824,2026-07-25,North Region,Standard Plan,2,77.2,mobile,C01802
5825,2026-07-25,North Region,Add-on Pack,1,65.28,web,C01494
5826,2026-07-25,North Region,Standard Plan,1,88.06,mobile,C00653
5827,2026-07-25,North Region,Pro Plan,1,72.08,web,C01918
5828,2026-07-25,North Region,Add-on Pack,1,74.31,web,C02791
5829,2026-07-25,North Region,Pro Plan,1,75.87,mobile,C01753
5830,2026-07-25,North Region,Add-on Pack,1,74.39,web,C00830
5831,2026-07-25,North Region,Standard Plan,1,65.32,web,C00646
5832,2026-07-25,North Region,Pro Plan,2,66.06,mobile,C02427
5833,2026-07-25,North Region,Add-on Pack,1,83.26,mobile,C01298
5834,2026-07-25,North Region,Standard Plan,1,78.55,web,C01311
5835,2026-07-25,North Region,Standard Plan,1,84.99,mobile,C01747
5836,2026-07-25,North Region,Standard Plan,1,87.54,partner,C01914
5837,2026-07-25,North Region,Standard Plan,1,86.81,partner,C02312
5838,2026-07-25,North Region,Pro Plan,1,64.6,partner,C01871
5839,2026-07-25,North Region,Standard Plan,1,76.31,mobile,C01947
5840,2026-07-25,North Region,Pro Plan,1,73.6,web,C02054
5841,2026-07-25,North Region,Pro Plan,1,65.01,partner,C01970
5842,2026-07-25,North Region,Add-on Pack,2,74.91,web,C00005
5843,2026-07-25,North Region,Add-on Pack,2,62.87,web,C00600
5844,2026-07-25,North Region,Standard Plan,1,62.51,partner,C01142
5845,2026-07-25,North Region,Standard Plan,1,66.46,mobile,C00888
5846,2026-07-25,North Region,Add-on Pack,1,87.43,partner,C02698
5847,2026-07-25,North Region,Pro Plan,2,84.29,mobile,C00385
5848,2026-07-25,North Region,Add-on Pack,2,83.89,web,C02777
5849,2026-07-25,North Region,Add-on Pack,2,77.05,web,C01541
5850,2026-07-25,North Region,Pro Plan,2,80.51,mobile,C01634
5851,2026-07-25,North Region,Pro Plan,2,82.13,mobile,C00167
5852,2026-07-26,North Region,Add-on Pack,2,80.88,partner,C00961
5853,2026-07-26,North Region,Standard Plan,1,69.02,web,C00072
5854,2026-07-26,North Region,Add-on Pack,1,80.6,web,C01154
5855,2026-07-26,North Region,Standard Plan,2,88.03,partner,C02919
5856,2026-07-26,North Region,Pro Plan,2,66.54,partner,C00821
5857,2026-07-26,North Region,Add-on Pack,1,66.16,partner,C00312
5858,2026-07-26,North Region,Pro Plan,1,67.83,mobile,C00088
5859,2026-07-26,North Region,Pro Plan,2,80.06,partner,C00997
5860,2026-07-26,North Region,Pro Plan,1,62.56,mobile,C02019
5861,2026-07-26,North Region,Add-on Pack,1,77.16,mobile,C00153
5862,2026-07-26,North Region,Add-on Pack,1,80.3,web,C01626
5863,2026-07-26,North Region,Add-on Pack,1,83.74,mobile,C00037
5864,2026-07-26,North Region,Standard Plan,1,74.91,mobile,C01429
5865,2026-07-26,North Region,Add-on Pack,1,76.75,partner,C01072
5866,2026-07-26,North Region,Pro Plan,2,85.94,partner,C00833
5867,2026-07-26,North Region,Standard Plan,1,69.87,mobile,C02016
5868,2026-07-26,North Region,Standard Plan,1,77.52,mobile,C02337
5869,2026-07-26,North Region,Pro Plan,1,74.04,mobile,C01575
5870,2026-07-26,North Region,Standard Plan,2,87.59,partner,C01587
5871,2026-07-26,North Region,Pro Plan,1,79.66,web,C00094
5872,2026-07-26,North Region,Standard Plan,2,63.69,partner,C00569
5873,2026-07-26,North Region,Add-on Pack,1,72.29,web,C02124
5874,2026-07-26,North Region,Standard Plan,1,69.64,mobile,C02426
5875,2026-07-26,North Region,Standard Plan,2,88.09,partner,C00527
5876,2026-07-26,North Region,Pro Plan,1,61.27,partner,C02767
5877,2026-07-26,North Region,Add-on Pack,2,65.04,partner,C00204
5878,2026-07-26,North Region,Standard Plan,2,69.47,web,C01310
5879,2026-07-26,North Region,Standard Plan,1,77.23,mobile,C00854
5880,2026-07-26,North Region,Standard Plan,1,74.68,mobile,C02670
5881,2026-07-26,North Region,Standard Plan,1,81.05,web,C01312
5882,2026-07-26,North Region,Pro Plan,1,84.18,mobile,C02451
5883,2026-07-26,North Region,Add-on Pack,1,81.94,web,C00367
5884,2026-07-26,North Region,Standard Plan,1,62.75,partner,C00215
5885,2026-07-26,North Region,Add-on Pack,1,83.52,web,C02266
5886,2026-07-26,North Region,Pro Plan,1,75.37,mobile,C02178
5887,2026-07-26,North Region,Standard Plan,1,65.92,mobile,C02864
5888,2026-07-26,North Region,Pro Plan,1,62.95,partner,C02798
5889,2026-07-26,North Region,Standard Plan,1,78.11,web,C01076
5890,2026-07-26,North Region,Add-on Pack,2,67.2,mobile,C01740
5891,2026-07-26,North Region,Standard Plan,2,67.79,mobile,C00698
5892,2026-07-26,North Region,Add-on Pack,1,86.12,partner,C00338
5893,2026-07-26,North Region,Standard Plan,2,87.99,partner,C00274
5894,2026-07-26,North Region,Pro Plan,1,84.4,mobile,C02857
5895,2026-07-26,North Region,Pro Plan,1,82.12,mobile,C02941
5896,2026-07-27,North Region,Standard Plan,1,88.22,web,C01429
5897,2026-07-27,North Region,Add-on Pack,1,76.12,partner,C01002
5898,2026-07-27,North Region,Standard Plan,2,84.65,mobile,C00831
5899,2026-07-27,North Region,Add-on Pack,1,73.38,web,C00388
5900,2026-07-27,North Region,Add-on Pack,1,77.1,partner,C01264
5901,2026-07-27,North Region,Standard Plan,1,79.35,mobile,C01672
5902,2026-07-27,North Region,Add-on Pack,1,84.69,partner,C00426
5903,2026-07-27,North Region,Pro Plan,2,83.29,mobile,C02827
5904,2026-07-27,North Region,Standard Plan,2,75.05,mobile,C00514
5905,2026-07-27,North Region,Add-on Pack,1,75.64,mobile,C00968
5906,2026-07-27,North Region,Pro Plan,1,76.02,web,C00360
5907,2026-07-27,North Region,Add-on Pack,1,79.01,mobile,C01645
5908,2026-07-27,North Region,Standard Plan,1,77.31,mobile,C01771
5909,2026-07-27,North Region,Pro Plan,1,73.27,partner,C02865
5910,2026-07-27,North Region,Add-on Pack,2,66.5,web,C01619
5911,2026-07-27,North Region,Pro Plan,1,65.8,mobile,C01194
5912,2026-07-27,North Region,Add-on Pack,1,77.08,partner,C02194
5913,2026-07-27,North Region,Standard Plan,1,64.89,partner,C01953
5914,2026-07-27,North Region,Pro Plan,2,73.84,mobile,C02471
5915,2026-07-27,North Region,Pro Plan,1,71.54,partner,C00770
5916,2026-07-27,North Region,Add-on Pack,1,71.25,mobile,C00121
5917,2026-07-27,North Region,Standard Plan,1,86.18,web,C01806
5918,2026-07-27,North Region,Standard Plan,2,85.46,mobile,C01978
5919,2026-07-27,North Region,Add-on Pack,1,77.05,web,C02418
5920,2026-07-27,North Region,Pro Plan,1,84.79,web,C02189
5921,2026-07-27,North Region,Add-on Pack,1,73.21,mobile,C02153
5922,2026-07-27,North Region,Pro Plan,1,62.27,web,C00018
5923,2026-07-27,North Region,Add-on Pack,1,77.61,mobile,C02435
5924,2026-07-27,North Region,Add-on Pack,2,78.57,partner,C02013
5925,2026-07-27,North Region,Pro Plan,1,78.59,partner,C00955
5926,2026-07-27,North Region,Add-on Pack,1,61.65,partner,C00804
5927,2026-07-27,North Region,Standard Plan,1,64.56,mobile,C02596
5928,2026-07-27,North Region,Standard Plan,2,62.94,partner,C00148
5929,2026-07-27,North Region,Pro Plan,1,68.69,mobile,C02710
5930,2026-07-27,North Region,Add-on Pack,1,77.54,web,C00664
5931,2026-07-27,North Region,Standard Plan,2,84.35,partner,C00864
5932,2026-07-27,North Region,Standard Plan,1,78.44,mobile,C00689
5933,2026-07-27,North Region,Standard Plan,2,61.57,partner,C00802
5934,2026-07-27,North Region,Standard Plan,1,86.78,web,C01577
5935,2026-07-27,North Region,Add-on Pack,1,80.53,mobile,C02875
5936,2026-07-27,North Region,Add-on Pack,1,73.47,mobile,C02602
5937,2026-07-28,North Region,Standard Plan,1,80.17,mobile,C02828
5938,2026-07-28,North Region,Standard Plan,1,83.14,mobile,C01602
5939,2026-07-28,North Region,Add-on Pack,1,87.34,mobile,C02779
5940,2026-07-28,North Region,Pro Plan,2,68.16,partner,C02020
5941,2026-07-28,North Region,Standard Plan,1,71.04,mobile,C01527
5942,2026-07-28,North Region,Standard Plan,1,68.12,mobile,C01560
5943,2026-07-28,North Region,Add-on Pack,2,72.87,mobile,C02106
5944,2026-07-28,North Region,Standard Plan,1,79.32,partner,C00813
5945,2026-07-28,North Region,Pro Plan,1,76.47,partner,C01447
5946,2026-07-28,North Region,Add-on Pack,2,76.08,partner,C00656
5947,2026-07-28,North Region,Pro Plan,1,83.83,mobile,C01605
5948,2026-07-28,North Region,Pro Plan,1,75.28,web,C00121
5949,2026-07-28,North Region,Add-on Pack,2,83.27,mobile,C02149
5950,2026-07-28,North Region,Pro Plan,1,61.32,web,C00652
5951,2026-07-28,North Region,Add-on Pack,1,72.31,partner,C02658
5952,2026-07-28,North Region,Pro Plan,2,69.38,partner,C02829
5953,2026-07-28,North Region,Pro Plan,1,84.77,mobile,C00098
5954,2026-07-28,North Region,Add-on Pack,1,82.7,web,C01480
5955,2026-07-28,North Region,Add-on Pack,1,62.07,partner,C01103
5956,2026-07-28,North Region,Pro Plan,1,73.81,web,C01876
5957,2026-07-28,North Region,Standard Plan,1,68.83,partner,C00188
5958,2026-07-28,North Region,Add-on Pack,1,73.91,partner,C02008
5959,2026-07-28,North Region,Standard Plan,1,84.17,mobile,C02601
5960,2026-07-28,North Region,Pro Plan,1,79.34,web,C02303
5961,2026-07-28,North Region,Standard Plan,1,62.93,mobile,C02291
5962,2026-07-28,North Region,Pro Plan,1,64.19,partner,C00544
5963,2026-07-28,North Region,Add-on Pack,1,80.16,mobile,C01407
5964,2026-07-28,North Region,Standard Plan,1,79.1,mobile,C00860
5965,2026-07-28,North Region,Pro Plan,1,67.37,web,C01901
5966,2026-07-28,North Region,Add-on Pack,1,68.4,web,C02014
5967,2026-07-28,North Region,Add-on Pack,1,84.55,web,C00323
5968,2026-07-28,North Region,Add-on Pack,1,80.92,web,C00583
5969,2026-07-28,North Region,Standard Plan,1,79.07,mobile,C00684
5970,2026-07-28,North Region,Pro Plan,2,70.94,mobile,C00611
5971,2026-07-28,North Region,Add-on Pack,2,73.01,web,C02736
5972,2026-07-28,North Region,Pro Plan,1,64.22,partner,C01489
5973,2026-07-28,North Region,Pro Plan,1,67.28,partner,C02929
5974,2026-07-28,North Region,Add-on Pack,1,70.72,mobile,C00329
5975,2026-07-28,North Region,Pro Plan,2,78.39,web,C02473
5976,2026-07-28,North Region,Add-on Pack,1,63.4,mobile,C00385
5977,2026-07-28,North Region,Standard Plan,1,74.16,mobile,C01465
5978,2026-07-28,North Region,Pro Plan,1,81.76,partner,C01859
5979,2026-07-29,North Region,Pro Plan,1,64.89,partner,C00441
5980,2026-07-29,North Region,Pro Plan,1,73.59,mobile,C01025
5981,2026-07-29,North Region,Pro Plan,1,63.8,web,C02736
5982,2026-07-29,North Region,Pro Plan,1,83.79,mobile,C02946
5983,2026-07-29,North Region,Add-on Pack,1,81.94,mobile,C01055
5984,2026-07-29,North Region,Standard Plan,2,65.93,web,C02105
5985,2026-07-29,North Region,Pro Plan,2,75.5,mobile,C00655
5986,2026-07-29,North Region,Standard Plan,1,77.23,mobile,C02339
5987,2026-07-29,North Region,Standard Plan,2,63.48,web,C00083
5988,2026-07-29,North Region,Standard Plan,1,86.3,web,C01786
5989,2026-07-29,North Region,Add-on Pack,1,74.64,mobile,C01375
5990,2026-07-29,North Region,Standard Plan,1,80.57,web,C02774
5991,2026-07-29,North Region,Add-on Pack,2,80.88,web,C02772
5992,2026-07-29,North Region,Standard Plan,1,86.98,mobile,C00939
5993,2026-07-29,North Region,Add-on Pack,1,86.22,mobile,C02057
5994,2026-07-29,North Region,Pro Plan,1,84.33,partner,C01196
5995,2026-07-29,North Region,Add-on Pack,1,65.34,mobile,C02490
5996,2026-07-29,North Region,Standard Plan,1,72.1,web,C02784
5997,2026-07-29,North Region,Standard Plan,1,76.24,web,C01009
5998,2026-07-29,North Region,Pro Plan,1,64.8,mobile,C01809
5999,2026-07-29,North Region,Pro Plan,1,73.89,web,C02943
6000,2026-07-29,North Region,Pro Plan,1,69.16,partner,C01169
6001,2026-07-29,North Region,Add-on Pack,1,68.24,partner,C02897
6002,2026-07-29,North Region,Standard Plan,1,78.8,mobile,C02520
6003,2026-07-29,North Region,Pro Plan,1,67.32,web,C02809
6004,2026-07-29,North Region,Add-on Pack,2,84.48,mobile,C00487
6005,2026-07-29,North Region,Add-on Pack,1,78.68,web,C01672
6006,2026-07-29,North Region,Standard Plan,1,79.79,partner,C01916
6007,2026-07-29,North Region,Add-on Pack,1,64.64,web,C01852
6008,2026-07-29,North Region,Standard Plan,1,84.52,mobile,C00579
6009,2026-07-29,North Region,Add-on Pack,1,77.91,partner,C02063
6010,2026-07-29,North Region,Pro Plan,1,67.42,web,C00402
6011,2026-07-29,North Region,Add-on Pack,2,76.16,partner,C00310
6012,2026-07-29,North Region,Pro Plan,2,73.24,mobile,C01983
6013,2026-07-29,North Region,Standard Plan,1,82.22,web,C02314
6014,2026-07-29,North Region,Add-on Pack,2,79.76,web,C01811
6015,2026-07-29,North Region,Add-on Pack,1,69.14,mobile,C00805
6016,2026-07-29,North Region,Standard Plan,1,68.12,web,C00043
6017,2026-07-29,North Region,Standard Plan,2,61.36,partner,C02133
6018,2026-07-29,North Region,Standard Plan,1,76.44,web,C01269
6019,2026-07-30,North Region,Standard Plan,1,65.83,partner,C01638
6020,2026-07-30,North Region,Pro Plan,1,81.91,web,C02657
6021,2026-07-30,North Region,Standard Plan,1,68.6,mobile,C01672
6022,2026-07-30,North Region,Add-on Pack,1,79.96,mobile,C02562
6023,2026-07-30,North Region,Standard Plan,1,75.79,web,C01737
6024,2026-07-30,North Region,Add-on Pack,1,74.94,web,C00998
6025,2026-07-30,North Region,Add-on Pack,2,79.29,web,C00294
6026,2026-07-30,North Region,Standard Plan,1,84.9,web,C00999
6027,2026-07-30,North Region,Standard Plan,1,68.84,web,C02235
6028,2026-07-30,North Region,Pro Plan,1,65.54,web,C00963
6029,2026-07-30,North Region,Add-on Pack,1,79.08,mobile,C00967
6030,2026-07-30,North Region,Standard Plan,1,62.06,partner,C02996
6031,2026-07-30,North Region,Standard Plan,2,85.18,partner,C00498
6032,2026-07-30,North Region,Add-on Pack,2,82.41,web,C01702
6033,2026-07-30,North Region,Standard Plan,1,67.66,partner,C02873
6034,2026-07-30,North Region,Pro Plan,2,88.14,partner,C00052
6035,2026-07-30,North Region,Pro Plan,1,81.58,partner,C01992
6036,2026-07-30,North Region,Pro Plan,1,74.31,web,C00095
6037,2026-07-30,North Region,Pro Plan,1,64.72,partner,C02938
6038,2026-07-30,North Region,Standard Plan,2,82.43,web,C01871
6039,2026-07-30,North Region,Standard Plan,1,73.0,partner,C01496
6040,2026-07-30,North Region,Standard Plan,1,82.81,web,C00739
6041,2026-07-30,North Region,Standard Plan,1,73.68,web,C00452
6042,2026-07-30,North Region,Add-on Pack,1,81.69,partner,C01245
6043,2026-07-30,North Region,Pro Plan,1,68.26,mobile,C02481
6044,2026-07-30,North Region,Pro Plan,2,65.06,mobile,C01387
6045,2026-07-30,North Region,Pro Plan,1,83.58,mobile,C01753
6046,2026-07-30,North Region,Pro Plan,2,63.33,mobile,C02804
6047,2026-07-30,North Region,Standard Plan,2,79.92,web,C01744
6048,2026-07-30,North Region,Standard Plan,2,77.1,web,C00551
6049,2026-07-30,North Region,Add-on Pack,2,72.13,mobile,C02228
6050,2026-07-30,North Region,Standard Plan,1,86.77,mobile,C02026
6051,2026-07-30,North Region,Standard Plan,1,73.68,partner,C02150
6052,2026-07-30,North Region,Pro Plan,1,81.53,web,C02988
6053,2026-07-30,North Region,Standard Plan,1,67.11,partner,C01560
6054,2026-07-30,North Region,Standard Plan,2,69.41,mobile,C00721
6055,2026-07-30,North Region,Pro Plan,1,72.74,web,C01216
6056,2026-07-30,North Region,Add-on Pack,2,64.2,mobile,C00397
6057,2026-07-30,North Region,Add-on Pack,1,69.31,mobile,C00761
6058,2026-07-30,North Region,Pro Plan,1,75.11,partner,C01626
6059,2026-07-30,North Region,Add-on Pack,1,81.25,mobile,C01073
6060,2026-07-30,North Region,Pro Plan,1,61.94,mobile,C01283
6061,2026-07-31,North Region,Add-on Pack,2,87.77,partner,C02092
6062,2026-07-31,North Region,Pro Plan,1,86.41,mobile,C02258
6063,2026-07-31,North Region,Add-on Pack,1,82.4,web,C00116
6064,2026-07-31,North Region,Pro Plan,2,75.92,partner,C02472
6065,2026-07-31,North Region,Add-on Pack,1,67.4,partner,C00323
6066,2026-07-31,North Region,Pro Plan,1,76.88,partner,C00594
6067,2026-07-31,North Region,Add-on Pack,1,88.07,partner,C02638
6068,2026-07-31,North Region,Standard Plan,1,74.33,mobile,C01351
6069,2026-07-31,North Region,Add-on Pack,1,67.27,web,C01083
6070,2026-07-31,North Region,Standard Plan,1,71.46,partner,C00386
6071,2026-07-31,North Region,Standard Plan,1,75.98,web,C02104
6072,2026-07-31,North Region,Standard Plan,1,68.84,partner,C00789
6073,2026-07-31,North Region,Standard Plan,1,63.58,mobile,C02853
6074,2026-07-31,North Region,Add-on Pack,2,82.22,partner,C00219
6075,2026-07-31,North Region,Pro Plan,2,70.3,partner,C02511
6076,2026-07-31,North Region,Add-on Pack,1,82.69,partner,C01955
6077,2026-07-31,North Region,Pro Plan,2,77.02,partner,C02459
6078,2026-07-31,North Region,Standard Plan,1,69.79,web,C02009
6079,2026-07-31,North Region,Standard Plan,2,64.2,mobile,C01711
6080,2026-07-31,North Region,Pro Plan,1,75.26,partner,C02539
6081,2026-07-31,North Region,Add-on Pack,1,79.23,mobile,C00316
6082,2026-07-31,North Region,Pro Plan,1,66.95,mobile,C00997
6083,2026-07-31,North Region,Standard Plan,1,88.21,web,C00689
6084,2026-07-31,North Region,Add-on Pack,1,73.74,mobile,C01838
6085,2026-07-31,North Region,Standard Plan,2,81.46,web,C01715
6086,2026-07-31,North Region,Add-on Pack,2,69.5,web,C01999
6087,2026-07-31,North Region,Add-on Pack,1,74.99,partner,C00866
6088,2026-07-31,North Region,Add-on Pack,1,84.4,mobile,C02173
6089,2026-07-31,North Region,Standard Plan,1,80.18,web,C02634
6090,2026-07-31,North Region,Standard Plan,2,74.79,mobile,C01426
6091,2026-07-31,North Region,Standard Plan,1,82.83,web,C01594
6092,2026-07-31,North Region,Standard Plan,1,83.03,mobile,C00494
6093,2026-07-31,North Region,Standard Plan,1,63.29,mobile,C02370
6094,2026-07-31,North Region,Standard Plan,1,81.72,mobile,C02824
6095,2026-07-31,North Region,Add-on Pack,1,83.91,mobile,C02755
6096,2026-07-31,North Region,Standard Plan,1,77.56,mobile,C02114
6097,2026-07-31,North Region,Pro Plan,1,74.9,partner,C01725
6098,2026-07-31,North Region,Standard Plan,1,79.7,web,C01974
6099,2026-07-31,North Region,Pro Plan,1,88.38,partner,C02590
6100,2026-07-31,North Region,Standard Plan,1,65.16,mobile,C00434
6101,2026-07-31,North Region,Pro Plan,1,83.2,partner,C02870
6102,2026-07-31,North Region,Add-on Pack,1,66.21,partner,C01041
6103,2026-07-31,North Region,Pro Plan,1,84.8,web,C02881
6104,2026-08-01,North Region,Add-on Pack,1,66.31,web,C02852
6105,2026-08-01,North Region,Add-on Pack,1,71.95,mobile,C01058
6106,2026-08-01,North Region,Standard Plan,1,83.63,mobile,C00958
6107,2026-08-01,North Region,Standard Plan,1,69.74,web,C02471
6108,2026-08-01,North Region,Standard Plan,2,61.44,partner,C01639
6109,2026-08-01,North Region,Add-on Pack,1,79.19,partner,C00189
6110,2026-08-01,North Region,Add-on Pack,1,77.17,mobile,C02373
6111,2026-08-01,North Region,Add-on Pack,1,73.84,partner,C00132
6112,2026-08-01,North Region,Add-on Pack,1,88.0,partner,C00441
6113,2026-08-01,North Region,Pro Plan,1,74.35,mobile,C02666
6114,2026-08-01,North Region,Standard Plan,1,72.58,web,C00845
6115,2026-08-01,North Region,Standard Plan,2,87.39,web,C01757
6116,2026-08-01,North Region,Pro Plan,1,61.98,web,C01962
6117,2026-08-01,North Region,Add-on Pack,1,67.36,web,C02894
6118,2026-08-01,North Region,Standard Plan,1,69.51,partner,C00700
6119,2026-08-01,North Region,Add-on Pack,1,84.35,web,C02820
6120,2026-08-01,North Region,Add-on Pack,1,75.49,web,C01687
6121,2026-08-01,North Region,Add-on Pack,1,86.02,partner,C00962
6122,2026-08-01,North Region,Pro Plan,1,69.7,web,C02230
6123,2026-08-01,North Region,Standard Plan,1,78.85,mobile,C01100
6124,2026-08-01,North Region,Standard Plan,1,69.27,web,C02742
6125,2026-08-01,North Region,Add-on Pack,1,62.04,web,C01507
6126,2026-08-01,North Region,Standard Plan,1,80.18,mobile,C01685
6127,2026-08-01,North Region,Pro Plan,1,80.28,web,C02738
6128,2026-08-01,North Region,Add-on Pack,1,75.2,mobile,C01707
6129,2026-08-01,North Region,Pro Plan,1,61.42,web,C01266
6130,2026-08-01,North Region,Pro Plan,1,70.76,web,C01915
6131,2026-08-01,North Region,Standard Plan,1,69.9,mobile,C01331
6132,2026-08-01,North Region,Standard Plan,1,79.82,partner,C00734
6133,2026-08-01,North Region,Pro Plan,1,84.59,web,C02634
6134,2026-08-01,North Region,Standard Plan,1,69.86,partner,C01095
6135,2026-08-01,North Region,Standard Plan,1,81.58,web,C02598
6136,2026-08-01,North Region,Standard Plan,2,67.78,partner,C01564
6137,2026-08-01,North Region,Pro Plan,2,77.06,partner,C00710
6138,2026-08-01,North Region,Standard Plan,1,76.7,web,C02201
6139,2026-08-01,North Region,Pro Plan,1,63.74,web,C00268
6140,2026-08-01,North Region,Add-on Pack,1,83.58,partner,C02773
6141,2026-08-01,North Region,Standard Plan,1,83.93,mobile,C00520
6142,2026-08-01,North Region,Pro Plan,1,78.98,mobile,C00010
6143,2026-08-01,North Region,Pro Plan,1,72.75,partner,C00770
6144,2026-08-01,North Region,Pro Plan,1,72.36,mobile,C02763
6145,2026-08-02,North Region,Add-on Pack,1,77.64,mobile,C00855
6146,2026-08-02,North Region,Pro Plan,2,71.29,mobile,C02508
6147,2026-08-02,North Region,Pro Plan,2,81.1,mobile,C01180
6148,2026-08-02,North Region,Standard Plan,1,68.93,mobile,C02541
6149,2026-08-02,North Region,Standard Plan,1,76.28,web,C01843
6150,2026-08-02,North Region,Pro Plan,1,66.75,partner,C01423
6151,2026-08-02,North Region,Standard Plan,1,87.7,partner,C01115
6152,2026-08-02,North Region,Pro Plan,1,84.14,web,C02332
6153,2026-08-02,North Region,Pro Plan,2,83.14,mobile,C01339
6154,2026-08-02,North Region,Standard Plan,1,69.98,mobile,C01659
6155,2026-08-02,North Region,Pro Plan,2,62.42,web,C02251
6156,2026-08-02,North Region,Add-on Pack,1,66.68,partner,C02412
6157,2026-08-02,North Region,Pro Plan,2,68.65,web,C01126
6158,2026-08-02,North Region,Pro Plan,2,81.32,partner,C01546
6159,2026-08-02,North Region,Add-on Pack,2,87.39,mobile,C02413
6160,2026-08-02,North Region,Add-on Pack,1,77.83,mobile,C00068
6161,2026-08-02,North Region,Pro Plan,2,80.26,partner,C02632
6162,2026-08-02,North Region,Standard Plan,2,84.92,partner,C00211
6163,2026-08-02,North Region,Standard Plan,2,84.22,web,C00331
6164,2026-08-02,North Region,Standard Plan,1,87.4,partner,C01068
6165,2026-08-02,North Region,Add-on Pack,2,86.56,web,C01380
6166,2026-08-02,North Region,Pro Plan,1,74.27,mobile,C01771
6167,2026-08-02,North Region,Add-on Pack,1,70.06,web,C02224
6168,2026-08-02,North Region,Add-on Pack,1,74.94,partner,C00393
6169,2026-08-02,North Region,Pro Plan,1,74.57,mobile,C02306
6170,2026-08-02,North Region,Add-on Pack,1,79.78,mobile,C02844
6171,2026-08-02,North Region,Standard Plan,1,87.57,partner,C02621
6172,2026-08-02,North Region,Pro Plan,1,76.85,web,C01140
6173,2026-08-02,North Region,Pro Plan,1,81.86,partner,C01373
6174,2026-08-02,North Region,Pro Plan,1,72.31,mobile,C01406
6175,2026-08-02,North Region,Pro Plan,1,62.44,web,C02298
6176,2026-08-02,North Region,Pro Plan,1,63.16,mobile,C01826
6177,2026-08-02,North Region,Standard Plan,1,69.38,web,C01354
6178,2026-08-02,North Region,Standard Plan,1,87.87,partner,C01326
6179,2026-08-02,North Region,Add-on Pack,2,88.37,partner,C00707
6180,2026-08-02,North Region,Pro Plan,1,84.99,partner,C00293
6181,2026-08-02,North Region,Add-on Pack,1,72.39,partner,C02650
6182,2026-08-02,North Region,Pro Plan,2,76.78,partner,C00213
6183,2026-08-02,North Region,Add-on Pack,1,71.68,partner,C01437
6184,2026-08-02,North Region,Standard Plan,1,61.72,web,C00326
6185,2026-08-02,North Region,Standard Plan,2,73.15,partner,C01366
6186,2026-08-02,North Region,Standard Plan,1,87.5,web,C01205
6187,2026-08-02,North Region,Add-on Pack,1,86.24,web,C02901
6188,2026-08-02,North Region,Pro Plan,2,73.7,mobile,C00200
6189,2026-08-03,North Region,Pro Plan,1,70.11,web,C00796
6190,2026-08-03,North Region,Add-on Pack,1,72.69,mobile,C02786
6191,2026-08-03,North Region,Pro Plan,1,66.95,mobile,C02084
6192,2026-08-03,North Region,Add-on Pack,1,71.47,web,C00430
6193,2026-08-03,North Region,Add-on Pack,1,63.16,web,C00911
6194,2026-08-03,North Region,Pro Plan,2,73.16,web,C01953
6195,2026-08-03,North Region,Add-on Pack,1,84.11,mobile,C00901
6196,2026-08-03,North Region,Standard Plan,1,85.3,mobile,C01464
6197,2026-08-03,North Region,Pro Plan,2,73.75,web,C02766
6198,2026-08-03,North Region,Pro Plan,2,85.41,web,C01608
6199,2026-08-03,North Region,Pro Plan,1,75.84,partner,C02516
6200,2026-08-03,North Region,Add-on Pack,2,86.08,mobile,C01086
6201,2026-08-03,North Region,Pro Plan,1,87.48,partner,C01117
6202,2026-08-03,North Region,Add-on Pack,1,69.0,mobile,C02058
6203,2026-08-03,North Region,Add-on Pack,1,70.29,web,C01828
6204,2026-08-03,North Region,Add-on Pack,1,73.7,web,C00984
6205,2026-08-03,North Region,Pro Plan,2,71.79,partner,C01947
6206,2026-08-03,North Region,Pro Plan,1,61.88,web,C01967
6207,2026-08-03,North Region,Pro Plan,1,73.91,mobile,C02445
6208,2026-08-03,North Region,Pro Plan,1,70.74,web,C00312
6209,2026-08-03,North Region,Pro Plan,1,81.72,partner,C00852
6210,2026-08-03,North Region,Standard Plan,1,78.12,web,C02636
6211,2026-08-03,North Region,Add-on Pack,1,62.47,partner,C00138
6212,2026-08-03,North Region,Pro Plan,1,71.33,partner,C02074
6213,2026-08-03,North Region,Standard Plan,1,67.79,partner,C01079
6214,2026-08-03,North Region,Pro Plan,1,67.84,partner,C02692
6215,2026-08-03,North Region,Pro Plan,1,71.14,web,C00821
6216,2026-08-03,North Region,Add-on Pack,2,64.74,mobile,C00131
6217,2026-08-03,North Region,Add-on Pack,1,79.79,web,C01066
6218,2026-08-03,North Region,Pro Plan,1,61.99,web,C00246
6219,2026-08-03,North Region,Add-on Pack,1,67.88,partner,C02727
6220,2026-08-03,North Region,Pro Plan,1,83.63,web,C02458
6221,2026-08-03,North Region,Add-on Pack,2,82.02,mobile,C00330
6222,2026-08-03,North Region,Standard Plan,1,76.1,partner,C00881
6223,2026-08-03,North Region,Add-on Pack,1,87.36,mobile,C01747
6224,2026-08-03,North Region,Standard Plan,1,69.69,mobile,C01838
6225,2026-08-03,North Region,Pro Plan,2,86.31,partner,C01995
6226,2026-08-03,North Region,Add-on Pack,2,61.2,partner,C02391
6227,2026-08-03,North Region,Pro Plan,2,72.08,partner,C00604
6228,2026-08-03,North Region,Add-on Pack,1,77.9,partner,C00546
6229,2026-08-03,North Region,Pro Plan,1,72.19,web,C02158
6230,2026-08-04,North Region,Standard Plan,1,68.71,partner,C00954
6231,2026-08-04,North Region,Add-on Pack,1,67.5,partner,C02886
6232,2026-08-04,North Region,Standard Plan,1,74.7,web,C01293
6233,2026-08-04,North Region,Pro Plan,1,84.0,partner,C02192
6234,2026-08-04,North Region,Pro Plan,1,65.95,web,C01038
6235,2026-08-04,North Region,Standard Plan,1,70.84,web,C02179
6236,2026-08-04,North Region,Pro Plan,1,71.43,mobile,C01260
6237,2026-08-04,North Region,Pro Plan,1,84.8,partner,C02420
6238,2026-08-04,North Region,Standard Plan,1,68.09,web,C01070
6239,2026-08-04,North Region,Pro Plan,1,69.34,web,C00011
6240,2026-08-04,North Region,Standard Plan,1,70.1,mobile,C00423
6241,2026-08-04,North Region,Standard Plan,1,86.5,partner,C00926
6242,2026-08-04,North Region,Add-on Pack,1,74.28,mobile,C00337
6243,2026-08-04,North Region,Add-on Pack,2,86.11,mobile,C01271
6244,2026-08-04,North Region,Pro Plan,1,74.23,web,C00370
6245,2026-08-04,North Region,Standard Plan,1,86.19,partner,C02762
6246,2026-08-04,North Region,Standard Plan,1,61.44,partner,C01532
6247,2026-08-04,North Region,Standard Plan,2,68.48,mobile,C02190
6248,2026-08-04,North Region,Standard Plan,1,70.7,partner,C00688
6249,2026-08-04,North Region,Add-on Pack,1,64.43,mobile,C02551
6250,2026-08-04,North Region,Add-on Pack,1,62.77,partner,C02775
6251,2026-08-04,North Region,Standard Plan,2,86.13,mobile,C01479
6252,2026-08-04,North Region,Add-on Pack,1,84.03,mobile,C01888
6253,2026-08-04,North Region,Pro Plan,1,81.81,web,C02204
6254,2026-08-04,North Region,Standard Plan,1,86.84,partner,C00903
6255,2026-08-04,North Region,Pro Plan,1,75.68,partner,C02935
6256,2026-08-04,North Region,Standard Plan,1,81.12,partner,C00267
6257,2026-08-04,North Region,Pro Plan,1,84.76,mobile,C00521
6258,2026-08-04,North Region,Add-on Pack,1,77.7,mobile,C00644
6259,2026-08-04,North Region,Standard Plan,1,79.94,partner,C01898
6260,2026-08-04,North Region,Add-on Pack,1,84.08,partner,C00417
6261,2026-08-04,North Region,Standard Plan,1,62.92,web,C01935
6262,2026-08-04,North Region,Standard Plan,1,69.23,mobile,C02965
6263,2026-08-04,North Region,Pro Plan,1,63.6,web,C01362
6264,2026-08-04,North Region,Add-on Pack,1,70.89,web,C00258
6265,2026-08-04,North Region,Pro Plan,1,67.28,web,C01259
6266,2026-08-04,North Region,Pro Plan,2,61.48,partner,C00361
6267,2026-08-04,North Region,Add-on Pack,1,80.57,partner,C01669
6268,2026-08-04,North Region,Pro Plan,1,77.9,partner,C01282
6269,2026-08-04,North Region,Pro Plan,2,73.62,web,C01252
6270,2026-08-04,North Region,Pro Plan,1,88.07,web,C02288
6271,2026-08-04,North Region,Add-on Pack,1,87.69,web,C01666
6272,2026-08-04,North Region,Add-on Pack,1,84.53,mobile,C00626
6273,2026-08-04,North Region,Standard Plan,1,72.54,partner,C00422
6274,2026-08-05,North Region,Pro Plan,2,87.63,partner,C01559
6275,2026-08-05,North Region,Add-on Pack,1,77.95,web,C02877
6276,2026-08-05,North Region,Add-on Pack,1,75.52,web,C02721
6277,2026-08-05,North Region,Pro Plan,1,64.84,mobile,C02194
6278,2026-08-05,North Region,Standard Plan,1,72.55,web,C02815
6279,2026-08-05,North Region,Standard Plan,2,78.41,mobile,C02614
6280,2026-08-05,North Region,Pro Plan,2,65.84,partner,C02329
6281,2026-08-05,North Region,Pro Plan,1,87.17,partner,C00793
6282,2026-08-05,North Region,Add-on Pack,1,68.57,partner,C00016
6283,2026-08-05,North Region,Standard Plan,1,70.59,web,C02712
6284,2026-08-05,North Region,Add-on Pack,1,78.43,mobile,C00531
6285,2026-08-05,North Region,Standard Plan,2,76.19,web,C02882
6286,2026-08-05,North Region,Standard Plan,1,65.49,web,C02644
6287,2026-08-05,North Region,Add-on Pack,1,73.8,partner,C01392
6288,2026-08-05,North Region,Add-on Pack,1,74.62,mobile,C00784
6289,2026-08-05,North Region,Add-on Pack,1,73.8,web,C02499
6290,2026-08-05,North Region,Pro Plan,1,63.6,web,C02938
6291,2026-08-05,North Region,Standard Plan,1,70.21,partner,C00604
6292,2026-08-05,North Region,Add-on Pack,2,86.98,web,C01557
6293,2026-08-05,North Region,Standard Plan,1,69.03,web,C00746
6294,2026-08-05,North Region,Pro Plan,1,61.55,mobile,C01955
6295,2026-08-05,North Region,Pro Plan,2,73.47,partner,C02487
6296,2026-08-05,North Region,Pro Plan,1,62.33,mobile,C00342
6297,2026-08-05,North Region,Add-on Pack,1,74.87,mobile,C01607
6298,2026-08-05,North Region,Add-on Pack,1,68.26,web,C01594
6299,2026-08-05,North Region,Pro Plan,1,78.25,mobile,C00552
6300,2026-08-05,North Region,Standard Plan,2,75.2,partner,C02084
6301,2026-08-05,North Region,Add-on Pack,2,73.24,mobile,C01744
6302,2026-08-05,North Region,Add-on Pack,1,87.92,web,C00844
6303,2026-08-05,North Region,Pro Plan,1,79.12,mobile,C02651
6304,2026-08-05,North Region,Standard Plan,1,85.27,partner,C00095
6305,2026-08-05,North Region,Standard Plan,1,88.19,partner,C01566
6306,2026-08-05,North Region,Standard Plan,2,86.28,partner,C01135
6307,2026-08-05,North Region,Add-on Pack,1,81.69,partner,C02521
6308,2026-08-05,North Region,Standard Plan,1,67.03,web,C01349
6309,2026-08-05,North Region,Standard Plan,1,81.87,partner,C02404
6310,2026-08-05,North Region,Pro Plan,1,81.05,partner,C02333
6311,2026-08-05,North Region,Pro Plan,1,69.58,mobile,C01883
6312,2026-08-05,North Region,Add-on Pack,1,81.09,web,C01261
6313,2026-08-05,North Region,Pro Plan,1,64.69,partner,C01469
6314,2026-08-06,North Region,Add-on Pack,1,72.32,partner,C00231
6315,2026-08-06,North Region,Add-on Pack,1,70.21,web,C02694
6316,2026-08-06,North Region,Add-on Pack,1,71.91,partner,C01048
6317,2026-08-06,North Region,Add-on Pack,2,81.85,partner,C02166
6318,2026-08-06,North Region,Add-on Pack,1,82.15,mobile,C02822
6319,2026-08-06,North Region,Add-on Pack,1,65.26,mobile,C02718
6320,2026-08-06,North Region,Add-on Pack,1,75.75,web,C02153
6321,2026-08-06,North Region,Standard Plan,1,80.7,web,C02159
6322,2026-08-06,North Region,Standard Plan,1,65.4,web,C00171
6323,2026-08-06,North Region,Pro Plan,1,85.63,mobile,C02193
6324,2026-08-06,North Region,Add-on Pack,2,69.31,mobile,C01678
6325,2026-08-06,North Region,Add-on Pack,1,74.67,partner,C01636
6326,2026-08-06,North Region,Pro Plan,1,70.01,mobile,C01102
6327,2026-08-06,North Region,Add-on Pack,1,68.84,partner,C01946
6328,2026-08-06,North Region,Pro Plan,1,65.19,mobile,C02606
6329,2026-08-06,North Region,Standard Plan,2,63.41,mobile,C01412
6330,2026-08-06,North Region,Add-on Pack,1,82.61,partner,C02575
6331,2026-08-06,North Region,Standard Plan,2,86.33,mobile,C02202
6332,2026-08-06,North Region,Add-on Pack,1,73.64,web,C02810
6333,2026-08-06,North Region,Standard Plan,1,80.4,partner,C01581
6334,2026-08-06,North Region,Add-on Pack,1,85.34,mobile,C01818
6335,2026-08-06,North Region,Pro Plan,1,81.89,partner,C02535
6336,2026-08-06,North Region,Pro Plan,1,72.74,web,C01099
6337,2026-08-06,North Region,Add-on Pack,1,72.25,web,C01468
6338,2026-08-06,North Region,Add-on Pack,1,73.05,partner,C01652
6339,2026-08-06,North Region,Pro Plan,2,75.6,web,C02960
6340,2026-08-06,North Region,Standard Plan,1,86.05,partner,C00847
6341,2026-08-06,North Region,Pro Plan,1,81.23,web,C00452
6342,2026-08-06,North Region,Pro Plan,1,82.53,web,C01341
6343,2026-08-06,North Region,Add-on Pack,1,74.13,web,C01151
6344,2026-08-06,North Region,Standard Plan,1,64.63,partner,C00881
6345,2026-08-06,North Region,Pro Plan,1,82.21,mobile,C01563
6346,2026-08-06,North Region,Pro Plan,1,76.25,mobile,C02683
6347,2026-08-06,North Region,Add-on Pack,1,62.54,partner,C02074
6348,2026-08-06,North Region,Standard Plan,1,68.67,web,C01229
6349,2026-08-06,North Region,Add-on Pack,1,61.34,web,C01797
6350,2026-08-06,North Region,Add-on Pack,2,67.78,mobile,C01991
6351,2026-08-06,North Region,Standard Plan,1,86.46,mobile,C01117
6352,2026-08-06,North Region,Pro Plan,1,85.16,web,C02400
6353,2026-08-06,North Region,Standard Plan,1,85.48,partner,C01792
6354,2026-08-07,North Region,Pro Plan,2,86.53,partner,C02870
6355,2026-08-07,North Region,Standard Plan,1,74.69,partner,C01363
6356,2026-08-07,North Region,Add-on Pack,1,66.81,partner,C02349
6357,2026-08-07,North Region,Standard Plan,1,64.11,partner,C02174
6358,2026-08-07,North Region,Pro Plan,1,72.32,partner,C01493
6359,2026-08-07,North Region,Add-on Pack,1,62.36,mobile,C01315
6360,2026-08-07,North Region,Add-on Pack,1,85.3,partner,C01008
6361,2026-08-07,North Region,Standard Plan,2,79.52,mobile,C01311
6362,2026-08-07,North Region,Add-on Pack,1,64.97,mobile,C00748
6363,2026-08-07,North Region,Pro Plan,1,68.27,mobile,C01957
6364,2026-08-07,North Region,Add-on Pack,1,75.13,partner,C01620
6365,2026-08-07,North Region,Standard Plan,1,73.33,mobile,C01407
6366,2026-08-07,North Region,Standard Plan,1,79.32,partner,C02068
6367,2026-08-07,North Region,Standard Plan,1,73.61,mobile,C00281
6368,2026-08-07,North Region,Standard Plan,1,76.77,mobile,C00394
6369,2026-08-07,North Region,Pro Plan,1,77.63,mobile,C00844
6370,2026-08-07,North Region,Add-on Pack,1,63.93,partner,C02218
6371,2026-08-07,North Region,Standard Plan,1,75.34,partner,C02639
6372,2026-08-07,North Region,Pro Plan,2,79.23,mobile,C01803
6373,2026-08-07,North Region,Pro Plan,2,73.01,mobile,C02386
6374,2026-08-07,North Region,Standard Plan,1,74.29,mobile,C01242
6375,2026-08-07,North Region,Add-on Pack,1,77.87,partner,C01254
6376,2026-08-07,North Region,Standard Plan,2,87.96,partner,C01929
6377,2026-08-07,North Region,Add-on Pack,1,74.6,mobile,C02309
6378,2026-08-07,North Region,Standard Plan,1,87.06,partner,C01089
6379,2026-08-07,North Region,Add-on Pack,1,84.55,mobile,C01659
6380,2026-08-07,North Region,Add-on Pack,1,67.75,mobile,C00863
6381,2026-08-07,North Region,Pro Plan,2,77.35,web,C00209
6382,2026-08-07,North Region,Add-on Pack,1,62.5,mobile,C02636
6383,2026-08-07,North Region,Pro Plan,1,73.78,mobile,C02518
6384,2026-08-07,North Region,Pro Plan,1,67.74,partner,C01075
6385,2026-08-07,North Region,Add-on Pack,1,75.79,web,C01444
6386,2026-08-07,North Region,Pro Plan,1,73.94,mobile,C01043
6387,2026-08-07,North Region,Standard Plan,1,67.27,partner,C02996
6388,2026-08-07,North Region,Add-on Pack,1,74.47,mobile,C02188
6389,2026-08-07,North Region,Pro Plan,1,85.01,mobile,C00877
6390,2026-08-07,North Region,Add-on Pack,1,79.29,web,C00593
6391,2026-08-07,North Region,Add-on Pack,1,71.17,mobile,C02264
6392,2026-08-07,North Region,Standard Plan,1,83.88,mobile,C02449
6393,2026-08-07,North Region,Pro Plan,1,83.85,partner,C00401
6394,2026-08-07,North Region,Add-on Pack,1,72.32,web,C02175
6395,2026-08-07,North Region,Pro Plan,1,78.28,web,C01682
6396,2026-08-07,North Region,Standard Plan,1,67.68,mobile,C00008
6397,2026-08-08,North Region,Standard Plan,1,73.85,mobile,C02429
6398,2026-08-08,North Region,Pro Plan,1,78.43,mobile,C02989
6399,2026-08-08,North Region,Pro Plan,2,79.41,partner,C02841
6400,2026-08-08,North Region,Standard Plan,1,87.7,partner,C01431
6401,2026-08-08,North Region,Add-on Pack,1,69.89,web,C02123
6402,2026-08-08,North Region,Add-on Pack,1,67.1,mobile,C02925
6403,2026-08-08,North Region,Pro Plan,2,62.21,web,C00783
6404,2026-08-08,North Region,Add-on Pack,1,83.63,web,C00319
6405,2026-08-08,North Region,Pro Plan,1,70.66,partner,C00162
6406,2026-08-08,North Region,Standard Plan,1,73.12,mobile,C01885
6407,2026-08-08,North Region,Add-on Pack,1,82.7,partner,C00137
6408,2026-08-08,North Region,Pro Plan,1,75.97,partner,C01281
6409,2026-08-08,North Region,Pro Plan,2,79.69,partner,C00640
6410,2026-08-08,North Region,Standard Plan,1,81.58,partner,C00969
6411,2026-08-08,North Region,Add-on Pack,2,76.15,mobile,C01646
6412,2026-08-08,North Region,Add-on Pack,1,68.0,mobile,C01994
6413,2026-08-08,North Region,Standard Plan,1,71.21,partner,C02160
6414,2026-08-08,North Region,Add-on Pack,2,72.28,web,C01862
6415,2026-08-08,North Region,Standard Plan,1,64.81,mobile,C00350
6416,2026-08-08,North Region,Standard Plan,1,67.47,web,C00795
6417,2026-08-08,North Region,Add-on Pack,1,61.4,web,C00194
6418,2026-08-08,North Region,Add-on Pack,1,73.93,web,C02018
6419,2026-08-08,North Region,Add-on Pack,1,69.63,mobile,C01660
6420,2026-08-08,North Region,Add-on Pack,1,86.3,mobile,C02918
6421,2026-08-08,North Region,Add-on Pack,2,76.64,web,C02845
6422,2026-08-08,North Region,Pro Plan,1,75.35,web,C02882
6423,2026-08-08,North Region,Add-on Pack,1,61.5,mobile,C02759
6424,2026-08-08,North Region,Add-on Pack,1,67.41,partner,C01790
6425,2026-08-08,North Region,Pro Plan,1,76.45,mobile,C00104
6426,2026-08-08,North Region,Add-on Pack,1,65.94,web,C02742
6427,2026-08-08,North Region,Pro Plan,2,67.65,partner,C01084
6428,2026-08-08,North Region,Add-on Pack,1,82.37,web,C02075
6429,2026-08-08,North Region,Add-on Pack,1,71.82,web,C00518
6430,2026-08-08,North Region,Add-on Pack,1,64.69,web,C00310
6431,2026-08-08,North Region,Pro Plan,1,78.24,mobile,C00652
6432,2026-08-08,North Region,Pro Plan,1,63.45,partner,C02004
6433,2026-08-08,North Region,Add-on Pack,1,76.07,mobile,C02535
6434,2026-08-08,North Region,Pro Plan,1,71.93,mobile,C01082
6435,2026-08-08,North Region,Add-on Pack,2,78.31,mobile,C02868
6436,2026-08-08,North Region,Standard Plan,1,66.12,mobile,C01174
6437,2026-08-08,North Region,Standard Plan,1,64.18,partner,C02181
6438,2026-08-08,North Region,Add-on Pack,1,84.32,web,C00876
6439,2026-08-09,North Region,Pro Plan,1,66.3,partner,C01385
6440,2026-08-09,North Region,Standard Plan,1,62.78,partner,C02430
6441,2026-08-09,North Region,Standard Plan,2,73.29,partner,C01233
6442,2026-08-09,North Region,Standard Plan,1,75.81,mobile,C00329
6443,2026-08-09,North Region,Pro Plan,1,71.59,web,C00115
6444,2026-08-09,North Region,Standard Plan,1,68.3,web,C00996
6445,2026-08-09,North Region,Pro Plan,1,68.46,web,C00456
6446,2026-08-09,North Region,Standard Plan,1,73.25,mobile,C00047
6447,2026-08-09,North Region,Standard Plan,2,61.24,mobile,C01193
6448,2026-08-09,North Region,Pro Plan,1,85.9,partner,C02348
6449,2026-08-09,North Region,Standard Plan,2,88.17,mobile,C00445
6450,2026-08-09,North Region,Add-on Pack,2,67.65,mobile,C00592
6451,2026-08-09,North Region,Add-on Pack,1,77.62,mobile,C01725
6452,2026-08-09,North Region,Add-on Pack,1,74.33,partner,C01705
6453,2026-08-09,North Region,Standard Plan,2,87.27,web,C00172
6454,2026-08-09,North Region,Pro Plan,2,76.04,partner,C00203
6455,2026-08-09,North Region,Add-on Pack,2,69.35,partner,C00911
6456,2026-08-09,North Region,Standard Plan,1,67.35,mobile,C01219
6457,2026-08-09,North Region,Add-on Pack,2,70.14,mobile,C02519
6458,2026-08-09,North Region,Pro Plan,1,73.91,partner,C02511
6459,2026-08-09,North Region,Standard Plan,1,72.11,partner,C02805
6460,2026-08-09,North Region,Standard Plan,1,77.77,mobile,C01025
6461,2026-08-09,North Region,Add-on Pack,2,62.1,partner,C00064
6462,2026-08-09,North Region,Standard Plan,1,69.32,partner,C00469
6463,2026-08-09,North Region,Add-on Pack,2,87.35,partner,C00218
6464,2026-08-09,North Region,Standard Plan,1,76.22,partner,C02351
6465,2026-08-09,North Region,Standard Plan,1,66.31,partner,C01603
6466,2026-08-09,North Region,Pro Plan,2,87.16,mobile,C00718
6467,2026-08-09,North Region,Standard Plan,1,87.33,web,C02451
6468,2026-08-09,North Region,Standard Plan,2,78.54,partner,C00568
6469,2026-08-09,North Region,Pro Plan,2,87.11,web,C00576
6470,2026-08-09,North Region,Standard Plan,1,64.28,partner,C02900
6471,2026-08-09,North Region,Add-on Pack,1,73.59,partner,C00043
6472,2026-08-09,North Region,Standard Plan,1,84.72,web,C01508
6473,2026-08-09,North Region,Add-on Pack,1,67.48,web,C02796
6474,2026-08-09,North Region,Add-on Pack,1,78.57,mobile,C01484
6475,2026-08-09,North Region,Pro Plan,1,67.71,web,C01967
6476,2026-08-09,North Region,Pro Plan,1,70.4,mobile,C02351
6477,2026-08-09,North Region,Standard Plan,1,82.18,web,C00107
6478,2026-08-09,North Region,Standard Plan,1,81.18,web,C00363
6479,2026-08-09,North Region,Standard Plan,1,85.98,web,C00356
6480,2026-08-09,North Region,Add-on Pack,2,70.19,partner,C02369
6481,2026-08-09,North Region,Standard Plan,1,86.54,partner,C01859
6482,2026-08-10,North Region,Pro Plan,1,86.47,mobile,C02865
6483,2026-08-10,North Region,Standard Plan,1,66.43,mobile,C02050
6484,2026-08-10,North Region,Pro Plan,1,85.89,web,C00531
6485,2026-08-10,North Region,Pro Plan,2,85.95,web,C01352
6486,2026-08-10,North Region,Standard Plan,1,87.4,partner,C00950
6487,2026-08-10,North Region,Add-on Pack,1,78.37,web,C00980
6488,2026-08-10,North Region,Pro Plan,1,71.68,web,C02283
6489,2026-08-10,North Region,Pro Plan,2,81.98,mobile,C01904
6490,2026-08-10,North Region,Add-on Pack,1,73.05,web,C01589
6491,2026-08-10,North Region,Pro Plan,1,67.3,partner,C02927
6492,2026-08-10,North Region,Add-on Pack,2,82.93,partner,C02602
6493,2026-08-10,North Region,Add-on Pack,1,84.1,partner,C01936
6494,2026-08-10,North Region,Standard Plan,1,62.41,web,C01083
6495,2026-08-10,North Region,Add-on Pack,2,82.72,mobile,C02048
6496,2026-08-10,North Region,Pro Plan,1,88.25,web,C00002
6497,2026-08-10,North Region,Pro Plan,1,75.97,partner,C01244
6498,2026-08-10,North Region,Add-on Pack,2,84.95,partner,C00890
6499,2026-08-10,North Region,Standard Plan,1,75.93,mobile,C00081
6500,2026-08-10,North Region,Pro Plan,1,84.19,mobile,C00211
6501,2026-08-10,North Region,Pro Plan,1,77.37,partner,C02942
6502,2026-08-10,North Region,Pro Plan,2,83.03,web,C00431
6503,2026-08-10,North Region,Standard Plan,2,62.59,mobile,C01257
6504,2026-08-10,North Region,Pro Plan,1,71.05,mobile,C01399
6505,2026-08-10,North Region,Pro Plan,2,65.28,web,C00682
6506,2026-08-10,North Region,Pro Plan,1,79.78,mobile,C02077
6507,2026-08-10,North Region,Pro Plan,1,68.5,web,C02376
6508,2026-08-10,North Region,Standard Plan,1,77.76,partner,C01558
6509,2026-08-10,North Region,Add-on Pack,2,84.54,web,C01778
6510,2026-08-10,North Region,Pro Plan,1,80.88,partner,C02941
6511,2026-08-10,North Region,Pro Plan,1,63.04,mobile,C02245
6512,2026-08-10,North Region,Pro Plan,2,62.12,mobile,C01869
6513,2026-08-10,North Region,Pro Plan,2,77.42,web,C02680
6514,2026-08-10,North Region,Standard Plan,2,76.69,web,C01542
6515,2026-08-10,North Region,Standard Plan,1,74.72,partner,C01819
6516,2026-08-10,North Region,Standard Plan,1,79.43,web,C01794
6517,2026-08-10,North Region,Standard Plan,1,88.08,web,C02269
6518,2026-08-10,North Region,Add-on Pack,1,72.61,partner,C00134
6519,2026-08-10,North Region,Pro Plan,1,75.88,mobile,C00827
6520,2026-08-10,North Region,Standard Plan,1,67.51,web,C00587
6521,2026-08-10,North Region,Standard Plan,1,77.98,mobile,C01147
6522,2026-08-11,North Region,Standard Plan,1,82.62,mobile,C02319
6523,2026-08-11,North Region,Pro Plan,1,80.45,mobile,C02507
6524,2026-08-11,North Region,Pro Plan,1,79.0,mobile,C01793
6525,2026-08-11,North Region,Add-on Pack,1,85.13,web,C02453
6526,2026-08-11,North Region,Pro Plan,1,63.66,web,C01976
6527,2026-08-11,North Region,Add-on Pack,1,83.9,mobile,C01086
6528,2026-08-11,North Region,Pro Plan,1,75.64,mobile,C02178
6529,2026-08-11,North Region,Pro Plan,1,82.41,web,C00437
6530,2026-08-11,North Region,Standard Plan,1,87.36,mobile,C00683
6531,2026-08-11,North Region,Pro Plan,1,70.72,web,C02169
6532,2026-08-11,North Region,Standard Plan,2,70.01,mobile,C01240
6533,2026-08-11,North Region,Standard Plan,1,71.13,mobile,C02283
6534,2026-08-11,North Region,Pro Plan,2,76.18,partner,C01626
6535,2026-08-11,North Region,Standard Plan,1,79.66,web,C02958
6536,2026-08-11,North Region,Add-on Pack,1,87.07,web,C01021
6537,2026-08-11,North Region,Standard Plan,1,86.14,web,C02546
6538,2026-08-11,North Region,Add-on Pack,2,85.78,mobile,C00856
6539,2026-08-11,North Region,Add-on Pack,1,82.3,partner,C01934
6540,2026-08-11,North Region,Add-on Pack,2,75.47,web,C02128
6541,2026-08-11,North Region,Pro Plan,1,66.72,mobile,C00646
6542,2026-08-11,North Region,Pro Plan,2,76.63,web,C02361
6543,2026-08-11,North Region,Standard Plan,2,74.09,mobile,C01231
6544,2026-08-11,North Region,Standard Plan,1,72.82,web,C00749
6545,2026-08-11,North Region,Add-on Pack,1,76.34,mobile,C00019
6546,2026-08-11,North Region,Standard Plan,1,70.02,web,C02159
6547,2026-08-11,North Region,Pro Plan,1,69.69,web,C00087
6548,2026-08-11,North Region,Standard Plan,1,79.73,web,C02963
6549,2026-08-11,North Region,Pro Plan,1,71.02,mobile,C00274
6550,2026-08-11,North Region,Pro Plan,2,68.69,partner,C00564
6551,2026-08-11,North Region,Add-on Pack,1,84.72,web,C01103
6552,2026-08-11,North Region,Pro Plan,2,72.49,mobile,C02664
6553,2026-08-11,North Region,Add-on Pack,1,61.69,mobile,C00701
6554,2026-08-11,North Region,Pro Plan,2,79.72,mobile,C01130
6555,2026-08-11,North Region,Standard Plan,1,83.65,partner,C01632
6556,2026-08-11,North Region,Standard Plan,1,74.29,mobile,C02224
6557,2026-08-11,North Region,Standard Plan,1,66.69,partner,C02022
6558,2026-08-11,North Region,Standard Plan,1,85.74,mobile,C02191
6559,2026-08-11,North Region,Add-on Pack,2,78.72,web,C00361
6560,2026-08-11,North Region,Pro Plan,1,70.33,web,C00552
6561,2026-08-11,North Region,Pro Plan,1,74.4,partner,C02719
6562,2026-08-11,North Region,Add-on Pack,1,70.51,partner,C02598
6563,2026-08-11,North Region,Pro Plan,1,61.39,web,C02959
6564,2026-08-11,North Region,Standard Plan,2,76.58,partner,C01980
6565,2026-08-12,North Region,Standard Plan,1,77.99,web,C02341
6566,2026-08-12,North Region,Standard Plan,1,62.46,partner,C02965
6567,2026-08-12,North Region,Add-on Pack,1,70.8,web,C02888
6568,2026-08-12,North Region,Standard Plan,2,87.57,web,C01101
6569,2026-08-12,North Region,Add-on Pack,1,78.81,mobile,C02399
6570,2026-08-12,North Region,Pro Plan,1,74.95,mobile,C02194
6571,2026-08-12,North Region,Add-on Pack,1,85.91,web,C00317
6572,2026-08-12,North Region,Pro Plan,2,84.11,web,C01157
6573,2026-08-12,North Region,Add-on Pack,1,65.68,mobile,C01370
6574,2026-08-12,North Region,Pro Plan,1,69.43,mobile,C00752
6575,2026-08-12,North Region,Pro Plan,2,76.47,web,C02388
6576,2026-08-12,North Region,Pro Plan,1,65.51,mobile,C02463
6577,2026-08-12,North Region,Standard Plan,1,75.27,partner,C00288
6578,2026-08-12,North Region,Standard Plan,2,69.37,partner,C01842
6579,2026-08-12,North Region,Standard Plan,2,81.86,partner,C01889
6580,2026-08-12,North Region,Pro Plan,1,65.87,mobile,C00784
6581,2026-08-12,North Region,Add-on Pack,1,69.52,mobile,C02551
6582,2026-08-12,North Region,Pro Plan,1,75.31,partner,C01542
6583,2026-08-12,North Region,Pro Plan,1,74.16,mobile,C02913
6584,2026-08-12,North Region,Pro Plan,1,67.26,web,C02513
6585,2026-08-12,North Region,Add-on Pack,1,62.48,mobile,C02188
6586,2026-08-12,North Region,Add-on Pack,1,61.71,web,C01201
6587,2026-08-12,North Region,Pro Plan,2,77.01,web,C02567
6588,2026-08-12,North Region,Standard Plan,1,80.81,web,C02464
6589,2026-08-12,North Region,Standard Plan,1,72.6,mobile,C00935
6590,2026-08-12,North Region,Pro Plan,1,72.49,web,C01661
6591,2026-08-12,North Region,Pro Plan,1,80.09,web,C01500
6592,2026-08-12,North Region,Pro Plan,1,77.35,web,C01690
6593,2026-08-12,North Region,Add-on Pack,1,67.48,partner,C01100
6594,2026-08-12,North Region,Add-on Pack,1,87.71,partner,C01361
6595,2026-08-12,North Region,Standard Plan,1,73.9,partner,C00466
6596,2026-08-12,North Region,Pro Plan,1,66.21,mobile,C01273
6597,2026-08-12,North Region,Standard Plan,1,68.23,mobile,C02342
6598,2026-08-12,North Region,Standard Plan,1,85.1,partner,C01090
6599,2026-08-12,North Region,Standard Plan,1,86.18,web,C01352
6600,2026-08-12,North Region,Add-on Pack,1,75.55,mobile,C01255
6601,2026-08-12,North Region,Standard Plan,1,65.5,partner,C01324
6602,2026-08-12,North Region,Add-on Pack,2,72.55,partner,C01972
6603,2026-08-12,North Region,Pro Plan,1,82.89,mobile,C01021
6604,2026-08-12,North Region,Add-on Pack,1,61.74,web,C01767
6605,2026-08-12,North Region,Standard Plan,2,81.38,partner,C00968
6606,2026-08-13,North Region,Pro Plan,1,61.49,web,C02479
6607,2026-08-13,North Region,Add-on Pack,1,61.63,partner,C02606
6608,2026-08-13,North Region,Standard Plan,2,72.96,mobile,C00277
6609,2026-08-13,North Region,Add-on Pack,1,69.68,mobile,C02062
6610,2026-08-13,North Region,Pro Plan,1,67.98,mobile,C01065
6611,2026-08-13,North Region,Add-on Pack,1,86.72,web,C02627
6612,2026-08-13,North Region,Standard Plan,2,64.6,partner,C00589
6613,2026-08-13,North Region,Add-on Pack,1,80.38,partner,C01774
6614,2026-08-13,North Region,Pro Plan,1,87.05,partner,C00921
6615,2026-08-13,North Region,Add-on Pack,1,66.54,partner,C02354
6616,2026-08-13,North Region,Pro Plan,1,77.18,mobile,C00869
6617,2026-08-13,North Region,Add-on Pack,1,82.36,partner,C01421
6618,2026-08-13,North Region,Standard Plan,1,75.16,mobile,C01871
6619,2026-08-13,North Region,Standard Plan,1,67.95,web,C01009
6620,2026-08-13,North Region,Standard Plan,1,86.61,mobile,C01395
6621,2026-08-13,North Region,Standard Plan,1,78.31,web,C00741
6622,2026-08-13,North Region,Standard Plan,1,72.71,web,C00625
6623,2026-08-13,North Region,Pro Plan,1,81.82,web,C02595
6624,2026-08-13,North Region,Add-on Pack,1,75.85,partner,C01879
6625,2026-08-13,North Region,Standard Plan,1,62.7,mobile,C00184
6626,2026-08-13,North Region,Pro Plan,2,86.11,web,C00515
6627,2026-08-13,North Region,Standard Plan,1,83.54,web,C00117
6628,2026-08-13,North Region,Pro Plan,1,80.48,mobile,C01329
6629,2026-08-13,North Region,Add-on Pack,1,84.57,partner,C01093
6630,2026-08-13,North Region,Add-on Pack,1,88.34,mobile,C00623
6631,2026-08-13,North Region,Standard Plan,1,85.55,mobile,C01611
6632,2026-08-13,North Region,Pro Plan,1,63.14,mobile,C01525
6633,2026-08-13,North Region,Standard Plan,1,64.78,partner,C00146
6634,2026-08-13,North Region,Pro Plan,1,82.16,partner,C00374
6635,2026-08-13,North Region,Standard Plan,1,83.57,web,C01431
6636,2026-08-13,North Region,Add-on Pack,1,81.41,partner,C01041
6637,2026-08-13,North Region,Standard Plan,2,77.97,web,C01365
6638,2026-08-13,North Region,Add-on Pack,1,74.72,mobile,C02033
6639,2026-08-13,North Region,Standard Plan,2,85.52,mobile,C00945
6640,2026-08-13,North Region,Standard Plan,1,87.28,mobile,C01678
6641,2026-08-13,North Region,Standard Plan,2,61.67,web,C01682
6642,2026-08-13,North Region,Standard Plan,1,84.19,partner,C02743
6643,2026-08-13,North Region,Add-on Pack,2,79.07,web,C01295
6644,2026-08-13,North Region,Standard Plan,1,61.45,mobile,C01786
6645,2026-08-13,North Region,Standard Plan,1,69.7,web,C00225
6646,2026-08-13,North Region,Pro Plan,2,77.71,partner,C01469
6647,2026-08-13,North Region,Add-on Pack,2,78.94,mobile,C00317
6648,2026-08-13,North Region,Pro Plan,1,66.36,partner,C01731
6649,2026-08-14,North Region,Add-on Pack,1,62.34,web,C00181
6650,2026-08-14,North Region,Standard Plan,2,86.13,partner,C00394
6651,2026-08-14,North Region,Standard Plan,1,81.13,mobile,C02104
6652,2026-08-14,North Region,Add-on Pack,1,74.82,partner,C02433
6653,2026-08-14,North Region,Standard Plan,2,62.24,partner,C00470
6654,2026-08-14,North Region,Pro Plan,1,86.72,mobile,C02082
6655,2026-08-14,North Region,Pro Plan,1,80.45,web,C02161
6656,2026-08-14,North Region,Add-on Pack,2,70.81,partner,C00188
6657,2026-08-14,North Region,Pro Plan,2,78.27,mobile,C01640
6658,2026-08-14,North Region,Add-on Pack,1,75.79,mobile,C01961
6659,2026-08-14,North Region,Standard Plan,1,75.45,mobile,C00640
6660,2026-08-14,North Region,Add-on Pack,1,74.48,partner,C02615
6661,2026-08-14,North Region,Add-on Pack,1,64.25,mobile,C00633
6662,2026-08-14,North Region,Add-on Pack,1,66.45,mobile,C01721
6663,2026-08-14,North Region,Pro Plan,1,61.68,partner,C02968
6664,2026-08-14,North Region,Add-on Pack,1,82.45,web,C01640
6665,2026-08-14,North Region,Add-on Pack,1,73.26,web,C02628
6666,2026-08-14,North Region,Pro Plan,1,70.63,partner,C02248
6667,2026-08-14,North Region,Standard Plan,1,72.4,mobile,C01588
6668,2026-08-14,North Region,Pro Plan,1,68.37,mobile,C01553
6669,2026-08-14,North Region,Add-on Pack,2,75.21,mobile,C01527
6670,2026-08-14,North Region,Standard Plan,1,84.82,mobile,C00414
6671,2026-08-14,North Region,Standard Plan,1,72.76,mobile,C00187
6672,2026-08-14,North Region,Pro Plan,1,79.39,mobile,C00849
6673,2026-08-14,North Region,Pro Plan,1,67.97,partner,C00200
6674,2026-08-14,North Region,Add-on Pack,1,79.04,partner,C00601
6675,2026-08-14,North Region,Standard Plan,1,80.78,mobile,C02168
6676,2026-08-14,North Region,Pro Plan,1,72.86,web,C01924
6677,2026-08-14,North Region,Add-on Pack,1,74.17,web,C02774
6678,2026-08-14,North Region,Standard Plan,2,63.9,partner,C02283
6679,2026-08-14,North Region,Pro Plan,1,64.14,mobile,C00442
6680,2026-08-14,North Region,Pro Plan,2,68.9,partner,C00630
6681,2026-08-14,North Region,Standard Plan,1,84.38,mobile,C02723
6682,2026-08-14,North Region,Standard Plan,1,64.97,mobile,C01381
6683,2026-08-14,North Region,Pro Plan,1,61.85,mobile,C01212
6684,2026-08-14,North Region,Add-on Pack,1,88.2,partner,C02309
6685,2026-08-14,North Region,Add-on Pack,1,86.18,partner,C02032
6686,2026-08-14,North Region,Pro Plan,1,78.37,partner,C02089
6687,2026-08-14,North Region,Pro Plan,2,64.87,web,C01605
6688,2026-08-14,North Region,Standard Plan,1,61.56,web,C02156
6689,2026-08-15,North Region,Add-on Pack,1,62.82,partner,C00326
6690,2026-08-15,North Region,Pro Plan,1,67.28,partner,C01259
6691,2026-08-15,North Region,Add-on Pack,1,86.68,mobile,C02833
6692,2026-08-15,North Region,Add-on Pack,2,68.76,partner,C02320
6693,2026-08-15,North Region,Add-on Pack,1,72.43,mobile,C01588
6694,2026-08-15,North Region,Standard Plan,2,75.13,partner,C00798
6695,2026-08-15,North Region,Pro Plan,2,63.91,web,C00596
6696,2026-08-15,North Region,Pro Plan,1,65.42,partner,C01656
6697,2026-08-15,North Region,Standard Plan,1,61.31,web,C00154
6698,2026-08-15,North Region,Standard Plan,1,67.31,web,C01525
6699,2026-08-15,North Region,Pro Plan,2,81.42,web,C00756
6700,2026-08-15,North Region,Pro Plan,1,63.34,partner,C02310
6701,2026-08-15,North Region,Add-on Pack,1,62.38,web,C02116
6702,2026-08-15,North Region,Add-on Pack,1,65.72,mobile,C00285
6703,2026-08-15,North Region,Pro Plan,1,72.15,partner,C02222
6704,2026-08-15,North Region,Standard Plan,1,84.31,partner,C00521
6705,2026-08-15,North Region,Pro Plan,1,75.54,mobile,C01991
6706,2026-08-15,North Region,Add-on Pack,2,77.91,web,C01706
6707,2026-08-15,North Region,Standard Plan,2,70.08,mobile,C02505
6708,2026-08-15,North Region,Pro Plan,1,83.75,mobile,C01241
6709,2026-08-15,North Region,Standard Plan,1,61.6,mobile,C02843
6710,2026-08-15,North Region,Add-on Pack,2,65.26,web,C02967
6711,2026-08-15,North Region,Standard Plan,2,67.85,web,C01893
6712,2026-08-15,North Region,Standard Plan,1,69.37,web,C00302
6713,2026-08-15,North Region,Standard Plan,1,86.04,partner,C00625
6714,2026-08-15,North Region,Pro Plan,1,79.67,mobile,C00498
6715,2026-08-15,North Region,Add-on Pack,2,81.93,web,C01570
6716,2026-08-15,North Region,Standard Plan,2,61.87,web,C02054
6717,2026-08-15,North Region,Add-on Pack,1,83.87,web,C02377
6718,2026-08-15,North Region,Add-on Pack,1,64.61,mobile,C02695
6719,2026-08-15,North Region,Add-on Pack,1,77.5,partner,C01992
6720,2026-08-15,North Region,Pro Plan,1,76.44,mobile,C00260
6721,2026-08-15,North Region,Standard Plan,1,67.2,mobile,C00382
6722,2026-08-15,North Region,Standard Plan,1,81.75,web,C02304
6723,2026-08-15,North Region,Add-on Pack,1,64.02,mobile,C00352
6724,2026-08-15,North Region,Add-on Pack,1,80.35,mobile,C02606
6725,2026-08-15,North Region,Standard Plan,1,73.3,mobile,C01278
6726,2026-08-15,North Region,Pro Plan,1,62.25,mobile,C00006
6727,2026-08-15,North Region,Add-on Pack,1,81.46,mobile,C01857
6728,2026-08-15,North Region,Standard Plan,2,69.25,partner,C00872
6729,2026-08-15,North Region,Standard Plan,1,61.79,mobile,C01449
6730,2026-08-16,North Region,Pro Plan,1,69.76,web,C01875
6731,2026-08-16,North Region,Pro Plan,2,79.19,partner,C01101
6732,2026-08-16,North Region,Standard Plan,1,73.58,web,C00912
6733,2026-08-16,North Region,Standard Plan,2,84.53,mobile,C01058
6734,2026-08-16,North Region,Add-on Pack,2,78.26,web,C02476
6735,2026-08-16,North Region,Standard Plan,1,67.92,partner,C00937
6736,2026-08-16,North Region,Pro Plan,1,81.54,web,C00762
6737,2026-08-16,North Region,Add-on Pack,1,72.2,web,C00018
6738,2026-08-16,North Region,Pro Plan,1,61.66,mobile,C01847
6739,2026-08-16,North Region,Pro Plan,1,67.56,partner,C02646
6740,2026-08-16,North Region,Add-on Pack,2,62.44,mobile,C00989
6741,2026-08-16,North Region,Standard Plan,1,79.84,web,C00110
6742,2026-08-16,North Region,Add-on Pack,1,77.59,mobile,C01668
6743,2026-08-16,North Region,Standard Plan,1,65.71,mobile,C00154
6744,2026-08-16,North Region,Pro Plan,1,86.52,web,C01151
6745,2026-08-16,North Region,Pro Plan,2,69.1,mobile,C02456
6746,2026-08-16,North Region,Pro Plan,2,85.05,partner,C02606
6747,2026-08-16,North Region,Add-on Pack,1,83.4,partner,C01034
6748,2026-08-16,North Region,Add-on Pack,1,63.09,partner,C01010
6749,2026-08-16,North Region,Pro Plan,1,83.18,web,C01868
6750,2026-08-16,North Region,Pro Plan,1,61.31,mobile,C01992
6751,2026-08-16,North Region,Standard Plan,1,78.98,partner,C01270
6752,2026-08-16,North Region,Add-on Pack,1,66.57,web,C01820
6753,2026-08-16,North Region,Add-on Pack,1,64.01,mobile,C00437
6754,2026-08-16,North Region,Add-on Pack,2,80.33,web,C00150
6755,2026-08-16,North Region,Pro Plan,1,77.96,web,C01098
6756,2026-08-16,North Region,Pro Plan,1,69.19,mobile,C02425
6757,2026-08-16,North Region,Pro Plan,1,73.38,web,C00956
6758,2026-08-16,North Region,Add-on Pack,1,79.21,partner,C02313
6759,2026-08-16,North Region,Add-on Pack,1,72.27,mobile,C00663
6760,2026-08-16,North Region,Standard Plan,1,76.64,mobile,C02785
6761,2026-08-16,North Region,Standard Plan,1,83.46,mobile,C00999
6762,2026-08-16,North Region,Standard Plan,1,85.04,mobile,C02529
6763,2026-08-16,North Region,Add-on Pack,1,82.88,mobile,C02567
6764,2026-08-16,North Region,Pro Plan,1,87.85,partner,C01581
6765,2026-08-16,North Region,Add-on Pack,2,64.24,partner,C01870
6766,2026-08-16,North Region,Standard Plan,2,64.02,web,C02327
6767,2026-08-16,North Region,Pro Plan,1,81.96,mobile,C02075
6768,2026-08-16,North Region,Pro Plan,1,80.72,web,C02295
6769,2026-08-16,North Region,Pro Plan,2,84.21,mobile,C02709
6770,2026-08-16,North Region,Standard Plan,1,83.93,mobile,C02699
6771,2026-08-16,North Region,Pro Plan,1,76.25,mobile,C02873
6772,2026-08-16,North Region,Standard Plan,1,88.16,mobile,C02362
6773,2026-08-17,North Region,Standard Plan,2,85.53,partner,C01600
6774,2026-08-17,North Region,Pro Plan,2,86.69,web,C01497
6775,2026-08-17,North Region,Pro Plan,1,76.41,mobile,C00938
6776,2026-08-17,North Region,Pro Plan,1,73.78,web,C02938
6777,2026-08-17,North Region,Standard Plan,1,71.77,web,C01611
6778,2026-08-17,North Region,Add-on Pack,1,83.27,mobile,C01078
6779,2026-08-17,North Region,Pro Plan,1,69.42,partner,C02192
6780,2026-08-17,North Region,Add-on Pack,1,77.41,web,C01213
6781,2026-08-17,North Region,Add-on Pack,1,87.78,mobile,C01991
6782,2026-08-17,North Region,Standard Plan,1,84.24,partner,C02939
6783,2026-08-17,North Region,Standard Plan,1,68.01,mobile,C02850
6784,2026-08-17,North Region,Standard Plan,2,80.9,mobile,C02389
6785,2026-08-17,North Region,Standard Plan,1,71.05,partner,C02657
6786,2026-08-17,North Region,Standard Plan,1,70.16,mobile,C00220
6787,2026-08-17,North Region,Standard Plan,1,62.5,web,C02733
6788,2026-08-17,North Region,Add-on Pack,1,62.71,mobile,C00303
6789,2026-08-17,North Region,Pro Plan,2,63.12,web,C02302
6790,2026-08-17,North Region,Pro Plan,1,82.63,web,C00360
6791,2026-08-17,North Region,Standard Plan,1,61.23,partner,C00792
6792,2026-08-17,North Region,Add-on Pack,2,84.42,partner,C02558
6793,2026-08-17,North Region,Standard Plan,2,81.99,mobile,C00524
6794,2026-08-17,North Region,Standard Plan,1,79.53,web,C00252
6795,2026-08-17,North Region,Pro Plan,1,79.3,mobile,C02770
6796,2026-08-17,North Region,Pro Plan,1,87.0,partner,C01691
6797,2026-08-17,North Region,Pro Plan,2,87.57,web,C02482
6798,2026-08-17,North Region,Standard Plan,1,64.64,partner,C02241
6799,2026-08-17,North Region,Standard Plan,1,85.1,mobile,C00874
6800,2026-08-17,North Region,Standard Plan,2,75.51,mobile,C00498
6801,2026-08-17,North Region,Pro Plan,1,71.66,web,C00638
6802,2026-08-17,North Region,Standard Plan,1,72.45,partner,C02572
6803,2026-08-17,North Region,Pro Plan,2,77.73,partner,C00776
6804,2026-08-17,North Region,Pro Plan,1,86.04,mobile,C01895
6805,2026-08-17,North Region,Pro Plan,1,68.65,web,C00923
6806,2026-08-17,North Region,Add-on Pack,1,79.33,partner,C00736
6807,2026-08-17,North Region,Pro Plan,1,65.01,partner,C01648
6808,2026-08-17,North Region,Pro Plan,1,85.99,mobile,C02468
6809,2026-08-17,North Region,Standard Plan,1,73.74,partner,C02559
6810,2026-08-17,North Region,Add-on Pack,1,69.93,web,C01283
6811,2026-08-17,North Region,Standard Plan,2,85.87,mobile,C01058
6812,2026-08-17,North Region,Pro Plan,1,79.8,web,C02580
6813,2026-08-17,North Region,Pro Plan,2,82.06,partner,C00463
6814,2026-08-18,North Region,Standard Plan,1,69.61,web,C00190
6815,2026-08-18,North Region,Pro Plan,1,68.2,mobile,C02302
6816,2026-08-18,North Region,Pro Plan,1,74.23,mobile,C02878
6817,2026-08-18,North Region,Pro Plan,1,77.35,partner,C01592
6818,2026-08-18,North Region,Add-on Pack,2,85.37,partner,C01962
6819,2026-08-18,North Region,Add-on Pack,1,62.62,partner,C00402
6820,2026-08-18,North Region,Add-on Pack,1,65.33,mobile,C00965
6821,2026-08-18,North Region,Pro Plan,2,65.78,web,C02968
6822,2026-08-18,North Region,Pro Plan,1,71.95,web,C00598
6823,2026-08-18,North Region,Standard Plan,1,70.01,web,C02193
6824,2026-08-18,North Region,Standard Plan,1,65.97,mobile,C02695
6825,2026-08-18,North Region,Add-on Pack,2,77.23,mobile,C00932
6826,2026-08-18,North Region,Add-on Pack,1,73.59,partner,C01471
6827,2026-08-18,North Region,Pro Plan,1,84.39,mobile,C00277
6828,2026-08-18,North Region,Add-on Pack,1,87.36,mobile,C02949
6829,2026-08-18,North Region,Pro Plan,1,68.53,web,C00264
6830,2026-08-18,North Region,Pro Plan,2,79.57,mobile,C00049
6831,2026-08-18,North Region,Standard Plan,2,80.53,web,C01455
6832,2026-08-18,North Region,Pro Plan,2,87.25,mobile,C00427
6833,2026-08-18,North Region,Standard Plan,1,65.56,partner,C00657
6834,2026-08-18,North Region,Standard Plan,1,66.86,partner,C00176
6835,2026-08-18,North Region,Pro Plan,1,72.02,web,C02082
6836,2026-08-18,North Region,Add-on Pack,1,65.18,partner,C01036
6837,2026-08-18,North Region,Add-on Pack,2,76.39,web,C00702
6838,2026-08-18,North Region,Standard Plan,2,62.27,partner,C02934
6839,2026-08-18,North Region,Add-on Pack,1,75.47,web,C02608
6840,2026-08-18,North Region,Pro Plan,2,67.44,mobile,C01191
6841,2026-08-18,North Region,Add-on Pack,1,70.69,web,C01934
6842,2026-08-18,North Region,Standard Plan,2,61.38,web,C02255
6843,2026-08-18,North Region,Pro Plan,2,64.95,mobile,C02759
6844,2026-08-18,North Region,Standard Plan,1,73.08,mobile,C02512
6845,2026-08-18,North Region,Add-on Pack,1,72.89,partner,C01621
6846,2026-08-19,North Region,Standard Plan,1,65.47,mobile,C01360
6847,2026-08-19,North Region,Standard Plan,1,79.82,web,C01489
6848,2026-08-19,North Region,Standard Plan,1,62.08,partner,C01244
6849,2026-08-19,North Region,Add-on Pack,1,75.83,partner,C00528
6850,2026-08-19,North Region,Standard Plan,1,72.88,web,C02827
6851,2026-08-19,North Region,Standard Plan,2,61.55,web,C01851
6852,2026-08-19,North Region,Standard Plan,1,64.71,web,C00629
6853,2026-08-19,North Region,Add-on Pack,1,78.99,web,C02890
6854,2026-08-19,North Region,Standard Plan,1,79.41,partner,C01125
6855,2026-08-19,North Region,Standard Plan,1,88.28,web,C02353
6856,2026-08-19,North Region,Standard Plan,1,87.87,partner,C00124
6857,2026-08-19,North Region,Add-on Pack,2,64.24,partner,C01624
6858,2026-08-19,North Region,Standard Plan,2,64.57,partner,C01580
6859,2026-08-19,North Region,Add-on Pack,1,74.02,web,C01019
6860,2026-08-19,North Region,Standard Plan,1,84.54,mobile,C01141
6861,2026-08-19,North Region,Pro Plan,1,62.95,mobile,C00408
6862,2026-08-19,North Region,Pro Plan,2,71.83,web,C00126
6863,2026-08-19,North Region,Add-on Pack,1,76.07,partner,C01357
6864,2026-08-19,North Region,Add-on Pack,1,61.95,partner,C02687
6865,2026-08-19,North Region,Standard Plan,1,74.52,web,C02377
6866,2026-08-19,North Region,Pro Plan,1,83.78,partner,C00015
6867,2026-08-19,North Region,Add-on Pack,1,64.72,web,C01470
6868,2026-08-19,North Region,Standard Plan,1,69.85,partner,C02498
6869,2026-08-19,North Region,Pro Plan,2,77.94,web,C02994
6870,2026-08-19,North Region,Add-on Pack,1,82.22,mobile,C00666
6871,2026-08-19,North Region,Add-on Pack,1,70.21,partner,C01002
6872,2026-08-19,North Region,Add-on Pack,1,65.62,mobile,C02062
6873,2026-08-19,North Region,Add-on Pack,2,66.45,partner,C01823
6874,2026-08-19,North Region,Add-on Pack,1,69.47,mobile,C00235
6875,2026-08-19,North Region,Add-on Pack,1,84.34,mobile,C01658
6876,2026-08-19,North Region,Standard Plan,1,86.73,partner,C01492
6877,2026-08-19,North Region,Standard Plan,1,82.19,web,C01351
6878,2026-08-19,North Region,Standard Plan,1,83.42,partner,C02810
6879,2026-08-19,North Region,Pro Plan,2,83.91,mobile,C02885
6880,2026-08-20,North Region,Add-on Pack,2,75.84,web,C00906
6881,2026-08-20,North Region,Standard Plan,1,87.94,partner,C02407
6882,2026-08-20,North Region,Standard Plan,1,87.57,mobile,C01470
6883,2026-08-20,North Region,Add-on Pack,1,85.43,partner,C02429
6884,2026-08-20,North Region,Pro Plan,2,64.4,web,C01268
6885,2026-08-20,North Region,Standard Plan,1,66.04,mobile,C02878
6886,2026-08-20,North Region,Pro Plan,1,87.3,partner,C02994
6887,2026-08-20,North Region,Pro Plan,1,77.42,web,C01336
6888,2026-08-20,North Region,Add-on Pack,2,82.78,mobile,C01316
6889,2026-08-20,North Region,Pro Plan,1,74.69,web,C02788
6890,2026-08-20,North Region,Standard Plan,1,82.56,web,C02903
6891,2026-08-20,North Region,Pro Plan,2,81.83,mobile,C00585
6892,2026-08-20,North Region,Pro Plan,1,84.97,partner,C00427
6893,2026-08-20,North Region,Standard Plan,1,88.33,partner,C02335
6894,2026-08-20,North Region,Pro Plan,2,87.53,web,C00447
6895,2026-08-20,North Region,Pro Plan,1,79.13,web,C00477
6896,2026-08-20,North Region,Standard Plan,2,66.68,web,C00032
6897,2026-08-20,North Region,Add-on Pack,2,66.52,mobile,C02789
6898,2026-08-20,North Region,Add-on Pack,1,63.11,web,C02814
6899,2026-08-20,North Region,Pro Plan,1,68.84,partner,C00479
6900,2026-08-20,North Region,Add-on Pack,2,67.9,partner,C02435
6901,2026-08-20,North Region,Standard Plan,1,73.89,partner,C01614
6902,2026-08-20,North Region,Standard Plan,1,86.02,web,C02134
6903,2026-08-20,North Region,Add-on Pack,1,74.41,web,C02103
6904,2026-08-20,North Region,Pro Plan,2,81.16,partner,C02671
6905,2026-08-20,North Region,Standard Plan,1,76.05,web,C02357
6906,2026-08-20,North Region,Pro Plan,1,71.97,web,C02916
6907,2026-08-20,North Region,Add-on Pack,1,61.43,mobile,C00972
6908,2026-08-20,North Region,Pro Plan,1,77.18,mobile,C01281
6909,2026-08-20,North Region,Pro Plan,1,79.8,mobile,C01136
6910,2026-08-20,North Region,Standard Plan,1,84.32,mobile,C01651
6911,2026-08-20,North Region,Add-on Pack,1,85.83,partner,C01746
6912,2026-08-20,North Region,Standard Plan,1,71.69,mobile,C02680
6913,2026-08-20,North Region,Standard Plan,2,69.3,mobile,C02327
6914,2026-08-20,North Region,Standard Plan,1,79.95,partner,C01062
6915,2026-08-20,North Region,Standard Plan,1,70.47,partner,C02113
6916,2026-08-21,North Region,Add-on Pack,1,78.52,mobile,C02483
6917,2026-08-21,North Region,Add-on Pack,2,82.49,mobile,C02074
6918,2026-08-21,North Region,Pro Plan,1,73.45,partner,C02036
6919,2026-08-21,North Region,Pro Plan,1,72.53,mobile,C01954
6920,2026-08-21,North Region,Add-on Pack,1,69.62,mobile,C02774
6921,2026-08-21,North Region,Standard Plan,1,74.5,web,C01814
6922,2026-08-21,North Region,Add-on Pack,2,79.42,mobile,C01589
6923,2026-08-21,North Region,Standard Plan,1,85.14,mobile,C02694
6924,2026-08-21,North Region,Standard Plan,1,78.66,mobile,C02081
6925,2026-08-21,North Region,Add-on Pack,1,67.13,web,C00782
6926,2026-08-21,North Region,Standard Plan,1,80.66,mobile,C00056
6927,2026-08-21,North Region,Standard Plan,2,85.79,partner,C02408
6928,2026-08-21,North Region,Add-on Pack,1,70.45,partner,C00178
6929,2026-08-21,North Region,Add-on Pack,1,66.29,web,C02800
6930,2026-08-21,North Region,Pro Plan,1,69.77,mobile,C00975
6931,2026-08-21,North Region,Pro Plan,1,80.09,web,C01167
6932,2026-08-21,North Region,Add-on Pack,1,73.45,partner,C02827
6933,2026-08-21,North Region,Standard Plan,1,66.32,web,C01098
6934,2026-08-21,North Region,Pro Plan,1,74.45,mobile,C02509
6935,2026-08-21,North Region,Pro Plan,1,85.31,partner,C01463
6936,2026-08-21,North Region,Pro Plan,2,71.21,web,C00610
6937,2026-08-21,North Region,Standard Plan,1,62.31,mobile,C01031
6938,2026-08-21,North Region,Standard Plan,1,66.49,mobile,C01477
6939,2026-08-21,North Region,Add-on Pack,2,68.66,mobile,C00456
6940,2026-08-21,North Region,Standard Plan,1,64.13,partner,C02446
6941,2026-08-21,North Region,Standard Plan,1,87.22,mobile,C02773
6942,2026-08-21,North Region,Add-on Pack,1,81.76,mobile,C01331
6943,2026-08-21,North Region,Standard Plan,2,73.1,web,C00631
6944,2026-08-21,North Region,Standard Plan,1,84.85,partner,C02909
6945,2026-08-21,North Region,Add-on Pack,2,61.92,mobile,C01161
6946,2026-08-21,North Region,Pro Plan,1,76.36,web,C02750
6947,2026-08-21,North Region,Standard Plan,1,86.68,mobile,C01327
6948,2026-08-21,North Region,Pro Plan,1,76.99,web,C01671
6949,2026-08-21,North Region,Standard Plan,2,80.39,web,C02047
6950,2026-08-22,North Region,Pro Plan,1,82.09,web,C00951
6951,2026-08-22,North Region,Add-on Pack,2,64.92,web,C02362
6952,2026-08-22,North Region,Add-on Pack,1,77.54,partner,C01684
6953,2026-08-22,North Region,Standard Plan,1,62.0,partner,C01001
6954,2026-08-22,North Region,Pro Plan,1,76.58,mobile,C02306
6955,2026-08-22,North Region,Standard Plan,1,66.2,web,C00255
6956,2026-08-22,North Region,Add-on Pack,1,73.28,partner,C00096
6957,2026-08-22,North Region,Pro Plan,1,64.03,mobile,C02636
6958,2026-08-22,North Region,Pro Plan,1,61.85,mobile,C02778
6959,2026-08-22,North Region,Standard Plan,1,65.9,web,C02393
6960,2026-08-22,North Region,Standard Plan,1,68.08,mobile,C01788
6961,2026-08-22,North Region,Add-on Pack,1,74.14,web,C01567
6962,2026-08-22,North Region,Standard Plan,1,81.0,partner,C00974
6963,2026-08-22,North Region,Add-on Pack,1,83.45,partner,C02443
6964,2026-08-22,North Region,Standard Plan,2,76.92,partner,C02497
6965,2026-08-22,North Region,Standard Plan,1,64.26,web,C00102
6966,2026-08-22,North Region,Pro Plan,1,63.51,mobile,C00173
6967,2026-08-22,North Region,Standard Plan,1,85.62,web,C02093
6968,2026-08-22,North Region,Standard Plan,2,78.94,partner,C01146
6969,2026-08-22,North Region,Standard Plan,1,73.55,mobile,C01172
6970,2026-08-22,North Region,Add-on Pack,2,76.42,partner,C02218
6971,2026-08-22,North Region,Add-on Pack,1,85.38,partner,C00596
6972,2026-08-22,North Region,Standard Plan,1,72.09,web,C02839
6973,2026-08-22,North Region,Add-on Pack,1,75.3,web,C00686
6974,2026-08-22,North Region,Pro Plan,1,87.75,mobile,C01060
6975,2026-08-22,North Region,Pro Plan,1,80.34,partner,C02375
6976,2026-08-22,North Region,Pro Plan,1,64.94,mobile,C01673
6977,2026-08-22,North Region,Standard Plan,2,84.17,partner,C00080
6978,2026-08-22,North Region,Add-on Pack,1,72.8,mobile,C00638
6979,2026-08-22,North Region,Add-on Pack,1,78.27,web,C01482
6980,2026-08-22,North Region,Pro Plan,2,67.12,partner,C01027
6981,2026-08-22,North Region,Pro Plan,1,74.66,web,C01809
6982,2026-08-22,North Region,Standard Plan,1,83.24,mobile,C01303
6983,2026-08-22,North Region,Pro Plan,1,73.93,mobile,C00354
6984,2026-08-22,North Region,Standard Plan,2,85.81,web,C02236
6985,2026-08-23,North Region,Standard Plan,1,72.05,partner,C00559
6986,2026-08-23,North Region,Add-on Pack,1,82.87,mobile,C02815
6987,2026-08-23,North Region,Add-on Pack,2,63.14,mobile,C00490
6988,2026-08-23,North Region,Pro Plan,1,61.93,web,C02019
6989,2026-08-23,North Region,Standard Plan,2,78.76,web,C01371
6990,2026-08-23,North Region,Pro Plan,2,81.02,partner,C02111
6991,2026-08-23,North Region,Standard Plan,1,82.82,partner,C02627
6992,2026-08-23,North Region,Pro Plan,2,71.48,partner,C01507
6993,2026-08-23,North Region,Add-on Pack,2,62.94,partner,C02146
6994,2026-08-23,North Region,Standard Plan,1,85.61,mobile,C00547
6995,2026-08-23,North Region,Add-on Pack,1,79.82,mobile,C02754
6996,2026-08-23,North Region,Add-on Pack,2,68.55,web,C00348
6997,2026-08-23,North Region,Add-on Pack,1,77.63,partner,C00081
6998,2026-08-23,North Region,Add-on Pack,1,73.17,mobile,C00005
6999,2026-08-23,North Region,Add-on Pack,2,75.19,mobile,C00421
7000,2026-08-23,North Region,Pro Plan,2,65.84,mobile,C02658
7001,2026-08-23,North Region,Standard Plan,1,80.91,mobile,C01169
7002,2026-08-23,North Region,Standard Plan,1,68.95,mobile,C02245
7003,2026-08-23,North Region,Add-on Pack,2,71.35,partner,C01554
7004,2026-08-23,North Region,Pro Plan,1,80.22,mobile,C00341
7005,2026-08-23,North Region,Add-on Pack,1,62.66,web,C00144
7006,2026-08-23,North Region,Add-on Pack,1,86.36,partner,C01921
7007,2026-08-23,North Region,Standard Plan,2,83.37,partner,C01484
7008,2026-08-23,North Region,Standard Plan,1,80.96,mobile,C00197
7009,2026-08-23,North Region,Standard Plan,1,70.67,partner,C01940
7010,2026-08-23,North Region,Standard Plan,1,79.86,partner,C02797
7011,2026-08-23,North Region,Add-on Pack,1,65.98,web,C02764
7012,2026-08-23,North Region,Standard Plan,2,78.07,mobile,C02558
7013,2026-08-23,North Region,Add-on Pack,2,74.08,partner,C02838
7014,2026-08-23,North Region,Add-on Pack,1,79.25,partner,C00943
7015,2026-08-23,North Region,Add-on Pack,2,72.69,partner,C01267
7016,2026-08-23,North Region,Pro Plan,1,83.81,mobile,C00620
7017,2026-08-23,North Region,Pro Plan,1,79.24,partner,C02657
7018,2026-08-23,North Region,Standard Plan,1,62.73,mobile,C01165
7019,2026-08-24,North Region,Pro Plan,1,82.38,mobile,C01195
7020,2026-08-24,North Region,Standard Plan,1,86.8,web,C00769
7021,2026-08-24,North Region,Standard Plan,1,73.67,mobile,C01736
7022,2026-08-24,North Region,Pro Plan,2,81.37,mobile,C02186
7023,2026-08-24,North Region,Standard Plan,2,81.42,web,C02172
7024,2026-08-24,North Region,Pro Plan,1,70.54,mobile,C01234
7025,2026-08-24,North Region,Add-on Pack,1,79.08,partner,C01222
7026,2026-08-24,North Region,Add-on Pack,1,80.88,mobile,C01118
7027,2026-08-24,North Region,Add-on Pack,1,77.85,web,C01383
7028,2026-08-24,North Region,Add-on Pack,1,72.1,partner,C00185
7029,2026-08-24,North Region,Add-on Pack,1,70.87,mobile,C01355
7030,2026-08-24,North Region,Standard Plan,2,76.57,web,C00749
7031,2026-08-24,North Region,Pro Plan,1,71.37,mobile,C00596
7032,2026-08-24,North Region,Pro Plan,1,81.24,web,C00478
7033,2026-08-24,North Region,Standard Plan,1,80.01,partner,C02123
7034,2026-08-24,North Region,Pro Plan,1,82.98,partner,C01026
7035,2026-08-24,North Region,Pro Plan,1,79.63,partner,C00911
7036,2026-08-24,North Region,Standard Plan,1,63.28,partner,C01688
7037,2026-08-24,North Region,Standard Plan,1,74.8,web,C02700
7038,2026-08-24,North Region,Pro Plan,1,80.87,partner,C01127
7039,2026-08-24,North Region,Add-on Pack,1,86.69,web,C00640
7040,2026-08-24,North Region,Standard Plan,2,79.06,mobile,C00635
7041,2026-08-24,North Region,Pro Plan,2,77.96,partner,C00550
7042,2026-08-24,North Region,Standard Plan,1,70.31,mobile,C02240
7043,2026-08-24,North Region,Standard Plan,2,83.58,partner,C00418
7044,2026-08-24,North Region,Add-on Pack,1,77.79,mobile,C01928
7045,2026-08-24,North Region,Add-on Pack,1,68.15,mobile,C01250
7046,2026-08-24,North Region,Pro Plan,1,61.33,partner,C01016
7047,2026-08-24,North Region,Pro Plan,2,87.27,partner,C02244
7048,2026-08-24,North Region,Pro Plan,1,79.76,web,C01075
7049,2026-08-24,North Region,Pro Plan,1,63.34,mobile,C01377
7050,2026-08-24,North Region,Add-on Pack,1,62.49,mobile,C00591
7051,2026-08-15,East Region,New Product X,1,47.99,web,C01736
7052,2026-08-15,East Region,New Product X,1,44.51,mobile,C02539
7053,2026-08-15,East Region,New Product X,1,48.78,partner,C02659
7054,2026-08-15,East Region,New Product X,1,46.07,partner,C02220
7055,2026-08-15,East Region,New Product X,1,45.22,mobile,C01355
7056,2026-08-15,East Region,New Product X,1,43.14,mobile,C02101
7057,2026-08-15,East Region,New Product X,1,42.82,mobile,C01208
7058,2026-08-16,East Region,New Product X,1,42.62,web,C00474
7059,2026-08-16,East Region,New Product X,1,48.76,web,C02958
7060,2026-08-16,East Region,New Product X,1,48.92,partner,C00873
7061,2026-08-16,East Region,New Product X,1,44.24,web,C02832
7062,2026-08-16,East Region,New Product X,1,43.45,partner,C01782
7063,2026-08-17,East Region,New Product X,1,46.76,mobile,C02718
7064,2026-08-17,East Region,New Product X,1,49.42,partner,C02382
7065,2026-08-17,East Region,New Product X,1,42.38,mobile,C01021
7066,2026-08-17,East Region,New Product X,1,45.14,web,C00455
7067,2026-08-17,East Region,New Product X,1,41.88,mobile,C02163
7068,2026-08-18,East Region,New Product X,1,47.59,mobile,C02475
7069,2026-08-18,East Region,New Product X,1,42.68,partner,C02741
7070,2026-08-18,East Region,New Product X,1,43.65,web,C00287
7071,2026-08-18,East Region,New Product X,1,49.33,mobile,C02271
7072,2026-08-18,East Region,New Product X,1,47.73,web,C02889
7073,2026-08-18,East Region,New Product X,1,41.69,web,C00255
7074,2026-08-19,East Region,New Product X,1,40.75,mobile,C01374
7075,2026-08-19,East Region,New Product X,1,46.02,partner,C00124
7076,2026-08-19,East Region,New Product X,1,48.3,web,C00419
7077,2026-08-19,East Region,New Product X,1,43.91,web,C02895
7078,2026-08-19,East Region,New Product X,1,41.67,partner,C01227
7079,2026-08-19,East Region,New Product X,1,42.67,web,C00874
7080,2026-08-20,East Region,New Product X,1,49.14,web,C02665
7081,2026-08-20,East Region,New Product X,1,46.94,mobile,C00277
7082,2026-08-20,East Region,New Product X,1,45.33,partner,C02658
7083,2026-08-20,East Region,New Product X,1,41.96,mobile,C01871
7084,2026-08-20,East Region,New Product X,1,48.35,mobile,C01714
7085,2026-08-20,East Region,New Product X,1,42.19,web,C00431
7086,2026-08-21,East Region,New Product X,1,46.13,web,C02227
7087,2026-08-21,East Region,New Product X,1,46.79,mobile,C02231
7088,2026-08-21,East Region,New Product X,1,48.13,partner,C02000
7089,2026-08-21,East Region,New Product X,1,45.36,web,C01619
7090,2026-08-21,East Region,New Product X,1,44.25,mobile,C02855
7091,2026-08-22,East Region,New Product X,1,43.62,partner,C01358
7092,2026-08-22,East Region,New Product X,1,45.12,mobile,C00949
7093,2026-08-22,East Region,New Product X,1,43.68,mobile,C02903
7094,2026-08-22,East Region,New Product X,1,48.0,web,C02142
7095,2026-08-22,East Region,New Product X,1,48.87,web,C02575
7096,2026-08-22,East Region,New Product X,1,48.19,partner,C02140
7097,2026-08-23,East Region,New Product X,1,43.55,web,C00702
7098,2026-08-23,East Region,New Product X,1,48.73,partner,C02888
7099,2026-08-23,East Region,New Product X,1,45.36,mobile,C02393
7100,2026-08-23,East Region,New Product X,1,40.87,mobile,C02513
7101,2026-08-23,East Region,New Product X,1,42.95,partner,C02928
7102,2026-08-24,East Region,New Product X,1,45.23,mobile,C00720
7103,2026-08-24,East Region,New Product X,1,45.33,web,C02838
7104,2026-08-24,East Region,New Product X,1,48.07,mobile,C01840
7105,2026-08-24,East Region,New Product X,1,48.45,mobile,C00632
7106,2026-08-24,East Region,New Product X,1,40.9,web,C02744
7107,2026-08-24,East Region,New Product X,1,42.48,partner,C00687
7108,2026-08-24,East Region,New Product X,1,47.83,partner,C02276
